监控模式：每 300 秒刷新（auto-fetch + auto-advance 开），Ctrl+C 退出。
auto-fetch Mg2C60: step1b_PBE_opt,step1c_PBE_opt → /home/wangchao/Fullerene_Network/Mg2C60/result
auto-fetch qHPC20: step1b_PBE_opt,step1c_PBE_opt → /home/wangchao/Fullerene_Network/C20/qHPC20/result
auto-fetch qHPC24: step1b_PBE_opt,step1c_PBE_opt → /home/wangchao/Fullerene_Network/C24/qHPC24/result
auto-fetch qHPC36-D6h: step1a_PBE_opt,step1b_PBE_opt,step1c_PBE_opt → /home/wangchao/Fullerene_Network/C36/qHPC36-D6h/result
auto-fetch qHPC60: step1b_PBE_opt,step1c_PBE_opt → /home/wangchao/Fullerene_Network/C60/qHPC60/result
auto-fetch qTP1C60: step1a_PBE_opt,step1b_PBE_opt,step1c_PBE_opt → /home/wangchao/Fullerene_Network/C60/qTP1C60/result
auto-fetch qTP2C36-D2d: step1a_PBE_opt,step1b_PBE_opt,step1c_PBE_opt → /home/wangchao/Fullerene_Network/C36/qTP2C36-D2d/result
auto-fetch qTP2C60: step1a_PBE_opt,step1b_PBE_opt,step1c_PBE_opt → /home/wangchao/Fullerene_Network/C60/qTP2C60/result
auto-fetch qTPC20-b: step1a_PBE_opt,step1b_PBE_opt,step1c_PBE_opt → /home/wangchao/Fullerene_Network/C20/qTPC20-b/result
auto-fetch qTPC20-r: step1a_PBE_opt,step1b_PBE_opt,step1c_PBE_opt → /home/wangchao/Fullerene_Network/C20/qTPC20-r/result
auto-fetch qTPC24: step1a_PBE_opt,step1b_PBE_opt,step1c_PBE_opt → /home/wangchao/Fullerene_Network/C24/qTPC24/result
+-------------+------+------+-----+-----------------------+-----------+-------------------+-------------+-------------------------+-------------+
| Material    | tt   | hpc  | dim | S1_relax              | S2_static | S3_WAVECAR        | S3.1_plot   | S4_HSE                  | S4.1_plot   |
+=============+======+======+=====+=======================+===========+===================+=============+=========================+=============+
| Mg2C60      | band | jzzn | 3D  | done                  | done      | done              | completed   | running                 | not started |
|             |      |      |     | -                     | -         | -                 | -           | cu13 3573008 1-15:21:43 | -           |
| qHPC20      | band | jzzn | 2D  | done                  | done      | done              | completed   | done                    | completed   |
|             |      |      |     | -                     | -         | -                 | -           | -                       | -           |
| qHPC24      | band | jzzn | 2D  | done                  | done      | done              | completed   | done                    | completed   |
|             |      |      |     | -                     | -         | -                 | -           | -                       | -           |
| qHPC36-D6h  | band | jzzn | 2D  | done                  | done      | done              | completed   | done                    | completed   |
|             |      |      |     | -                     | -         | -                 | -           | -                       | -           |
| qHPC60      | band | jzzn | 2D  | done                  | done      | running           | not started | waiting                 | not started |
|             |      |      |     | -                     | -         | cu02 3576091 5:35 | -           | -                       | -           |
| qTP1C60     | band | jzzn | 2D  | done                  | done      | done              | completed   | running                 | not started |
|             |      |      |     | -                     | -         | -                 | -           | cu29 3576092 5:30       | -           |
| qTP2C36-D2d | band | jzzn | 2D  | done                  | done      | done              | completed   | done                    | completed   |
|             |      |      |     | -                     | -         | -                 | -           | -                       | -           |
| qTP2C60     | band | jzzn | 2D  | done                  | done      | done              | completed   | done                    | completed   |
|             |      |      |     | -                     | -         | -                 | -           | -                       | -           |
| qTPC20-b    | band | jzzn | 2D  | done                  | done      | done              | completed   | done                    | completed   |
|             |      |      |     | -                     | -         | -                 | -           | -                       | -           |
| qTPC20-r    | band | jzzn | 2D  | done                  | done      | done              | completed   | done                    | completed   |
|             |      |      |     | -                     | -         | -                 | -           | -                       | -           |
| qTPC24      | band | jzzn | 2D  | done                  | done      | done              | completed   | done                    | completed   |
|             |      |      |     | -                     | -         | -                 | -           | -                       | -           |
| qTPC24-Mg1  | band | jzzn | 2D  | running               | waiting   | waiting           | not started | waiting                 | not started |
|             |      |      |     | cu25 3575095 15:04:41 | -         | -                 | -           | -                       | -           |
+-------------+------+------+-----+-----------------------+-----------+-------------------+-------------+-------------------------+-------------+
Total: 12 | Done: 8 | Waiting: 4 | Actionable: 0
auto-fetch Mg2C60: step1b_PBE_opt,step1c_PBE_opt → /home/wangchao/Fullerene_Network/Mg2C60/result
auto-fetch qHPC20: step1b_PBE_opt,step1c_PBE_opt → /home/wangchao/Fullerene_Network/C20/qHPC20/result
auto-fetch qHPC24: step1b_PBE_opt,step1c_PBE_opt → /home/wangchao/Fullerene_Network/C24/qHPC24/result
auto-fetch qHPC36-D6h: step1a_PBE_opt,step1b_PBE_opt,step1c_PBE_opt → /home/wangchao/Fullerene_Network/C36/qHPC36-D6h/result
auto-fetch qHPC60: step1b_PBE_opt,step1c_PBE_opt → /home/wangchao/Fullerene_Network/C60/qHPC60/result
auto-fetch qTP1C60: step1a_PBE_opt,step1b_PBE_opt,step1c_PBE_opt → /home/wangchao/Fullerene_Network/C60/qTP1C60/result
auto-fetch qTP2C36-D2d: step1a_PBE_opt,step1b_PBE_opt,step1c_PBE_opt → /home/wangchao/Fullerene_Network/C36/qTP2C36-D2d/result
auto-fetch qTP2C60: step1a_PBE_opt,step1b_PBE_opt,step1c_PBE_opt → /home/wangchao/Fullerene_Network/C60/qTP2C60/result
auto-fetch qTPC20-b: step1a_PBE_opt,step1b_PBE_opt,step1c_PBE_opt → /home/wangchao/Fullerene_Network/C20/qTPC20-b/result
auto-fetch qTPC20-r: step1a_PBE_opt,step1b_PBE_opt,step1c_PBE_opt → /home/wangchao/Fullerene_Network/C20/qTPC20-r/result
auto-fetch qTPC24: step1a_PBE_opt,step1b_PBE_opt,step1c_PBE_opt → /home/wangchao/Fullerene_Network/C24/qTPC24/result
[18:45:30] 无变化
auto-fetch Mg2C60: step1b_PBE_opt,step1c_PBE_opt → /home/wangchao/Fullerene_Network/Mg2C60/result
auto-fetch qHPC20: step1b_PBE_opt,step1c_PBE_opt → /home/wangchao/Fullerene_Network/C20/qHPC20/result
auto-fetch qHPC24: step1b_PBE_opt,step1c_PBE_opt → /home/wangchao/Fullerene_Network/C24/qHPC24/result
auto-fetch qHPC36-D6h: step1a_PBE_opt,step1b_PBE_opt,step1c_PBE_opt → /home/wangchao/Fullerene_Network/C36/qHPC36-D6h/result
auto-fetch qHPC60: step1b_PBE_opt,step1c_PBE_opt → /home/wangchao/Fullerene_Network/C60/qHPC60/result
auto-fetch qTP1C60: step1a_PBE_opt,step1b_PBE_opt,step1c_PBE_opt → /home/wangchao/Fullerene_Network/C60/qTP1C60/result
auto-fetch qTP2C36-D2d: step1a_PBE_opt,step1b_PBE_opt,step1c_PBE_opt → /home/wangchao/Fullerene_Network/C36/qTP2C36-D2d/result
auto-fetch qTP2C60: step1a_PBE_opt,step1b_PBE_opt,step1c_PBE_opt → /home/wangchao/Fullerene_Network/C60/qTP2C60/result
auto-fetch qTPC20-b: step1a_PBE_opt,step1b_PBE_opt,step1c_PBE_opt → /home/wangchao/Fullerene_Network/C20/qTPC20-b/result
auto-fetch qTPC20-r: step1a_PBE_opt,step1b_PBE_opt,step1c_PBE_opt → /home/wangchao/Fullerene_Network/C20/qTPC20-r/result
auto-fetch qTPC24: step1a_PBE_opt,step1b_PBE_opt,step1c_PBE_opt → /home/wangchao/Fullerene_Network/C24/qTPC24/result
[18:50:42] 无变化
auto-fetch Mg2C60: step1b_PBE_opt,step1c_PBE_opt → /home/wangchao/Fullerene_Network/Mg2C60/result
auto-fetch qHPC20: step1b_PBE_opt,step1c_PBE_opt → /home/wangchao/Fullerene_Network/C20/qHPC20/result
auto-fetch qHPC24: step1b_PBE_opt,step1c_PBE_opt → /home/wangchao/Fullerene_Network/C24/qHPC24/result
auto-fetch qHPC36-D6h: step1a_PBE_opt,step1b_PBE_opt,step1c_PBE_opt → /home/wangchao/Fullerene_Network/C36/qHPC36-D6h/result
auto-fetch qHPC60: step1b_PBE_opt,step1c_PBE_opt → /home/wangchao/Fullerene_Network/C60/qHPC60/result
auto-fetch qTP1C60: step1a_PBE_opt,step1b_PBE_opt,step1c_PBE_opt → /home/wangchao/Fullerene_Network/C60/qTP1C60/result
auto-fetch qTP2C36-D2d: step1a_PBE_opt,step1b_PBE_opt,step1c_PBE_opt → /home/wangchao/Fullerene_Network/C36/qTP2C36-D2d/result
auto-fetch qTP2C60: step1a_PBE_opt,step1b_PBE_opt,step1c_PBE_opt → /home/wangchao/Fullerene_Network/C60/qTP2C60/result
auto-fetch qTPC20-b: step1a_PBE_opt,step1b_PBE_opt,step1c_PBE_opt → /home/wangchao/Fullerene_Network/C20/qTPC20-b/result
auto-fetch qTPC20-r: step1a_PBE_opt,step1b_PBE_opt,step1c_PBE_opt → /home/wangchao/Fullerene_Network/C20/qTPC20-r/result
auto-fetch qTPC24: step1a_PBE_opt,step1b_PBE_opt,step1c_PBE_opt → /home/wangchao/Fullerene_Network/C24/qTPC24/result
[18:56:06] 无变化
auto-fetch Mg2C60: step1b_PBE_opt,step1c_PBE_opt → /home/wangchao/Fullerene_Network/Mg2C60/result
auto-fetch qHPC20: step1b_PBE_opt,step1c_PBE_opt → /home/wangchao/Fullerene_Network/C20/qHPC20/result
auto-fetch qHPC24: step1b_PBE_opt,step1c_PBE_opt → /home/wangchao/Fullerene_Network/C24/qHPC24/result
auto-fetch qHPC36-D6h: step1a_PBE_opt,step1b_PBE_opt,step1c_PBE_opt → /home/wangchao/Fullerene_Network/C36/qHPC36-D6h/result
auto-fetch qHPC60: step1b_PBE_opt,step1c_PBE_opt → /home/wangchao/Fullerene_Network/C60/qHPC60/result
auto-fetch qTP1C60: step1a_PBE_opt,step1b_PBE_opt,step1c_PBE_opt → /home/wangchao/Fullerene_Network/C60/qTP1C60/result
auto-fetch qTP2C36-D2d: step1a_PBE_opt,step1b_PBE_opt,step1c_PBE_opt → /home/wangchao/Fullerene_Network/C36/qTP2C36-D2d/result
auto-fetch qTP2C60: step1a_PBE_opt,step1b_PBE_opt,step1c_PBE_opt → /home/wangchao/Fullerene_Network/C60/qTP2C60/result
auto-fetch qTPC20-b: step1a_PBE_opt,step1b_PBE_opt,step1c_PBE_opt → /home/wangchao/Fullerene_Network/C20/qTPC20-b/result
auto-fetch qTPC20-r: step1a_PBE_opt,step1b_PBE_opt,step1c_PBE_opt → /home/wangchao/Fullerene_Network/C20/qTPC20-r/result
auto-fetch qTPC24: step1a_PBE_opt,step1b_PBE_opt,step1c_PBE_opt → /home/wangchao/Fullerene_Network/C24/qTPC24/result
[19:01:18] 无变化
auto-fetch Mg2C60: step1b_PBE_opt,step1c_PBE_opt → /home/wangchao/Fullerene_Network/Mg2C60/result
auto-fetch qHPC20: step1b_PBE_opt,step1c_PBE_opt → /home/wangchao/Fullerene_Network/C20/qHPC20/result
auto-fetch qHPC24: step1b_PBE_opt,step1c_PBE_opt → /home/wangchao/Fullerene_Network/C24/qHPC24/result
auto-fetch qHPC36-D6h: step1a_PBE_opt,step1b_PBE_opt,step1c_PBE_opt → /home/wangchao/Fullerene_Network/C36/qHPC36-D6h/result
auto-fetch qHPC60: step1b_PBE_opt,step1c_PBE_opt → /home/wangchao/Fullerene_Network/C60/qHPC60/result
auto-fetch qTP1C60: step1a_PBE_opt,step1b_PBE_opt,step1c_PBE_opt → /home/wangchao/Fullerene_Network/C60/qTP1C60/result
auto-fetch qTP2C36-D2d: step1a_PBE_opt,step1b_PBE_opt,step1c_PBE_opt → /home/wangchao/Fullerene_Network/C36/qTP2C36-D2d/result
auto-fetch qTP2C60: step1a_PBE_opt,step1b_PBE_opt,step1c_PBE_opt → /home/wangchao/Fullerene_Network/C60/qTP2C60/result
auto-fetch qTPC20-b: step1a_PBE_opt,step1b_PBE_opt,step1c_PBE_opt → /home/wangchao/Fullerene_Network/C20/qTPC20-b/result
auto-fetch qTPC20-r: step1a_PBE_opt,step1b_PBE_opt,step1c_PBE_opt → /home/wangchao/Fullerene_Network/C20/qTPC20-r/result
auto-fetch qTPC24: step1a_PBE_opt,step1b_PBE_opt,step1c_PBE_opt → /home/wangchao/Fullerene_Network/C24/qTPC24/result
[19:06:40] 无变化
auto-fetch Mg2C60: step1b_PBE_opt,step1c_PBE_opt → /home/wangchao/Fullerene_Network/Mg2C60/result
auto-fetch qHPC20: step1b_PBE_opt,step1c_PBE_opt → /home/wangchao/Fullerene_Network/C20/qHPC20/result
auto-fetch qHPC24: step1b_PBE_opt,step1c_PBE_opt → /home/wangchao/Fullerene_Network/C24/qHPC24/result
auto-fetch qHPC36-D6h: step1a_PBE_opt,step1b_PBE_opt,step1c_PBE_opt → /home/wangchao/Fullerene_Network/C36/qHPC36-D6h/result
auto-fetch qHPC60: step1b_PBE_opt,step1c_PBE_opt → /home/wangchao/Fullerene_Network/C60/qHPC60/result
auto-fetch qTP1C60: step1a_PBE_opt,step1b_PBE_opt,step1c_PBE_opt → /home/wangchao/Fullerene_Network/C60/qTP1C60/result
auto-fetch qTP2C36-D2d: step1a_PBE_opt,step1b_PBE_opt,step1c_PBE_opt → /home/wangchao/Fullerene_Network/C36/qTP2C36-D2d/result
auto-fetch qTP2C60: step1a_PBE_opt,step1b_PBE_opt,step1c_PBE_opt → /home/wangchao/Fullerene_Network/C60/qTP2C60/result
auto-fetch qTPC20-b: step1a_PBE_opt,step1b_PBE_opt,step1c_PBE_opt → /home/wangchao/Fullerene_Network/C20/qTPC20-b/result
auto-fetch qTPC20-r: step1a_PBE_opt,step1b_PBE_opt,step1c_PBE_opt → /home/wangchao/Fullerene_Network/C20/qTPC20-r/result
auto-fetch qTPC24: step1a_PBE_opt,step1b_PBE_opt,step1c_PBE_opt → /home/wangchao/Fullerene_Network/C24/qTPC24/result
[19:11:52] 无变化
auto-fetch Mg2C60: step1b_PBE_opt,step1c_PBE_opt → /home/wangchao/Fullerene_Network/Mg2C60/result
auto-fetch qHPC20: step1b_PBE_opt,step1c_PBE_opt → /home/wangchao/Fullerene_Network/C20/qHPC20/result
auto-fetch qHPC24: step1b_PBE_opt,step1c_PBE_opt → /home/wangchao/Fullerene_Network/C24/qHPC24/result
auto-fetch qHPC36-D6h: step1a_PBE_opt,step1b_PBE_opt,step1c_PBE_opt → /home/wangchao/Fullerene_Network/C36/qHPC36-D6h/result
auto-fetch qHPC60: step1b_PBE_opt,step1c_PBE_opt → /home/wangchao/Fullerene_Network/C60/qHPC60/result
auto-fetch qTP1C60: step1a_PBE_opt,step1b_PBE_opt,step1c_PBE_opt → /home/wangchao/Fullerene_Network/C60/qTP1C60/result
auto-fetch qTP2C36-D2d: step1a_PBE_opt,step1b_PBE_opt,step1c_PBE_opt → /home/wangchao/Fullerene_Network/C36/qTP2C36-D2d/result
auto-fetch qTP2C60: step1a_PBE_opt,step1b_PBE_opt,step1c_PBE_opt → /home/wangchao/Fullerene_Network/C60/qTP2C60/result
auto-fetch qTPC20-b: step1a_PBE_opt,step1b_PBE_opt,step1c_PBE_opt → /home/wangchao/Fullerene_Network/C20/qTPC20-b/result
auto-fetch qTPC20-r: step1a_PBE_opt,step1b_PBE_opt,step1c_PBE_opt → /home/wangchao/Fullerene_Network/C20/qTPC20-r/result
auto-fetch qTPC24: step1a_PBE_opt,step1b_PBE_opt,step1c_PBE_opt → /home/wangchao/Fullerene_Network/C24/qTPC24/result
[19:17:14] 无变化
auto-fetch Mg2C60: step1b_PBE_opt,step1c_PBE_opt → /home/wangchao/Fullerene_Network/Mg2C60/result
auto-fetch qHPC20: step1b_PBE_opt,step1c_PBE_opt → /home/wangchao/Fullerene_Network/C20/qHPC20/result
auto-fetch qHPC24: step1b_PBE_opt,step1c_PBE_opt → /home/wangchao/Fullerene_Network/C24/qHPC24/result
auto-fetch qHPC36-D6h: step1a_PBE_opt,step1b_PBE_opt,step1c_PBE_opt → /home/wangchao/Fullerene_Network/C36/qHPC36-D6h/result
auto-fetch qHPC60: step1b_PBE_opt,step1c_PBE_opt → /home/wangchao/Fullerene_Network/C60/qHPC60/result
auto-fetch qTP1C60: step1a_PBE_opt,step1b_PBE_opt,step1c_PBE_opt → /home/wangchao/Fullerene_Network/C60/qTP1C60/result
auto-fetch qTP2C36-D2d: step1a_PBE_opt,step1b_PBE_opt,step1c_PBE_opt → /home/wangchao/Fullerene_Network/C36/qTP2C36-D2d/result
auto-fetch qTP2C60: step1a_PBE_opt,step1b_PBE_opt,step1c_PBE_opt → /home/wangchao/Fullerene_Network/C60/qTP2C60/result
auto-fetch qTPC20-b: step1a_PBE_opt,step1b_PBE_opt,step1c_PBE_opt → /home/wangchao/Fullerene_Network/C20/qTPC20-b/result
auto-fetch qTPC20-r: step1a_PBE_opt,step1b_PBE_opt,step1c_PBE_opt → /home/wangchao/Fullerene_Network/C20/qTPC20-r/result
auto-fetch qTPC24: step1a_PBE_opt,step1b_PBE_opt,step1c_PBE_opt → /home/wangchao/Fullerene_Network/C24/qTPC24/result
[19:22:33] 无变化
auto-fetch Mg2C60: step1b_PBE_opt,step1c_PBE_opt → /home/wangchao/Fullerene_Network/Mg2C60/result
auto-fetch qHPC20: step1b_PBE_opt,step1c_PBE_opt → /home/wangchao/Fullerene_Network/C20/qHPC20/result
auto-fetch qHPC24: step1b_PBE_opt,step1c_PBE_opt → /home/wangchao/Fullerene_Network/C24/qHPC24/result
auto-fetch qHPC36-D6h: step1a_PBE_opt,step1b_PBE_opt,step1c_PBE_opt → /home/wangchao/Fullerene_Network/C36/qHPC36-D6h/result
auto-fetch qHPC60: step1b_PBE_opt,step1c_PBE_opt → /home/wangchao/Fullerene_Network/C60/qHPC60/result
auto-fetch qTP1C60: step1a_PBE_opt,step1b_PBE_opt,step1c_PBE_opt → /home/wangchao/Fullerene_Network/C60/qTP1C60/result
auto-fetch qTP2C36-D2d: step1a_PBE_opt,step1b_PBE_opt,step1c_PBE_opt → /home/wangchao/Fullerene_Network/C36/qTP2C36-D2d/result
auto-fetch qTP2C60: step1a_PBE_opt,step1b_PBE_opt,step1c_PBE_opt → /home/wangchao/Fullerene_Network/C60/qTP2C60/result
auto-fetch qTPC20-b: step1a_PBE_opt,step1b_PBE_opt,step1c_PBE_opt → /home/wangchao/Fullerene_Network/C20/qTPC20-b/result
auto-fetch qTPC20-r: step1a_PBE_opt,step1b_PBE_opt,step1c_PBE_opt → /home/wangchao/Fullerene_Network/C20/qTPC20-r/result
auto-fetch qTPC24: step1a_PBE_opt,step1b_PBE_opt,step1c_PBE_opt → /home/wangchao/Fullerene_Network/C24/qTPC24/result
[19:27:55] 无变化
auto-fetch Mg2C60: step1b_PBE_opt,step1c_PBE_opt → /home/wangchao/Fullerene_Network/Mg2C60/result
auto-fetch qHPC20: step1b_PBE_opt,step1c_PBE_opt → /home/wangchao/Fullerene_Network/C20/qHPC20/result
auto-fetch qHPC24: step1b_PBE_opt,step1c_PBE_opt → /home/wangchao/Fullerene_Network/C24/qHPC24/result
auto-fetch qHPC36-D6h: step1a_PBE_opt,step1b_PBE_opt,step1c_PBE_opt → /home/wangchao/Fullerene_Network/C36/qHPC36-D6h/result
auto-fetch qHPC60: step1b_PBE_opt,step1c_PBE_opt → /home/wangchao/Fullerene_Network/C60/qHPC60/result
auto-fetch qTP1C60: step1a_PBE_opt,step1b_PBE_opt,step1c_PBE_opt → /home/wangchao/Fullerene_Network/C60/qTP1C60/result
auto-fetch qTP2C36-D2d: step1a_PBE_opt,step1b_PBE_opt,step1c_PBE_opt → /home/wangchao/Fullerene_Network/C36/qTP2C36-D2d/result
auto-fetch qTP2C60: step1a_PBE_opt,step1b_PBE_opt,step1c_PBE_opt → /home/wangchao/Fullerene_Network/C60/qTP2C60/result
auto-fetch qTPC20-b: step1a_PBE_opt,step1b_PBE_opt,step1c_PBE_opt → /home/wangchao/Fullerene_Network/C20/qTPC20-b/result
auto-fetch qTPC20-r: step1a_PBE_opt,step1b_PBE_opt,step1c_PBE_opt → /home/wangchao/Fullerene_Network/C20/qTPC20-r/result
auto-fetch qTPC24: step1a_PBE_opt,step1b_PBE_opt,step1c_PBE_opt → /home/wangchao/Fullerene_Network/C24/qTPC24/result
[19:33:16] 无变化
auto-fetch Mg2C60: step1b_PBE_opt,step1c_PBE_opt → /home/wangchao/Fullerene_Network/Mg2C60/result
auto-fetch qHPC20: step1b_PBE_opt,step1c_PBE_opt → /home/wangchao/Fullerene_Network/C20/qHPC20/result
auto-fetch qHPC24: step1b_PBE_opt,step1c_PBE_opt → /home/wangchao/Fullerene_Network/C24/qHPC24/result
auto-fetch qHPC36-D6h: step1a_PBE_opt,step1b_PBE_opt,step1c_PBE_opt → /home/wangchao/Fullerene_Network/C36/qHPC36-D6h/result
auto-fetch qHPC60: step1b_PBE_opt,step1c_PBE_opt → /home/wangchao/Fullerene_Network/C60/qHPC60/result
auto-fetch qTP1C60: step1a_PBE_opt,step1b_PBE_opt,step1c_PBE_opt → /home/wangchao/Fullerene_Network/C60/qTP1C60/result
auto-fetch qTP2C36-D2d: step1a_PBE_opt,step1b_PBE_opt,step1c_PBE_opt → /home/wangchao/Fullerene_Network/C36/qTP2C36-D2d/result
auto-fetch qTP2C60: step1a_PBE_opt,step1b_PBE_opt,step1c_PBE_opt → /home/wangchao/Fullerene_Network/C60/qTP2C60/result
auto-fetch qTPC20-b: step1a_PBE_opt,step1b_PBE_opt,step1c_PBE_opt → /home/wangchao/Fullerene_Network/C20/qTPC20-b/result
auto-fetch qTPC20-r: step1a_PBE_opt,step1b_PBE_opt,step1c_PBE_opt → /home/wangchao/Fullerene_Network/C20/qTPC20-r/result
auto-fetch qTPC24: step1a_PBE_opt,step1b_PBE_opt,step1c_PBE_opt → /home/wangchao/Fullerene_Network/C24/qTPC24/result
[19:38:38] 无变化
错误：远端采集失败。
ssh: connect to host 114.214.255.60 port 22: No route to host
监控模式：每 300 秒刷新（auto-fetch + auto-advance 开），Ctrl+C 退出。
auto-fetch Mg2C60: step1b_PBE_opt,step1c_PBE_opt → /home/wangchao/Fullerene_Network/Mg2C60/result
auto-fetch qHPC20: step1b_PBE_opt,step1c_PBE_opt → /home/wangchao/Fullerene_Network/C20/qHPC20/result
auto-fetch qHPC24: step1b_PBE_opt,step1c_PBE_opt → /home/wangchao/Fullerene_Network/C24/qHPC24/result
auto-fetch qHPC36-D6h: step1a_PBE_opt,step1b_PBE_opt,step1c_PBE_opt → /home/wangchao/Fullerene_Network/C36/qHPC36-D6h/result
auto-fetch qHPC60: step1b_PBE_opt,step1c_PBE_opt → /home/wangchao/Fullerene_Network/C60/qHPC60/result
auto-fetch qTP1C60: step1a_PBE_opt,step1b_PBE_opt,step1c_PBE_opt → /home/wangchao/Fullerene_Network/C60/qTP1C60/result
auto-fetch qTP2C36-D2d: step1a_PBE_opt,step1b_PBE_opt,step1c_PBE_opt → /home/wangchao/Fullerene_Network/C36/qTP2C36-D2d/result
auto-fetch qTP2C60: step1a_PBE_opt,step1b_PBE_opt,step1c_PBE_opt → /home/wangchao/Fullerene_Network/C60/qTP2C60/result
auto-fetch qTPC20-b: step1a_PBE_opt,step1b_PBE_opt,step1c_PBE_opt → /home/wangchao/Fullerene_Network/C20/qTPC20-b/result
auto-fetch qTPC20-r: step1a_PBE_opt,step1b_PBE_opt,step1c_PBE_opt → /home/wangchao/Fullerene_Network/C20/qTPC20-r/result
auto-fetch qTPC24: step1a_PBE_opt,step1b_PBE_opt,step1c_PBE_opt → /home/wangchao/Fullerene_Network/C24/qTPC24/result
+-------------+------+------+-----+-----------------------+-----------+----------------------+-------------+-------------------------+-------------+
| Material    | tt   | hpc  | dim | S1_relax              | S2_static | S3_WAVECAR           | S3.1_plot   | S4_HSE                  | S4.1_plot   |
+=============+======+======+=====+=======================+===========+======================+=============+=========================+=============+
| Mg2C60      | band | jzzn | 3D  | done                  | done      | done                 | completed   | running                 | not started |
|             |      |      |     | -                     | -         | -                    | -           | cu13 3573008 1-16:31:52 | -           |
| qHPC20      | band | jzzn | 2D  | done                  | done      | done                 | completed   | done                    | completed   |
|             |      |      |     | -                     | -         | -                    | -           | -                       | -           |
| qHPC24      | band | jzzn | 2D  | done                  | done      | done                 | completed   | done                    | completed   |
|             |      |      |     | -                     | -         | -                    | -           | -                       | -           |
| qHPC36-D6h  | band | jzzn | 2D  | done                  | done      | done                 | completed   | done                    | completed   |
|             |      |      |     | -                     | -         | -                    | -           | -                       | -           |
| qHPC60      | band | jzzn | 2D  | done                  | done      | running              | not started | waiting                 | not started |
|             |      |      |     | -                     | -         | cu02 3576091 1:15:44 | -           | -                       | -           |
| qTP1C60     | band | jzzn | 2D  | done                  | done      | done                 | completed   | running                 | not started |
|             |      |      |     | -                     | -         | -                    | -           | cu29 3576092 1:15:39    | -           |
| qTP2C36-D2d | band | jzzn | 2D  | done                  | done      | done                 | completed   | done                    | completed   |
|             |      |      |     | -                     | -         | -                    | -           | -                       | -           |
| qTP2C60     | band | jzzn | 2D  | done                  | done      | done                 | completed   | done                    | completed   |
|             |      |      |     | -                     | -         | -                    | -           | -                       | -           |
| qTPC20-b    | band | jzzn | 2D  | done                  | done      | done                 | completed   | done                    | completed   |
|             |      |      |     | -                     | -         | -                    | -           | -                       | -           |
| qTPC20-r    | band | jzzn | 2D  | done                  | done      | done                 | completed   | done                    | completed   |
|             |      |      |     | -                     | -         | -                    | -           | -                       | -           |
| qTPC24      | band | jzzn | 2D  | done                  | done      | done                 | completed   | done                    | completed   |
|             |      |      |     | -                     | -         | -                    | -           | -                       | -           |
| qTPC24-Mg1  | band | jzzn | 2D  | running               | waiting   | waiting              | not started | waiting                 | not started |
|             |      |      |     | cu25 3575095 16:14:50 | -         | -                    | -           | -                       | -           |
+-------------+------+------+-----+-----------------------+-----------+----------------------+-------------+-------------------------+-------------+
Total: 12 | Done: 8 | Waiting: 4 | Actionable: 0
auto-fetch Mg2C60: step1b_PBE_opt,step1c_PBE_opt → /home/wangchao/Fullerene_Network/Mg2C60/result
auto-fetch qHPC20: step1b_PBE_opt,step1c_PBE_opt → /home/wangchao/Fullerene_Network/C20/qHPC20/result
auto-fetch qHPC24: step1b_PBE_opt,step1c_PBE_opt → /home/wangchao/Fullerene_Network/C24/qHPC24/result
auto-fetch qHPC36-D6h: step1a_PBE_opt,step1b_PBE_opt,step1c_PBE_opt → /home/wangchao/Fullerene_Network/C36/qHPC36-D6h/result
auto-fetch qHPC60: step1b_PBE_opt,step1c_PBE_opt → /home/wangchao/Fullerene_Network/C60/qHPC60/result
auto-fetch qTP1C60: step1a_PBE_opt,step1b_PBE_opt,step1c_PBE_opt → /home/wangchao/Fullerene_Network/C60/qTP1C60/result
auto-fetch qTP2C36-D2d: step1a_PBE_opt,step1b_PBE_opt,step1c_PBE_opt → /home/wangchao/Fullerene_Network/C36/qTP2C36-D2d/result
auto-fetch qTP2C60: step1a_PBE_opt,step1b_PBE_opt,step1c_PBE_opt → /home/wangchao/Fullerene_Network/C60/qTP2C60/result
auto-fetch qTPC20-b: step1a_PBE_opt,step1b_PBE_opt,step1c_PBE_opt → /home/wangchao/Fullerene_Network/C20/qTPC20-b/result
auto-fetch qTPC20-r: step1a_PBE_opt,step1b_PBE_opt,step1c_PBE_opt → /home/wangchao/Fullerene_Network/C20/qTPC20-r/result
auto-fetch qTPC24: step1a_PBE_opt,step1b_PBE_opt,step1c_PBE_opt → /home/wangchao/Fullerene_Network/C24/qTPC24/result
[19:55:38] 无变化
auto-fetch Mg2C60: step1b_PBE_opt,step1c_PBE_opt → /home/wangchao/Fullerene_Network/Mg2C60/result
auto-fetch qHPC20: step1b_PBE_opt,step1c_PBE_opt → /home/wangchao/Fullerene_Network/C20/qHPC20/result
auto-fetch qHPC24: step1b_PBE_opt,step1c_PBE_opt → /home/wangchao/Fullerene_Network/C24/qHPC24/result
auto-fetch qHPC36-D6h: step1a_PBE_opt,step1b_PBE_opt,step1c_PBE_opt → /home/wangchao/Fullerene_Network/C36/qHPC36-D6h/result
auto-fetch qHPC60: step1b_PBE_opt,step1c_PBE_opt → /home/wangchao/Fullerene_Network/C60/qHPC60/result
auto-fetch qTP1C60: step1a_PBE_opt,step1b_PBE_opt,step1c_PBE_opt → /home/wangchao/Fullerene_Network/C60/qTP1C60/result
auto-fetch qTP2C36-D2d: step1a_PBE_opt,step1b_PBE_opt,step1c_PBE_opt → /home/wangchao/Fullerene_Network/C36/qTP2C36-D2d/result
auto-fetch qTP2C60: step1a_PBE_opt,step1b_PBE_opt,step1c_PBE_opt → /home/wangchao/Fullerene_Network/C60/qTP2C60/result
auto-fetch qTPC20-b: step1a_PBE_opt,step1b_PBE_opt,step1c_PBE_opt → /home/wangchao/Fullerene_Network/C20/qTPC20-b/result
auto-fetch qTPC20-r: step1a_PBE_opt,step1b_PBE_opt,step1c_PBE_opt → /home/wangchao/Fullerene_Network/C20/qTPC20-r/result
auto-fetch qTPC24: step1a_PBE_opt,step1b_PBE_opt,step1c_PBE_opt → /home/wangchao/Fullerene_Network/C24/qTPC24/result
[20:00:53] 无变化
auto-fetch Mg2C60: step1b_PBE_opt,step1c_PBE_opt → /home/wangchao/Fullerene_Network/Mg2C60/result
auto-fetch qHPC20: step1b_PBE_opt,step1c_PBE_opt → /home/wangchao/Fullerene_Network/C20/qHPC20/result
auto-fetch qHPC24: step1b_PBE_opt,step1c_PBE_opt → /home/wangchao/Fullerene_Network/C24/qHPC24/result
auto-fetch qHPC36-D6h: step1a_PBE_opt,step1b_PBE_opt,step1c_PBE_opt → /home/wangchao/Fullerene_Network/C36/qHPC36-D6h/result
auto-fetch qHPC60: step1b_PBE_opt,step1c_PBE_opt → /home/wangchao/Fullerene_Network/C60/qHPC60/result
auto-fetch qTP1C60: step1a_PBE_opt,step1b_PBE_opt,step1c_PBE_opt → /home/wangchao/Fullerene_Network/C60/qTP1C60/result
auto-fetch qTP2C36-D2d: step1a_PBE_opt,step1b_PBE_opt,step1c_PBE_opt → /home/wangchao/Fullerene_Network/C36/qTP2C36-D2d/result
auto-fetch qTP2C60: step1a_PBE_opt,step1b_PBE_opt,step1c_PBE_opt → /home/wangchao/Fullerene_Network/C60/qTP2C60/result
auto-fetch qTPC20-b: step1a_PBE_opt,step1b_PBE_opt,step1c_PBE_opt → /home/wangchao/Fullerene_Network/C20/qTPC20-b/result
auto-fetch qTPC20-r: step1a_PBE_opt,step1b_PBE_opt,step1c_PBE_opt → /home/wangchao/Fullerene_Network/C20/qTPC20-r/result
auto-fetch qTPC24: step1a_PBE_opt,step1b_PBE_opt,step1c_PBE_opt → /home/wangchao/Fullerene_Network/C24/qTPC24/result
[20:06:15] 无变化
auto-fetch Mg2C60: step1b_PBE_opt,step1c_PBE_opt → /home/wangchao/Fullerene_Network/Mg2C60/result
auto-fetch qHPC20: step1b_PBE_opt,step1c_PBE_opt → /home/wangchao/Fullerene_Network/C20/qHPC20/result
auto-fetch qHPC24: step1b_PBE_opt,step1c_PBE_opt → /home/wangchao/Fullerene_Network/C24/qHPC24/result
auto-fetch qHPC36-D6h: step1a_PBE_opt,step1b_PBE_opt,step1c_PBE_opt → /home/wangchao/Fullerene_Network/C36/qHPC36-D6h/result
auto-fetch qHPC60: step1b_PBE_opt,step1c_PBE_opt → /home/wangchao/Fullerene_Network/C60/qHPC60/result
auto-fetch qTP1C60: step1a_PBE_opt,step1b_PBE_opt,step1c_PBE_opt → /home/wangchao/Fullerene_Network/C60/qTP1C60/result
auto-fetch qTP2C36-D2d: step1a_PBE_opt,step1b_PBE_opt,step1c_PBE_opt → /home/wangchao/Fullerene_Network/C36/qTP2C36-D2d/result
auto-fetch qTP2C60: step1a_PBE_opt,step1b_PBE_opt,step1c_PBE_opt → /home/wangchao/Fullerene_Network/C60/qTP2C60/result
auto-fetch qTPC20-b: step1a_PBE_opt,step1b_PBE_opt,step1c_PBE_opt → /home/wangchao/Fullerene_Network/C20/qTPC20-b/result
auto-fetch qTPC20-r: step1a_PBE_opt,step1b_PBE_opt,step1c_PBE_opt → /home/wangchao/Fullerene_Network/C20/qTPC20-r/result
auto-fetch qTPC24: step1a_PBE_opt,step1b_PBE_opt,step1c_PBE_opt → /home/wangchao/Fullerene_Network/C24/qTPC24/result
[20:11:31] 无变化
auto-fetch Mg2C60: step1b_PBE_opt,step1c_PBE_opt → /home/wangchao/Fullerene_Network/Mg2C60/result
auto-fetch qHPC20: step1b_PBE_opt,step1c_PBE_opt → /home/wangchao/Fullerene_Network/C20/qHPC20/result
auto-fetch qHPC24: step1b_PBE_opt,step1c_PBE_opt → /home/wangchao/Fullerene_Network/C24/qHPC24/result
auto-fetch qHPC36-D6h: step1a_PBE_opt,step1b_PBE_opt,step1c_PBE_opt → /home/wangchao/Fullerene_Network/C36/qHPC36-D6h/result
auto-fetch qHPC60: step1b_PBE_opt,step1c_PBE_opt → /home/wangchao/Fullerene_Network/C60/qHPC60/result
auto-fetch qTP1C60: step1a_PBE_opt,step1b_PBE_opt,step1c_PBE_opt → /home/wangchao/Fullerene_Network/C60/qTP1C60/result
auto-fetch qTP2C36-D2d: step1a_PBE_opt,step1b_PBE_opt,step1c_PBE_opt → /home/wangchao/Fullerene_Network/C36/qTP2C36-D2d/result
auto-fetch qTP2C60: step1a_PBE_opt,step1b_PBE_opt,step1c_PBE_opt → /home/wangchao/Fullerene_Network/C60/qTP2C60/result
auto-fetch qTPC20-b: step1a_PBE_opt,step1b_PBE_opt,step1c_PBE_opt → /home/wangchao/Fullerene_Network/C20/qTPC20-b/result
auto-fetch qTPC20-r: step1a_PBE_opt,step1b_PBE_opt,step1c_PBE_opt → /home/wangchao/Fullerene_Network/C20/qTPC20-r/result
auto-fetch qTPC24: step1a_PBE_opt,step1b_PBE_opt,step1c_PBE_opt → /home/wangchao/Fullerene_Network/C24/qTPC24/result
[20:16:45] 无变化
auto-fetch Mg2C60: step1b_PBE_opt,step1c_PBE_opt → /home/wangchao/Fullerene_Network/Mg2C60/result
auto-fetch qHPC20: step1b_PBE_opt,step1c_PBE_opt → /home/wangchao/Fullerene_Network/C20/qHPC20/result
auto-fetch qHPC24: step1b_PBE_opt,step1c_PBE_opt → /home/wangchao/Fullerene_Network/C24/qHPC24/result
auto-fetch qHPC36-D6h: step1a_PBE_opt,step1b_PBE_opt,step1c_PBE_opt → /home/wangchao/Fullerene_Network/C36/qHPC36-D6h/result
auto-fetch qHPC60: step1b_PBE_opt,step1c_PBE_opt → /home/wangchao/Fullerene_Network/C60/qHPC60/result
auto-fetch qTP1C60: step1a_PBE_opt,step1b_PBE_opt,step1c_PBE_opt → /home/wangchao/Fullerene_Network/C60/qTP1C60/result
auto-fetch qTP2C36-D2d: step1a_PBE_opt,step1b_PBE_opt,step1c_PBE_opt → /home/wangchao/Fullerene_Network/C36/qTP2C36-D2d/result
auto-fetch qTP2C60: step1a_PBE_opt,step1b_PBE_opt,step1c_PBE_opt → /home/wangchao/Fullerene_Network/C60/qTP2C60/result
auto-fetch qTPC20-b: step1a_PBE_opt,step1b_PBE_opt,step1c_PBE_opt → /home/wangchao/Fullerene_Network/C20/qTPC20-b/result
auto-fetch qTPC20-r: step1a_PBE_opt,step1b_PBE_opt,step1c_PBE_opt → /home/wangchao/Fullerene_Network/C20/qTPC20-r/result
auto-fetch qTPC24: step1a_PBE_opt,step1b_PBE_opt,step1c_PBE_opt → /home/wangchao/Fullerene_Network/C24/qTPC24/result
[20:21:58] 无变化
auto-fetch Mg2C60: step1b_PBE_opt,step1c_PBE_opt → /home/wangchao/Fullerene_Network/Mg2C60/result
auto-fetch qHPC20: step1b_PBE_opt,step1c_PBE_opt → /home/wangchao/Fullerene_Network/C20/qHPC20/result
auto-fetch qHPC24: step1b_PBE_opt,step1c_PBE_opt → /home/wangchao/Fullerene_Network/C24/qHPC24/result
auto-fetch qHPC36-D6h: step1a_PBE_opt,step1b_PBE_opt,step1c_PBE_opt → /home/wangchao/Fullerene_Network/C36/qHPC36-D6h/result
auto-fetch qHPC60: step1b_PBE_opt,step1c_PBE_opt → /home/wangchao/Fullerene_Network/C60/qHPC60/result
auto-fetch qTP1C60: step1a_PBE_opt,step1b_PBE_opt,step1c_PBE_opt → /home/wangchao/Fullerene_Network/C60/qTP1C60/result
auto-fetch qTP2C36-D2d: step1a_PBE_opt,step1b_PBE_opt,step1c_PBE_opt → /home/wangchao/Fullerene_Network/C36/qTP2C36-D2d/result
auto-fetch qTP2C60: step1a_PBE_opt,step1b_PBE_opt,step1c_PBE_opt → /home/wangchao/Fullerene_Network/C60/qTP2C60/result
auto-fetch qTPC20-b: step1a_PBE_opt,step1b_PBE_opt,step1c_PBE_opt → /home/wangchao/Fullerene_Network/C20/qTPC20-b/result
auto-fetch qTPC20-r: step1a_PBE_opt,step1b_PBE_opt,step1c_PBE_opt → /home/wangchao/Fullerene_Network/C20/qTPC20-r/result
auto-fetch qTPC24: step1a_PBE_opt,step1b_PBE_opt,step1c_PBE_opt → /home/wangchao/Fullerene_Network/C24/qTPC24/result
[20:27:10] 无变化
auto-fetch Mg2C60: step1b_PBE_opt,step1c_PBE_opt → /home/wangchao/Fullerene_Network/Mg2C60/result
auto-fetch qHPC20: step1b_PBE_opt,step1c_PBE_opt → /home/wangchao/Fullerene_Network/C20/qHPC20/result
auto-fetch qHPC24: step1b_PBE_opt,step1c_PBE_opt → /home/wangchao/Fullerene_Network/C24/qHPC24/result
auto-fetch qHPC36-D6h: step1a_PBE_opt,step1b_PBE_opt,step1c_PBE_opt → /home/wangchao/Fullerene_Network/C36/qHPC36-D6h/result
auto-fetch qHPC60: step1b_PBE_opt,step1c_PBE_opt → /home/wangchao/Fullerene_Network/C60/qHPC60/result
auto-fetch qTP1C60: step1a_PBE_opt,step1b_PBE_opt,step1c_PBE_opt → /home/wangchao/Fullerene_Network/C60/qTP1C60/result
auto-fetch qTP2C36-D2d: step1a_PBE_opt,step1b_PBE_opt,step1c_PBE_opt → /home/wangchao/Fullerene_Network/C36/qTP2C36-D2d/result
auto-fetch qTP2C60: step1a_PBE_opt,step1b_PBE_opt,step1c_PBE_opt → /home/wangchao/Fullerene_Network/C60/qTP2C60/result
auto-fetch qTPC20-b: step1a_PBE_opt,step1b_PBE_opt,step1c_PBE_opt → /home/wangchao/Fullerene_Network/C20/qTPC20-b/result
auto-fetch qTPC20-r: step1a_PBE_opt,step1b_PBE_opt,step1c_PBE_opt → /home/wangchao/Fullerene_Network/C20/qTPC20-r/result
auto-fetch qTPC24: step1a_PBE_opt,step1b_PBE_opt,step1c_PBE_opt → /home/wangchao/Fullerene_Network/C24/qTPC24/result
[20:32:19] 无变化
auto-fetch Mg2C60: step1b_PBE_opt,step1c_PBE_opt → /home/wangchao/Fullerene_Network/Mg2C60/result
auto-fetch qHPC20: step1b_PBE_opt,step1c_PBE_opt → /home/wangchao/Fullerene_Network/C20/qHPC20/result
auto-fetch qHPC24: step1b_PBE_opt,step1c_PBE_opt → /home/wangchao/Fullerene_Network/C24/qHPC24/result
auto-fetch qHPC36-D6h: step1a_PBE_opt,step1b_PBE_opt,step1c_PBE_opt → /home/wangchao/Fullerene_Network/C36/qHPC36-D6h/result
auto-fetch qHPC60: step1b_PBE_opt,step1c_PBE_opt → /home/wangchao/Fullerene_Network/C60/qHPC60/result
auto-fetch qTP1C60: step1a_PBE_opt,step1b_PBE_opt,step1c_PBE_opt → /home/wangchao/Fullerene_Network/C60/qTP1C60/result
auto-fetch qTP2C36-D2d: step1a_PBE_opt,step1b_PBE_opt,step1c_PBE_opt → /home/wangchao/Fullerene_Network/C36/qTP2C36-D2d/result
auto-fetch qTP2C60: step1a_PBE_opt,step1b_PBE_opt,step1c_PBE_opt → /home/wangchao/Fullerene_Network/C60/qTP2C60/result
auto-fetch qTPC20-b: step1a_PBE_opt,step1b_PBE_opt,step1c_PBE_opt → /home/wangchao/Fullerene_Network/C20/qTPC20-b/result
auto-fetch qTPC20-r: step1a_PBE_opt,step1b_PBE_opt,step1c_PBE_opt → /home/wangchao/Fullerene_Network/C20/qTPC20-r/result
auto-fetch qTPC24: step1a_PBE_opt,step1b_PBE_opt,step1c_PBE_opt → /home/wangchao/Fullerene_Network/C24/qTPC24/result
[20:37:30] 无变化
auto-fetch Mg2C60: step1b_PBE_opt,step1c_PBE_opt → /home/wangchao/Fullerene_Network/Mg2C60/result
auto-fetch qHPC20: step1b_PBE_opt,step1c_PBE_opt → /home/wangchao/Fullerene_Network/C20/qHPC20/result
auto-fetch qHPC24: step1b_PBE_opt,step1c_PBE_opt → /home/wangchao/Fullerene_Network/C24/qHPC24/result
auto-fetch qHPC36-D6h: step1a_PBE_opt,step1b_PBE_opt,step1c_PBE_opt → /home/wangchao/Fullerene_Network/C36/qHPC36-D6h/result
auto-fetch qHPC60: step1b_PBE_opt,step1c_PBE_opt → /home/wangchao/Fullerene_Network/C60/qHPC60/result
auto-fetch qTP1C60: step1a_PBE_opt,step1b_PBE_opt,step1c_PBE_opt → /home/wangchao/Fullerene_Network/C60/qTP1C60/result
auto-fetch qTP2C36-D2d: step1a_PBE_opt,step1b_PBE_opt,step1c_PBE_opt → /home/wangchao/Fullerene_Network/C36/qTP2C36-D2d/result
auto-fetch qTP2C60: step1a_PBE_opt,step1b_PBE_opt,step1c_PBE_opt → /home/wangchao/Fullerene_Network/C60/qTP2C60/result
auto-fetch qTPC20-b: step1a_PBE_opt,step1b_PBE_opt,step1c_PBE_opt → /home/wangchao/Fullerene_Network/C20/qTPC20-b/result
auto-fetch qTPC20-r: step1a_PBE_opt,step1b_PBE_opt,step1c_PBE_opt → /home/wangchao/Fullerene_Network/C20/qTPC20-r/result
auto-fetch qTPC24: step1a_PBE_opt,step1b_PBE_opt,step1c_PBE_opt → /home/wangchao/Fullerene_Network/C24/qTPC24/result
[20:42:40] 无变化
auto-fetch Mg2C60: step1b_PBE_opt,step1c_PBE_opt → /home/wangchao/Fullerene_Network/Mg2C60/result
auto-fetch qHPC20: step1b_PBE_opt,step1c_PBE_opt → /home/wangchao/Fullerene_Network/C20/qHPC20/result
auto-fetch qHPC24: step1b_PBE_opt,step1c_PBE_opt → /home/wangchao/Fullerene_Network/C24/qHPC24/result
auto-fetch qHPC36-D6h: step1a_PBE_opt,step1b_PBE_opt,step1c_PBE_opt → /home/wangchao/Fullerene_Network/C36/qHPC36-D6h/result
auto-fetch qHPC60: step1b_PBE_opt,step1c_PBE_opt → /home/wangchao/Fullerene_Network/C60/qHPC60/result
auto-fetch qTP1C60: step1a_PBE_opt,step1b_PBE_opt,step1c_PBE_opt → /home/wangchao/Fullerene_Network/C60/qTP1C60/result
auto-fetch qTP2C36-D2d: step1a_PBE_opt,step1b_PBE_opt,step1c_PBE_opt → /home/wangchao/Fullerene_Network/C36/qTP2C36-D2d/result
auto-fetch qTP2C60: step1a_PBE_opt,step1b_PBE_opt,step1c_PBE_opt → /home/wangchao/Fullerene_Network/C60/qTP2C60/result
auto-fetch qTPC20-b: step1a_PBE_opt,step1b_PBE_opt,step1c_PBE_opt → /home/wangchao/Fullerene_Network/C20/qTPC20-b/result
auto-fetch qTPC20-r: step1a_PBE_opt,step1b_PBE_opt,step1c_PBE_opt → /home/wangchao/Fullerene_Network/C20/qTPC20-r/result
auto-fetch qTPC24: step1a_PBE_opt,step1b_PBE_opt,step1c_PBE_opt → /home/wangchao/Fullerene_Network/C24/qTPC24/result
[20:47:51] 无变化
auto-fetch Mg2C60: step1b_PBE_opt,step1c_PBE_opt → /home/wangchao/Fullerene_Network/Mg2C60/result
auto-fetch qHPC20: step1b_PBE_opt,step1c_PBE_opt → /home/wangchao/Fullerene_Network/C20/qHPC20/result
auto-fetch qHPC24: step1b_PBE_opt,step1c_PBE_opt → /home/wangchao/Fullerene_Network/C24/qHPC24/result
auto-fetch qHPC36-D6h: step1a_PBE_opt,step1b_PBE_opt,step1c_PBE_opt → /home/wangchao/Fullerene_Network/C36/qHPC36-D6h/result
auto-fetch qHPC60: step1b_PBE_opt,step1c_PBE_opt → /home/wangchao/Fullerene_Network/C60/qHPC60/result
auto-fetch qTP1C60: step1a_PBE_opt,step1b_PBE_opt,step1c_PBE_opt → /home/wangchao/Fullerene_Network/C60/qTP1C60/result
auto-fetch qTP2C36-D2d: step1a_PBE_opt,step1b_PBE_opt,step1c_PBE_opt → /home/wangchao/Fullerene_Network/C36/qTP2C36-D2d/result
auto-fetch qTP2C60: step1a_PBE_opt,step1b_PBE_opt,step1c_PBE_opt → /home/wangchao/Fullerene_Network/C60/qTP2C60/result
auto-fetch qTPC20-b: step1a_PBE_opt,step1b_PBE_opt,step1c_PBE_opt → /home/wangchao/Fullerene_Network/C20/qTPC20-b/result
auto-fetch qTPC20-r: step1a_PBE_opt,step1b_PBE_opt,step1c_PBE_opt → /home/wangchao/Fullerene_Network/C20/qTPC20-r/result
auto-fetch qTPC24: step1a_PBE_opt,step1b_PBE_opt,step1c_PBE_opt → /home/wangchao/Fullerene_Network/C24/qTPC24/result
[20:53:06] 无变化
auto-fetch Mg2C60: step1b_PBE_opt,step1c_PBE_opt → /home/wangchao/Fullerene_Network/Mg2C60/result
auto-fetch qHPC20: step1b_PBE_opt,step1c_PBE_opt → /home/wangchao/Fullerene_Network/C20/qHPC20/result
auto-fetch qHPC24: step1b_PBE_opt,step1c_PBE_opt → /home/wangchao/Fullerene_Network/C24/qHPC24/result
auto-fetch qHPC36-D6h: step1a_PBE_opt,step1b_PBE_opt,step1c_PBE_opt → /home/wangchao/Fullerene_Network/C36/qHPC36-D6h/result
auto-fetch qHPC60: step1b_PBE_opt,step1c_PBE_opt → /home/wangchao/Fullerene_Network/C60/qHPC60/result
auto-fetch qTP1C60: step1a_PBE_opt,step1b_PBE_opt,step1c_PBE_opt → /home/wangchao/Fullerene_Network/C60/qTP1C60/result
auto-fetch qTP2C36-D2d: step1a_PBE_opt,step1b_PBE_opt,step1c_PBE_opt → /home/wangchao/Fullerene_Network/C36/qTP2C36-D2d/result
auto-fetch qTP2C60: step1a_PBE_opt,step1b_PBE_opt,step1c_PBE_opt → /home/wangchao/Fullerene_Network/C60/qTP2C60/result
auto-fetch qTPC20-b: step1a_PBE_opt,step1b_PBE_opt,step1c_PBE_opt → /home/wangchao/Fullerene_Network/C20/qTPC20-b/result
auto-fetch qTPC20-r: step1a_PBE_opt,step1b_PBE_opt,step1c_PBE_opt → /home/wangchao/Fullerene_Network/C20/qTPC20-r/result
auto-fetch qTPC24: step1a_PBE_opt,step1b_PBE_opt,step1c_PBE_opt → /home/wangchao/Fullerene_Network/C24/qTPC24/result
[20:58:19] 无变化
auto-fetch Mg2C60: step1b_PBE_opt,step1c_PBE_opt → /home/wangchao/Fullerene_Network/Mg2C60/result
auto-fetch qHPC20: step1b_PBE_opt,step1c_PBE_opt → /home/wangchao/Fullerene_Network/C20/qHPC20/result
auto-fetch qHPC24: step1b_PBE_opt,step1c_PBE_opt → /home/wangchao/Fullerene_Network/C24/qHPC24/result
auto-fetch qHPC36-D6h: step1a_PBE_opt,step1b_PBE_opt,step1c_PBE_opt → /home/wangchao/Fullerene_Network/C36/qHPC36-D6h/result
auto-fetch qHPC60: step1b_PBE_opt,step1c_PBE_opt → /home/wangchao/Fullerene_Network/C60/qHPC60/result
auto-fetch qTP1C60: step1a_PBE_opt,step1b_PBE_opt,step1c_PBE_opt → /home/wangchao/Fullerene_Network/C60/qTP1C60/result
auto-fetch qTP2C36-D2d: step1a_PBE_opt,step1b_PBE_opt,step1c_PBE_opt → /home/wangchao/Fullerene_Network/C36/qTP2C36-D2d/result
auto-fetch qTP2C60: step1a_PBE_opt,step1b_PBE_opt,step1c_PBE_opt → /home/wangchao/Fullerene_Network/C60/qTP2C60/result
auto-fetch qTPC20-b: step1a_PBE_opt,step1b_PBE_opt,step1c_PBE_opt → /home/wangchao/Fullerene_Network/C20/qTPC20-b/result
auto-fetch qTPC20-r: step1a_PBE_opt,step1b_PBE_opt,step1c_PBE_opt → /home/wangchao/Fullerene_Network/C20/qTPC20-r/result
auto-fetch qTPC24: step1a_PBE_opt,step1b_PBE_opt,step1c_PBE_opt → /home/wangchao/Fullerene_Network/C24/qTPC24/result
[21:03:32] 无变化
auto-fetch Mg2C60: step1b_PBE_opt,step1c_PBE_opt → /home/wangchao/Fullerene_Network/Mg2C60/result
auto-fetch qHPC20: step1b_PBE_opt,step1c_PBE_opt → /home/wangchao/Fullerene_Network/C20/qHPC20/result
auto-fetch qHPC24: step1b_PBE_opt,step1c_PBE_opt → /home/wangchao/Fullerene_Network/C24/qHPC24/result
auto-fetch qHPC36-D6h: step1a_PBE_opt,step1b_PBE_opt,step1c_PBE_opt → /home/wangchao/Fullerene_Network/C36/qHPC36-D6h/result
auto-fetch qHPC60: step1b_PBE_opt,step1c_PBE_opt → /home/wangchao/Fullerene_Network/C60/qHPC60/result
auto-fetch qTP1C60: step1a_PBE_opt,step1b_PBE_opt,step1c_PBE_opt → /home/wangchao/Fullerene_Network/C60/qTP1C60/result
auto-fetch qTP2C36-D2d: step1a_PBE_opt,step1b_PBE_opt,step1c_PBE_opt → /home/wangchao/Fullerene_Network/C36/qTP2C36-D2d/result
auto-fetch qTP2C60: step1a_PBE_opt,step1b_PBE_opt,step1c_PBE_opt → /home/wangchao/Fullerene_Network/C60/qTP2C60/result
auto-fetch qTPC20-b: step1a_PBE_opt,step1b_PBE_opt,step1c_PBE_opt → /home/wangchao/Fullerene_Network/C20/qTPC20-b/result
auto-fetch qTPC20-r: step1a_PBE_opt,step1b_PBE_opt,step1c_PBE_opt → /home/wangchao/Fullerene_Network/C20/qTPC20-r/result
auto-fetch qTPC24: step1a_PBE_opt,step1b_PBE_opt,step1c_PBE_opt → /home/wangchao/Fullerene_Network/C24/qTPC24/result
[21:08:43] 无变化
auto-fetch Mg2C60: step1b_PBE_opt,step1c_PBE_opt → /home/wangchao/Fullerene_Network/Mg2C60/result
auto-fetch qHPC20: step1b_PBE_opt,step1c_PBE_opt → /home/wangchao/Fullerene_Network/C20/qHPC20/result
auto-fetch qHPC24: step1b_PBE_opt,step1c_PBE_opt → /home/wangchao/Fullerene_Network/C24/qHPC24/result
auto-fetch qHPC36-D6h: step1a_PBE_opt,step1b_PBE_opt,step1c_PBE_opt → /home/wangchao/Fullerene_Network/C36/qHPC36-D6h/result
auto-fetch qHPC60: step1b_PBE_opt,step1c_PBE_opt → /home/wangchao/Fullerene_Network/C60/qHPC60/result
auto-fetch qTP1C60: step1a_PBE_opt,step1b_PBE_opt,step1c_PBE_opt → /home/wangchao/Fullerene_Network/C60/qTP1C60/result
auto-fetch qTP2C36-D2d: step1a_PBE_opt,step1b_PBE_opt,step1c_PBE_opt → /home/wangchao/Fullerene_Network/C36/qTP2C36-D2d/result
auto-fetch qTP2C60: step1a_PBE_opt,step1b_PBE_opt,step1c_PBE_opt → /home/wangchao/Fullerene_Network/C60/qTP2C60/result
auto-fetch qTPC20-b: step1a_PBE_opt,step1b_PBE_opt,step1c_PBE_opt → /home/wangchao/Fullerene_Network/C20/qTPC20-b/result
auto-fetch qTPC20-r: step1a_PBE_opt,step1b_PBE_opt,step1c_PBE_opt → /home/wangchao/Fullerene_Network/C20/qTPC20-r/result
auto-fetch qTPC24: step1a_PBE_opt,step1b_PBE_opt,step1c_PBE_opt → /home/wangchao/Fullerene_Network/C24/qTPC24/result
[21:14:11] 无变化
auto-fetch Mg2C60: step1b_PBE_opt,step1c_PBE_opt → /home/wangchao/Fullerene_Network/Mg2C60/result
auto-fetch qHPC20: step1b_PBE_opt,step1c_PBE_opt → /home/wangchao/Fullerene_Network/C20/qHPC20/result
auto-fetch qHPC24: step1b_PBE_opt,step1c_PBE_opt → /home/wangchao/Fullerene_Network/C24/qHPC24/result
auto-fetch qHPC36-D6h: step1a_PBE_opt,step1b_PBE_opt,step1c_PBE_opt → /home/wangchao/Fullerene_Network/C36/qHPC36-D6h/result
auto-fetch qHPC60: step1b_PBE_opt,step1c_PBE_opt → /home/wangchao/Fullerene_Network/C60/qHPC60/result
auto-fetch qTP1C60: step1a_PBE_opt,step1b_PBE_opt,step1c_PBE_opt → /home/wangchao/Fullerene_Network/C60/qTP1C60/result
auto-fetch qTP2C36-D2d: step1a_PBE_opt,step1b_PBE_opt,step1c_PBE_opt → /home/wangchao/Fullerene_Network/C36/qTP2C36-D2d/result
auto-fetch qTP2C60: step1a_PBE_opt,step1b_PBE_opt,step1c_PBE_opt → /home/wangchao/Fullerene_Network/C60/qTP2C60/result
auto-fetch qTPC20-b: step1a_PBE_opt,step1b_PBE_opt,step1c_PBE_opt → /home/wangchao/Fullerene_Network/C20/qTPC20-b/result
auto-fetch qTPC20-r: step1a_PBE_opt,step1b_PBE_opt,step1c_PBE_opt → /home/wangchao/Fullerene_Network/C20/qTPC20-r/result
auto-fetch qTPC24: step1a_PBE_opt,step1b_PBE_opt,step1c_PBE_opt → /home/wangchao/Fullerene_Network/C24/qTPC24/result
[21:19:36] 无变化
auto-fetch Mg2C60: step1b_PBE_opt,step1c_PBE_opt → /home/wangchao/Fullerene_Network/Mg2C60/result
auto-fetch qHPC20: step1b_PBE_opt,step1c_PBE_opt → /home/wangchao/Fullerene_Network/C20/qHPC20/result
auto-fetch qHPC24: step1b_PBE_opt,step1c_PBE_opt → /home/wangchao/Fullerene_Network/C24/qHPC24/result
auto-fetch qHPC36-D6h: step1a_PBE_opt,step1b_PBE_opt,step1c_PBE_opt → /home/wangchao/Fullerene_Network/C36/qHPC36-D6h/result
auto-fetch qHPC60: step1b_PBE_opt,step1c_PBE_opt → /home/wangchao/Fullerene_Network/C60/qHPC60/result
auto-fetch qTP1C60: step1a_PBE_opt,step1b_PBE_opt,step1c_PBE_opt → /home/wangchao/Fullerene_Network/C60/qTP1C60/result
auto-fetch qTP2C36-D2d: step1a_PBE_opt,step1b_PBE_opt,step1c_PBE_opt → /home/wangchao/Fullerene_Network/C36/qTP2C36-D2d/result
auto-fetch qTP2C60: step1a_PBE_opt,step1b_PBE_opt,step1c_PBE_opt → /home/wangchao/Fullerene_Network/C60/qTP2C60/result
auto-fetch qTPC20-b: step1a_PBE_opt,step1b_PBE_opt,step1c_PBE_opt → /home/wangchao/Fullerene_Network/C20/qTPC20-b/result
auto-fetch qTPC20-r: step1a_PBE_opt,step1b_PBE_opt,step1c_PBE_opt → /home/wangchao/Fullerene_Network/C20/qTPC20-r/result
auto-fetch qTPC24: step1a_PBE_opt,step1b_PBE_opt,step1c_PBE_opt → /home/wangchao/Fullerene_Network/C24/qTPC24/result
[21:25:00] 无变化
auto-fetch Mg2C60: step1b_PBE_opt,step1c_PBE_opt → /home/wangchao/Fullerene_Network/Mg2C60/result
auto-fetch qHPC20: step1b_PBE_opt,step1c_PBE_opt → /home/wangchao/Fullerene_Network/C20/qHPC20/result
auto-fetch qHPC24: step1b_PBE_opt,step1c_PBE_opt → /home/wangchao/Fullerene_Network/C24/qHPC24/result
auto-fetch qHPC36-D6h: step1a_PBE_opt,step1b_PBE_opt,step1c_PBE_opt → /home/wangchao/Fullerene_Network/C36/qHPC36-D6h/result
auto-fetch qHPC60: step1b_PBE_opt,step1c_PBE_opt → /home/wangchao/Fullerene_Network/C60/qHPC60/result
auto-fetch qTP1C60: step1a_PBE_opt,step1b_PBE_opt,step1c_PBE_opt → /home/wangchao/Fullerene_Network/C60/qTP1C60/result
auto-fetch qTP2C36-D2d: step1a_PBE_opt,step1b_PBE_opt,step1c_PBE_opt → /home/wangchao/Fullerene_Network/C36/qTP2C36-D2d/result
auto-fetch qTP2C60: step1a_PBE_opt,step1b_PBE_opt,step1c_PBE_opt → /home/wangchao/Fullerene_Network/C60/qTP2C60/result
auto-fetch qTPC20-b: step1a_PBE_opt,step1b_PBE_opt,step1c_PBE_opt → /home/wangchao/Fullerene_Network/C20/qTPC20-b/result
auto-fetch qTPC20-r: step1a_PBE_opt,step1b_PBE_opt,step1c_PBE_opt → /home/wangchao/Fullerene_Network/C20/qTPC20-r/result
auto-fetch qTPC24: step1a_PBE_opt,step1b_PBE_opt,step1c_PBE_opt → /home/wangchao/Fullerene_Network/C24/qTPC24/result
[21:30:25] 无变化
auto-fetch Mg2C60: step1b_PBE_opt,step1c_PBE_opt → /home/wangchao/Fullerene_Network/Mg2C60/result
auto-fetch qHPC20: step1b_PBE_opt,step1c_PBE_opt → /home/wangchao/Fullerene_Network/C20/qHPC20/result
auto-fetch qHPC24: step1b_PBE_opt,step1c_PBE_opt → /home/wangchao/Fullerene_Network/C24/qHPC24/result
auto-fetch qHPC36-D6h: step1a_PBE_opt,step1b_PBE_opt,step1c_PBE_opt → /home/wangchao/Fullerene_Network/C36/qHPC36-D6h/result
auto-fetch qHPC60: step1b_PBE_opt,step1c_PBE_opt → /home/wangchao/Fullerene_Network/C60/qHPC60/result
auto-fetch qTP1C60: step1a_PBE_opt,step1b_PBE_opt,step1c_PBE_opt → /home/wangchao/Fullerene_Network/C60/qTP1C60/result
auto-fetch qTP2C36-D2d: step1a_PBE_opt,step1b_PBE_opt,step1c_PBE_opt → /home/wangchao/Fullerene_Network/C36/qTP2C36-D2d/result
auto-fetch qTP2C60: step1a_PBE_opt,step1b_PBE_opt,step1c_PBE_opt → /home/wangchao/Fullerene_Network/C60/qTP2C60/result
auto-fetch qTPC20-b: step1a_PBE_opt,step1b_PBE_opt,step1c_PBE_opt → /home/wangchao/Fullerene_Network/C20/qTPC20-b/result
auto-fetch qTPC20-r: step1a_PBE_opt,step1b_PBE_opt,step1c_PBE_opt → /home/wangchao/Fullerene_Network/C20/qTPC20-r/result
auto-fetch qTPC24: step1a_PBE_opt,step1b_PBE_opt,step1c_PBE_opt → /home/wangchao/Fullerene_Network/C24/qTPC24/result
[21:35:49] 无变化
auto-fetch Mg2C60: step1b_PBE_opt,step1c_PBE_opt → /home/wangchao/Fullerene_Network/Mg2C60/result
auto-fetch qHPC20: step1b_PBE_opt,step1c_PBE_opt → /home/wangchao/Fullerene_Network/C20/qHPC20/result
auto-fetch qHPC24: step1b_PBE_opt,step1c_PBE_opt → /home/wangchao/Fullerene_Network/C24/qHPC24/result
auto-fetch qHPC36-D6h: step1a_PBE_opt,step1b_PBE_opt,step1c_PBE_opt → /home/wangchao/Fullerene_Network/C36/qHPC36-D6h/result
auto-fetch qHPC60: step1b_PBE_opt,step1c_PBE_opt → /home/wangchao/Fullerene_Network/C60/qHPC60/result
auto-fetch qTP1C60: step1a_PBE_opt,step1b_PBE_opt,step1c_PBE_opt → /home/wangchao/Fullerene_Network/C60/qTP1C60/result
auto-fetch qTP2C36-D2d: step1a_PBE_opt,step1b_PBE_opt,step1c_PBE_opt → /home/wangchao/Fullerene_Network/C36/qTP2C36-D2d/result
auto-fetch qTP2C60: step1a_PBE_opt,step1b_PBE_opt,step1c_PBE_opt → /home/wangchao/Fullerene_Network/C60/qTP2C60/result
auto-fetch qTPC20-b: step1a_PBE_opt,step1b_PBE_opt,step1c_PBE_opt → /home/wangchao/Fullerene_Network/C20/qTPC20-b/result
auto-fetch qTPC20-r: step1a_PBE_opt,step1b_PBE_opt,step1c_PBE_opt → /home/wangchao/Fullerene_Network/C20/qTPC20-r/result
auto-fetch qTPC24: step1a_PBE_opt,step1b_PBE_opt,step1c_PBE_opt → /home/wangchao/Fullerene_Network/C24/qTPC24/result
[21:41:17] 无变化
auto-fetch Mg2C60: step1b_PBE_opt,step1c_PBE_opt → /home/wangchao/Fullerene_Network/Mg2C60/result
auto-fetch qHPC20: step1b_PBE_opt,step1c_PBE_opt → /home/wangchao/Fullerene_Network/C20/qHPC20/result
auto-fetch qHPC24: step1b_PBE_opt,step1c_PBE_opt → /home/wangchao/Fullerene_Network/C24/qHPC24/result
auto-fetch qHPC36-D6h: step1a_PBE_opt,step1b_PBE_opt,step1c_PBE_opt → /home/wangchao/Fullerene_Network/C36/qHPC36-D6h/result
auto-fetch qHPC60: step1b_PBE_opt,step1c_PBE_opt → /home/wangchao/Fullerene_Network/C60/qHPC60/result
auto-fetch qTP1C60: step1a_PBE_opt,step1b_PBE_opt,step1c_PBE_opt → /home/wangchao/Fullerene_Network/C60/qTP1C60/result
auto-fetch qTP2C36-D2d: step1a_PBE_opt,step1b_PBE_opt,step1c_PBE_opt → /home/wangchao/Fullerene_Network/C36/qTP2C36-D2d/result
auto-fetch qTP2C60: step1a_PBE_opt,step1b_PBE_opt,step1c_PBE_opt → /home/wangchao/Fullerene_Network/C60/qTP2C60/result
auto-fetch qTPC20-b: step1a_PBE_opt,step1b_PBE_opt,step1c_PBE_opt → /home/wangchao/Fullerene_Network/C20/qTPC20-b/result
auto-fetch qTPC20-r: step1a_PBE_opt,step1b_PBE_opt,step1c_PBE_opt → /home/wangchao/Fullerene_Network/C20/qTPC20-r/result
auto-fetch qTPC24: step1a_PBE_opt,step1b_PBE_opt,step1c_PBE_opt → /home/wangchao/Fullerene_Network/C24/qTPC24/result
[21:46:53] 无变化
auto-fetch Mg2C60: step1b_PBE_opt,step1c_PBE_opt → /home/wangchao/Fullerene_Network/Mg2C60/result
auto-fetch qHPC20: step1b_PBE_opt,step1c_PBE_opt → /home/wangchao/Fullerene_Network/C20/qHPC20/result
auto-fetch qHPC24: step1b_PBE_opt,step1c_PBE_opt → /home/wangchao/Fullerene_Network/C24/qHPC24/result
auto-fetch qHPC36-D6h: step1a_PBE_opt,step1b_PBE_opt,step1c_PBE_opt → /home/wangchao/Fullerene_Network/C36/qHPC36-D6h/result
auto-fetch qHPC60: step1b_PBE_opt,step1c_PBE_opt → /home/wangchao/Fullerene_Network/C60/qHPC60/result
auto-fetch qTP1C60: step1a_PBE_opt,step1b_PBE_opt,step1c_PBE_opt → /home/wangchao/Fullerene_Network/C60/qTP1C60/result
auto-fetch qTP2C36-D2d: step1a_PBE_opt,step1b_PBE_opt,step1c_PBE_opt → /home/wangchao/Fullerene_Network/C36/qTP2C36-D2d/result
auto-fetch qTP2C60: step1a_PBE_opt,step1b_PBE_opt,step1c_PBE_opt → /home/wangchao/Fullerene_Network/C60/qTP2C60/result
auto-fetch qTPC20-b: step1a_PBE_opt,step1b_PBE_opt,step1c_PBE_opt → /home/wangchao/Fullerene_Network/C20/qTPC20-b/result
auto-fetch qTPC20-r: step1a_PBE_opt,step1b_PBE_opt,step1c_PBE_opt → /home/wangchao/Fullerene_Network/C20/qTPC20-r/result
auto-fetch qTPC24: step1a_PBE_opt,step1b_PBE_opt,step1c_PBE_opt → /home/wangchao/Fullerene_Network/C24/qTPC24/result
[21:52:25] 无变化
auto-fetch Mg2C60: step1b_PBE_opt,step1c_PBE_opt → /home/wangchao/Fullerene_Network/Mg2C60/result
auto-fetch qHPC20: step1b_PBE_opt,step1c_PBE_opt → /home/wangchao/Fullerene_Network/C20/qHPC20/result
auto-fetch qHPC24: step1b_PBE_opt,step1c_PBE_opt → /home/wangchao/Fullerene_Network/C24/qHPC24/result
auto-fetch qHPC36-D6h: step1a_PBE_opt,step1b_PBE_opt,step1c_PBE_opt → /home/wangchao/Fullerene_Network/C36/qHPC36-D6h/result
auto-fetch qHPC60: step1b_PBE_opt,step1c_PBE_opt → /home/wangchao/Fullerene_Network/C60/qHPC60/result
auto-fetch qTP1C60: step1a_PBE_opt,step1b_PBE_opt,step1c_PBE_opt → /home/wangchao/Fullerene_Network/C60/qTP1C60/result
auto-fetch qTP2C36-D2d: step1a_PBE_opt,step1b_PBE_opt,step1c_PBE_opt → /home/wangchao/Fullerene_Network/C36/qTP2C36-D2d/result
auto-fetch qTP2C60: step1a_PBE_opt,step1b_PBE_opt,step1c_PBE_opt → /home/wangchao/Fullerene_Network/C60/qTP2C60/result
auto-fetch qTPC20-b: step1a_PBE_opt,step1b_PBE_opt,step1c_PBE_opt → /home/wangchao/Fullerene_Network/C20/qTPC20-b/result
auto-fetch qTPC20-r: step1a_PBE_opt,step1b_PBE_opt,step1c_PBE_opt → /home/wangchao/Fullerene_Network/C20/qTPC20-r/result
auto-fetch qTPC24: step1a_PBE_opt,step1b_PBE_opt,step1c_PBE_opt → /home/wangchao/Fullerene_Network/C24/qTPC24/result
[21:58:00] 无变化
auto-fetch Mg2C60: step1b_PBE_opt,step1c_PBE_opt → /home/wangchao/Fullerene_Network/Mg2C60/result
auto-fetch qHPC20: step1b_PBE_opt,step1c_PBE_opt → /home/wangchao/Fullerene_Network/C20/qHPC20/result
auto-fetch qHPC24: step1b_PBE_opt,step1c_PBE_opt → /home/wangchao/Fullerene_Network/C24/qHPC24/result
auto-fetch qHPC36-D6h: step1a_PBE_opt,step1b_PBE_opt,step1c_PBE_opt → /home/wangchao/Fullerene_Network/C36/qHPC36-D6h/result
auto-fetch qHPC60: step1b_PBE_opt,step1c_PBE_opt → /home/wangchao/Fullerene_Network/C60/qHPC60/result
auto-fetch qTP1C60: step1a_PBE_opt,step1b_PBE_opt,step1c_PBE_opt → /home/wangchao/Fullerene_Network/C60/qTP1C60/result
auto-fetch qTP2C36-D2d: step1a_PBE_opt,step1b_PBE_opt,step1c_PBE_opt → /home/wangchao/Fullerene_Network/C36/qTP2C36-D2d/result
auto-fetch qTP2C60: step1a_PBE_opt,step1b_PBE_opt,step1c_PBE_opt → /home/wangchao/Fullerene_Network/C60/qTP2C60/result
auto-fetch qTPC20-b: step1a_PBE_opt,step1b_PBE_opt,step1c_PBE_opt → /home/wangchao/Fullerene_Network/C20/qTPC20-b/result
auto-fetch qTPC20-r: step1a_PBE_opt,step1b_PBE_opt,step1c_PBE_opt → /home/wangchao/Fullerene_Network/C20/qTPC20-r/result
auto-fetch qTPC24: step1a_PBE_opt,step1b_PBE_opt,step1c_PBE_opt → /home/wangchao/Fullerene_Network/C24/qTPC24/result
[22:03:35] 无变化
auto-fetch Mg2C60: step1b_PBE_opt,step1c_PBE_opt → /home/wangchao/Fullerene_Network/Mg2C60/result
auto-fetch qHPC20: step1b_PBE_opt,step1c_PBE_opt → /home/wangchao/Fullerene_Network/C20/qHPC20/result
auto-fetch qHPC24: step1b_PBE_opt,step1c_PBE_opt → /home/wangchao/Fullerene_Network/C24/qHPC24/result
auto-fetch qHPC36-D6h: step1a_PBE_opt,step1b_PBE_opt,step1c_PBE_opt → /home/wangchao/Fullerene_Network/C36/qHPC36-D6h/result
auto-fetch qHPC60: step1b_PBE_opt,step1c_PBE_opt → /home/wangchao/Fullerene_Network/C60/qHPC60/result
auto-fetch qTP1C60: step1a_PBE_opt,step1b_PBE_opt,step1c_PBE_opt → /home/wangchao/Fullerene_Network/C60/qTP1C60/result
auto-fetch qTP2C36-D2d: step1a_PBE_opt,step1b_PBE_opt,step1c_PBE_opt → /home/wangchao/Fullerene_Network/C36/qTP2C36-D2d/result
auto-fetch qTP2C60: step1a_PBE_opt,step1b_PBE_opt,step1c_PBE_opt → /home/wangchao/Fullerene_Network/C60/qTP2C60/result
auto-fetch qTPC20-b: step1a_PBE_opt,step1b_PBE_opt,step1c_PBE_opt → /home/wangchao/Fullerene_Network/C20/qTPC20-b/result
auto-fetch qTPC20-r: step1a_PBE_opt,step1b_PBE_opt,step1c_PBE_opt → /home/wangchao/Fullerene_Network/C20/qTPC20-r/result
auto-fetch qTPC24: step1a_PBE_opt,step1b_PBE_opt,step1c_PBE_opt → /home/wangchao/Fullerene_Network/C24/qTPC24/result
[22:09:11] 无变化
auto-fetch Mg2C60: step1b_PBE_opt,step1c_PBE_opt → /home/wangchao/Fullerene_Network/Mg2C60/result
auto-fetch qHPC20: step1b_PBE_opt,step1c_PBE_opt → /home/wangchao/Fullerene_Network/C20/qHPC20/result
auto-fetch qHPC24: step1b_PBE_opt,step1c_PBE_opt → /home/wangchao/Fullerene_Network/C24/qHPC24/result
auto-fetch qHPC36-D6h: step1a_PBE_opt,step1b_PBE_opt,step1c_PBE_opt → /home/wangchao/Fullerene_Network/C36/qHPC36-D6h/result
auto-fetch qHPC60: step1b_PBE_opt,step1c_PBE_opt → /home/wangchao/Fullerene_Network/C60/qHPC60/result
auto-fetch qTP1C60: step1a_PBE_opt,step1b_PBE_opt,step1c_PBE_opt → /home/wangchao/Fullerene_Network/C60/qTP1C60/result
auto-fetch qTP2C36-D2d: step1a_PBE_opt,step1b_PBE_opt,step1c_PBE_opt → /home/wangchao/Fullerene_Network/C36/qTP2C36-D2d/result
auto-fetch qTP2C60: step1a_PBE_opt,step1b_PBE_opt,step1c_PBE_opt → /home/wangchao/Fullerene_Network/C60/qTP2C60/result
auto-fetch qTPC20-b: step1a_PBE_opt,step1b_PBE_opt,step1c_PBE_opt → /home/wangchao/Fullerene_Network/C20/qTPC20-b/result
auto-fetch qTPC20-r: step1a_PBE_opt,step1b_PBE_opt,step1c_PBE_opt → /home/wangchao/Fullerene_Network/C20/qTPC20-r/result
auto-fetch qTPC24: step1a_PBE_opt,step1b_PBE_opt,step1c_PBE_opt → /home/wangchao/Fullerene_Network/C24/qTPC24/result
[22:14:51] 无变化
auto-fetch Mg2C60: step1b_PBE_opt,step1c_PBE_opt → /home/wangchao/Fullerene_Network/Mg2C60/result
auto-fetch qHPC20: step1b_PBE_opt,step1c_PBE_opt → /home/wangchao/Fullerene_Network/C20/qHPC20/result
auto-fetch qHPC24: step1b_PBE_opt,step1c_PBE_opt → /home/wangchao/Fullerene_Network/C24/qHPC24/result
auto-fetch qHPC36-D6h: step1a_PBE_opt,step1b_PBE_opt,step1c_PBE_opt → /home/wangchao/Fullerene_Network/C36/qHPC36-D6h/result
auto-fetch qHPC60: step1b_PBE_opt,step1c_PBE_opt → /home/wangchao/Fullerene_Network/C60/qHPC60/result
auto-fetch qTP1C60: step1a_PBE_opt,step1b_PBE_opt,step1c_PBE_opt → /home/wangchao/Fullerene_Network/C60/qTP1C60/result
auto-fetch qTP2C36-D2d: step1a_PBE_opt,step1b_PBE_opt,step1c_PBE_opt → /home/wangchao/Fullerene_Network/C36/qTP2C36-D2d/result
auto-fetch qTP2C60: step1a_PBE_opt,step1b_PBE_opt,step1c_PBE_opt → /home/wangchao/Fullerene_Network/C60/qTP2C60/result
auto-fetch qTPC20-b: step1a_PBE_opt,step1b_PBE_opt,step1c_PBE_opt → /home/wangchao/Fullerene_Network/C20/qTPC20-b/result
auto-fetch qTPC20-r: step1a_PBE_opt,step1b_PBE_opt,step1c_PBE_opt → /home/wangchao/Fullerene_Network/C20/qTPC20-r/result
auto-fetch qTPC24: step1a_PBE_opt,step1b_PBE_opt,step1c_PBE_opt → /home/wangchao/Fullerene_Network/C24/qTPC24/result
[22:20:28] 无变化
auto-fetch Mg2C60: step1b_PBE_opt,step1c_PBE_opt → /home/wangchao/Fullerene_Network/Mg2C60/result
auto-fetch qHPC20: step1b_PBE_opt,step1c_PBE_opt → /home/wangchao/Fullerene_Network/C20/qHPC20/result
auto-fetch qHPC24: step1b_PBE_opt,step1c_PBE_opt → /home/wangchao/Fullerene_Network/C24/qHPC24/result
auto-fetch qHPC36-D6h: step1a_PBE_opt,step1b_PBE_opt,step1c_PBE_opt → /home/wangchao/Fullerene_Network/C36/qHPC36-D6h/result
auto-fetch qHPC60: step1b_PBE_opt,step1c_PBE_opt → /home/wangchao/Fullerene_Network/C60/qHPC60/result
auto-fetch qTP1C60: step1a_PBE_opt,step1b_PBE_opt,step1c_PBE_opt → /home/wangchao/Fullerene_Network/C60/qTP1C60/result
auto-fetch qTP2C36-D2d: step1a_PBE_opt,step1b_PBE_opt,step1c_PBE_opt → /home/wangchao/Fullerene_Network/C36/qTP2C36-D2d/result
auto-fetch qTP2C60: step1a_PBE_opt,step1b_PBE_opt,step1c_PBE_opt → /home/wangchao/Fullerene_Network/C60/qTP2C60/result
auto-fetch qTPC20-b: step1a_PBE_opt,step1b_PBE_opt,step1c_PBE_opt → /home/wangchao/Fullerene_Network/C20/qTPC20-b/result
auto-fetch qTPC20-r: step1a_PBE_opt,step1b_PBE_opt,step1c_PBE_opt → /home/wangchao/Fullerene_Network/C20/qTPC20-r/result
auto-fetch qTPC24: step1a_PBE_opt,step1b_PBE_opt,step1c_PBE_opt → /home/wangchao/Fullerene_Network/C24/qTPC24/result
[22:26:04] 无变化
auto-fetch Mg2C60: step1b_PBE_opt,step1c_PBE_opt → /home/wangchao/Fullerene_Network/Mg2C60/result
auto-fetch qHPC20: step1b_PBE_opt,step1c_PBE_opt → /home/wangchao/Fullerene_Network/C20/qHPC20/result
auto-fetch qHPC24: step1b_PBE_opt,step1c_PBE_opt → /home/wangchao/Fullerene_Network/C24/qHPC24/result
auto-fetch qHPC36-D6h: step1a_PBE_opt,step1b_PBE_opt,step1c_PBE_opt → /home/wangchao/Fullerene_Network/C36/qHPC36-D6h/result
auto-fetch qHPC60: step1b_PBE_opt,step1c_PBE_opt → /home/wangchao/Fullerene_Network/C60/qHPC60/result
auto-fetch qTP1C60: step1a_PBE_opt,step1b_PBE_opt,step1c_PBE_opt → /home/wangchao/Fullerene_Network/C60/qTP1C60/result
auto-fetch qTP2C36-D2d: step1a_PBE_opt,step1b_PBE_opt,step1c_PBE_opt → /home/wangchao/Fullerene_Network/C36/qTP2C36-D2d/result
auto-fetch qTP2C60: step1a_PBE_opt,step1b_PBE_opt,step1c_PBE_opt → /home/wangchao/Fullerene_Network/C60/qTP2C60/result
auto-fetch qTPC20-b: step1a_PBE_opt,step1b_PBE_opt,step1c_PBE_opt → /home/wangchao/Fullerene_Network/C20/qTPC20-b/result
auto-fetch qTPC20-r: step1a_PBE_opt,step1b_PBE_opt,step1c_PBE_opt → /home/wangchao/Fullerene_Network/C20/qTPC20-r/result
auto-fetch qTPC24: step1a_PBE_opt,step1b_PBE_opt,step1c_PBE_opt → /home/wangchao/Fullerene_Network/C24/qTPC24/result
[22:31:31] 无变化
auto-fetch Mg2C60: step1b_PBE_opt,step1c_PBE_opt → /home/wangchao/Fullerene_Network/Mg2C60/result
auto-fetch qHPC20: step1b_PBE_opt,step1c_PBE_opt → /home/wangchao/Fullerene_Network/C20/qHPC20/result
auto-fetch qHPC24: step1b_PBE_opt,step1c_PBE_opt → /home/wangchao/Fullerene_Network/C24/qHPC24/result
auto-fetch qHPC36-D6h: step1a_PBE_opt,step1b_PBE_opt,step1c_PBE_opt → /home/wangchao/Fullerene_Network/C36/qHPC36-D6h/result
auto-fetch qHPC60: step1b_PBE_opt,step1c_PBE_opt → /home/wangchao/Fullerene_Network/C60/qHPC60/result
auto-fetch qTP1C60: step1a_PBE_opt,step1b_PBE_opt,step1c_PBE_opt → /home/wangchao/Fullerene_Network/C60/qTP1C60/result
auto-fetch qTP2C36-D2d: step1a_PBE_opt,step1b_PBE_opt,step1c_PBE_opt → /home/wangchao/Fullerene_Network/C36/qTP2C36-D2d/result
auto-fetch qTP2C60: step1a_PBE_opt,step1b_PBE_opt,step1c_PBE_opt → /home/wangchao/Fullerene_Network/C60/qTP2C60/result
auto-fetch qTPC20-b: step1a_PBE_opt,step1b_PBE_opt,step1c_PBE_opt → /home/wangchao/Fullerene_Network/C20/qTPC20-b/result
auto-fetch qTPC20-r: step1a_PBE_opt,step1b_PBE_opt,step1c_PBE_opt → /home/wangchao/Fullerene_Network/C20/qTPC20-r/result
auto-fetch qTPC24: step1a_PBE_opt,step1b_PBE_opt,step1c_PBE_opt → /home/wangchao/Fullerene_Network/C24/qTPC24/result
[22:36:59] 无变化
auto-fetch Mg2C60: step1b_PBE_opt,step1c_PBE_opt → /home/wangchao/Fullerene_Network/Mg2C60/result
auto-fetch qHPC20: step1b_PBE_opt,step1c_PBE_opt → /home/wangchao/Fullerene_Network/C20/qHPC20/result
auto-fetch qHPC24: step1b_PBE_opt,step1c_PBE_opt → /home/wangchao/Fullerene_Network/C24/qHPC24/result
auto-fetch qHPC36-D6h: step1a_PBE_opt,step1b_PBE_opt,step1c_PBE_opt → /home/wangchao/Fullerene_Network/C36/qHPC36-D6h/result
auto-fetch qHPC60: step1b_PBE_opt,step1c_PBE_opt → /home/wangchao/Fullerene_Network/C60/qHPC60/result
auto-fetch qTP1C60: step1a_PBE_opt,step1b_PBE_opt,step1c_PBE_opt → /home/wangchao/Fullerene_Network/C60/qTP1C60/result
auto-fetch qTP2C36-D2d: step1a_PBE_opt,step1b_PBE_opt,step1c_PBE_opt → /home/wangchao/Fullerene_Network/C36/qTP2C36-D2d/result
auto-fetch qTP2C60: step1a_PBE_opt,step1b_PBE_opt,step1c_PBE_opt → /home/wangchao/Fullerene_Network/C60/qTP2C60/result
auto-fetch qTPC20-b: step1a_PBE_opt,step1b_PBE_opt,step1c_PBE_opt → /home/wangchao/Fullerene_Network/C20/qTPC20-b/result
auto-fetch qTPC20-r: step1a_PBE_opt,step1b_PBE_opt,step1c_PBE_opt → /home/wangchao/Fullerene_Network/C20/qTPC20-r/result
auto-fetch qTPC24: step1a_PBE_opt,step1b_PBE_opt,step1c_PBE_opt → /home/wangchao/Fullerene_Network/C24/qTPC24/result
[22:42:28] 无变化
auto-fetch Mg2C60: step1b_PBE_opt,step1c_PBE_opt → /home/wangchao/Fullerene_Network/Mg2C60/result
auto-fetch qHPC20: step1b_PBE_opt,step1c_PBE_opt → /home/wangchao/Fullerene_Network/C20/qHPC20/result
auto-fetch qHPC24: step1b_PBE_opt,step1c_PBE_opt → /home/wangchao/Fullerene_Network/C24/qHPC24/result
auto-fetch qHPC36-D6h: step1a_PBE_opt,step1b_PBE_opt,step1c_PBE_opt → /home/wangchao/Fullerene_Network/C36/qHPC36-D6h/result
auto-fetch qHPC60: step1b_PBE_opt,step1c_PBE_opt → /home/wangchao/Fullerene_Network/C60/qHPC60/result
auto-fetch qTP1C60: step1a_PBE_opt,step1b_PBE_opt,step1c_PBE_opt → /home/wangchao/Fullerene_Network/C60/qTP1C60/result
auto-fetch qTP2C36-D2d: step1a_PBE_opt,step1b_PBE_opt,step1c_PBE_opt → /home/wangchao/Fullerene_Network/C36/qTP2C36-D2d/result
auto-fetch qTP2C60: step1a_PBE_opt,step1b_PBE_opt,step1c_PBE_opt → /home/wangchao/Fullerene_Network/C60/qTP2C60/result
auto-fetch qTPC20-b: step1a_PBE_opt,step1b_PBE_opt,step1c_PBE_opt → /home/wangchao/Fullerene_Network/C20/qTPC20-b/result
auto-fetch qTPC20-r: step1a_PBE_opt,step1b_PBE_opt,step1c_PBE_opt → /home/wangchao/Fullerene_Network/C20/qTPC20-r/result
auto-fetch qTPC24: step1a_PBE_opt,step1b_PBE_opt,step1c_PBE_opt → /home/wangchao/Fullerene_Network/C24/qTPC24/result
[22:47:55] 无变化
auto-fetch Mg2C60: step1b_PBE_opt,step1c_PBE_opt → /home/wangchao/Fullerene_Network/Mg2C60/result
auto-fetch qHPC20: step1b_PBE_opt,step1c_PBE_opt → /home/wangchao/Fullerene_Network/C20/qHPC20/result
auto-fetch qHPC24: step1b_PBE_opt,step1c_PBE_opt → /home/wangchao/Fullerene_Network/C24/qHPC24/result
auto-fetch qHPC36-D6h: step1a_PBE_opt,step1b_PBE_opt,step1c_PBE_opt → /home/wangchao/Fullerene_Network/C36/qHPC36-D6h/result
auto-fetch qHPC60: step1b_PBE_opt,step1c_PBE_opt → /home/wangchao/Fullerene_Network/C60/qHPC60/result
auto-fetch qTP1C60: step1a_PBE_opt,step1b_PBE_opt,step1c_PBE_opt → /home/wangchao/Fullerene_Network/C60/qTP1C60/result
auto-fetch qTP2C36-D2d: step1a_PBE_opt,step1b_PBE_opt,step1c_PBE_opt → /home/wangchao/Fullerene_Network/C36/qTP2C36-D2d/result
auto-fetch qTP2C60: step1a_PBE_opt,step1b_PBE_opt,step1c_PBE_opt → /home/wangchao/Fullerene_Network/C60/qTP2C60/result
auto-fetch qTPC20-b: step1a_PBE_opt,step1b_PBE_opt,step1c_PBE_opt → /home/wangchao/Fullerene_Network/C20/qTPC20-b/result
auto-fetch qTPC20-r: step1a_PBE_opt,step1b_PBE_opt,step1c_PBE_opt → /home/wangchao/Fullerene_Network/C20/qTPC20-r/result
auto-fetch qTPC24: step1a_PBE_opt,step1b_PBE_opt,step1c_PBE_opt → /home/wangchao/Fullerene_Network/C24/qTPC24/result
[22:53:23] 无变化
auto-fetch Mg2C60: step1b_PBE_opt,step1c_PBE_opt → /home/wangchao/Fullerene_Network/Mg2C60/result
auto-fetch qHPC20: step1b_PBE_opt,step1c_PBE_opt → /home/wangchao/Fullerene_Network/C20/qHPC20/result
auto-fetch qHPC24: step1b_PBE_opt,step1c_PBE_opt → /home/wangchao/Fullerene_Network/C24/qHPC24/result
auto-fetch qHPC36-D6h: step1a_PBE_opt,step1b_PBE_opt,step1c_PBE_opt → /home/wangchao/Fullerene_Network/C36/qHPC36-D6h/result
auto-fetch qHPC60: step1b_PBE_opt,step1c_PBE_opt → /home/wangchao/Fullerene_Network/C60/qHPC60/result
auto-fetch qTP1C60: step1a_PBE_opt,step1b_PBE_opt,step1c_PBE_opt → /home/wangchao/Fullerene_Network/C60/qTP1C60/result
auto-fetch qTP2C36-D2d: step1a_PBE_opt,step1b_PBE_opt,step1c_PBE_opt → /home/wangchao/Fullerene_Network/C36/qTP2C36-D2d/result
auto-fetch qTP2C60: step1a_PBE_opt,step1b_PBE_opt,step1c_PBE_opt → /home/wangchao/Fullerene_Network/C60/qTP2C60/result
auto-fetch qTPC20-b: step1a_PBE_opt,step1b_PBE_opt,step1c_PBE_opt → /home/wangchao/Fullerene_Network/C20/qTPC20-b/result
auto-fetch qTPC20-r: step1a_PBE_opt,step1b_PBE_opt,step1c_PBE_opt → /home/wangchao/Fullerene_Network/C20/qTPC20-r/result
auto-fetch qTPC24: step1a_PBE_opt,step1b_PBE_opt,step1c_PBE_opt → /home/wangchao/Fullerene_Network/C24/qTPC24/result
[22:58:52] 无变化
auto-fetch Mg2C60: step1b_PBE_opt,step1c_PBE_opt → /home/wangchao/Fullerene_Network/Mg2C60/result
auto-fetch qHPC20: step1b_PBE_opt,step1c_PBE_opt → /home/wangchao/Fullerene_Network/C20/qHPC20/result
auto-fetch qHPC24: step1b_PBE_opt,step1c_PBE_opt → /home/wangchao/Fullerene_Network/C24/qHPC24/result
auto-fetch qHPC36-D6h: step1a_PBE_opt,step1b_PBE_opt,step1c_PBE_opt → /home/wangchao/Fullerene_Network/C36/qHPC36-D6h/result
auto-fetch qHPC60: step1b_PBE_opt,step1c_PBE_opt → /home/wangchao/Fullerene_Network/C60/qHPC60/result
auto-fetch qTP1C60: step1a_PBE_opt,step1b_PBE_opt,step1c_PBE_opt → /home/wangchao/Fullerene_Network/C60/qTP1C60/result
auto-fetch qTP2C36-D2d: step1a_PBE_opt,step1b_PBE_opt,step1c_PBE_opt → /home/wangchao/Fullerene_Network/C36/qTP2C36-D2d/result
auto-fetch qTP2C60: step1a_PBE_opt,step1b_PBE_opt,step1c_PBE_opt → /home/wangchao/Fullerene_Network/C60/qTP2C60/result
auto-fetch qTPC20-b: step1a_PBE_opt,step1b_PBE_opt,step1c_PBE_opt → /home/wangchao/Fullerene_Network/C20/qTPC20-b/result
auto-fetch qTPC20-r: step1a_PBE_opt,step1b_PBE_opt,step1c_PBE_opt → /home/wangchao/Fullerene_Network/C20/qTPC20-r/result
auto-fetch qTPC24: step1a_PBE_opt,step1b_PBE_opt,step1c_PBE_opt → /home/wangchao/Fullerene_Network/C24/qTPC24/result
[23:04:21] 无变化
错误：连接超时（host=jzzn）。
监控模式：每 300 秒刷新（auto-fetch + auto-advance 开），Ctrl+C 退出。
+-------------+------+------+-----+-----------------------+-----------+----------------------+-------------+-------------------------+-------------+
| Material    | tt   | hpc  | dim | S1_relax              | S2_static | S3_WAVECAR           | S3.1_plot   | S4_HSE                  | S4.1_plot   |
+=============+======+======+=====+=======================+===========+======================+=============+=========================+=============+
| Mg2C60      | band | jzzn | 3D  | done                  | done      | done                 | completed   | running                 | not started |
|             |      |      |     | -                     | -         | -                    | -           | cu13 3573008 1-20:48:57 | -           |
| qHPC20      | band | jzzn | 2D  | done                  | done      | done                 | completed   | done                    | completed   |
|             |      |      |     | -                     | -         | -                    | -           | -                       | -           |
| qHPC24      | band | jzzn | 2D  | done                  | done      | done                 | completed   | done                    | completed   |
|             |      |      |     | -                     | -         | -                    | -           | -                       | -           |
| qHPC36-D6h  | band | jzzn | 2D  | done                  | done      | done                 | completed   | done                    | completed   |
|             |      |      |     | -                     | -         | -                    | -           | -                       | -           |
| qHPC60      | band | jzzn | 2D  | done                  | done      | running              | not started | waiting                 | not started |
|             |      |      |     | -                     | -         | cu02 3576091 5:32:49 | -           | -                       | -           |
| qTP1C60     | band | jzzn | 2D  | done                  | done      | done                 | completed   | running                 | not started |
|             |      |      |     | -                     | -         | -                    | -           | cu29 3576092 5:32:44    | -           |
| qTP2C36-D2d | band | jzzn | 2D  | done                  | done      | done                 | completed   | done                    | completed   |
|             |      |      |     | -                     | -         | -                    | -           | -                       | -           |
| qTP2C60     | band | jzzn | 2D  | done                  | done      | done                 | completed   | done                    | completed   |
|             |      |      |     | -                     | -         | -                    | -           | -                       | -           |
| qTPC20-b    | band | jzzn | 2D  | done                  | done      | done                 | completed   | done                    | completed   |
|             |      |      |     | -                     | -         | -                    | -           | -                       | -           |
| qTPC20-r    | band | jzzn | 2D  | done                  | done      | done                 | completed   | done                    | completed   |
|             |      |      |     | -                     | -         | -                    | -           | -                       | -           |
| qTPC24      | band | jzzn | 2D  | done                  | done      | done                 | completed   | done                    | completed   |
|             |      |      |     | -                     | -         | -                    | -           | -                       | -           |
| qTPC24-Mg1  | band | jzzn | 2D  | running               | waiting   | waiting              | not started | waiting                 | not started |
|             |      |      |     | cu25 3575095 20:31:55 | -         | -                    | -           | -                       | -           |
+-------------+------+------+-----+-----------------------+-----------+----------------------+-------------+-------------------------+-------------+
Total: 12 | Done: 8 | Waiting: 4 | Actionable: 0
[00:12:40] 无变化
auto-fetch qHPC60: step3_PBE_WAVECAR → /home/wangchao/Fullerene_Network/C60/qHPC60/result
auto qHPC60[band|S3.1_plot]: 已生成 /public/home/wangchao/Fullerene_Network/fullerene_network/test/qHPC60/step3_band_plot（band_summary.json）
+-------------+------+------+-----+-----------------------+-----------+------------+-------------+-------------------------+-------------+
| Material    | tt   | hpc  | dim | S1_relax              | S2_static | S3_WAVECAR | S3.1_plot   | S4_HSE                  | S4.1_plot   |
+=============+======+======+=====+=======================+===========+============+=============+=========================+=============+
| Mg2C60      | band | jzzn | 3D  | done                  | done      | done       | completed   | running                 | not started |
|             |      |      |     | -                     | -         | -          | -           | cu13 3573008 1-20:59:33 | -           |
| qHPC20      | band | jzzn | 2D  | done                  | done      | done       | completed   | done                    | completed   |
|             |      |      |     | -                     | -         | -          | -           | -                       | -           |
| qHPC24      | band | jzzn | 2D  | done                  | done      | done       | completed   | done                    | completed   |
|             |      |      |     | -                     | -         | -          | -           | -                       | -           |
| qHPC36-D6h  | band | jzzn | 2D  | done                  | done      | done       | completed   | done                    | completed   |
|             |      |      |     | -                     | -         | -          | -           | -                       | -           |
| qHPC60      | band | jzzn | 2D  | done                  | done      | done       | not started | waiting                 | not started |
|             |      |      |     | -                     | -         | -          | -           | -                       | -           |
| qTP1C60     | band | jzzn | 2D  | done                  | done      | done       | completed   | running                 | not started |
|             |      |      |     | -                     | -         | -          | -           | cu29 3576092 5:43:20    | -           |
| qTP2C36-D2d | band | jzzn | 2D  | done                  | done      | done       | completed   | done                    | completed   |
|             |      |      |     | -                     | -         | -          | -           | -                       | -           |
| qTP2C60     | band | jzzn | 2D  | done                  | done      | done       | completed   | done                    | completed   |
|             |      |      |     | -                     | -         | -          | -           | -                       | -           |
| qTPC20-b    | band | jzzn | 2D  | done                  | done      | done       | completed   | done                    | completed   |
|             |      |      |     | -                     | -         | -          | -           | -                       | -           |
| qTPC20-r    | band | jzzn | 2D  | done                  | done      | done       | completed   | done                    | completed   |
|             |      |      |     | -                     | -         | -          | -           | -                       | -           |
| qTPC24      | band | jzzn | 2D  | done                  | done      | done       | completed   | done                    | completed   |
|             |      |      |     | -                     | -         | -          | -           | -                       | -           |
| qTPC24-Mg1  | band | jzzn | 2D  | running               | waiting   | waiting    | not started | waiting                 | not started |
|             |      |      |     | cu25 3575095 20:42:31 | -         | -          | -           | -                       | -           |
+-------------+------+------+-----+-----------------------+-----------+------------+-------------+-------------------------+-------------+
Total: 12 | Done: 8 | Waiting: 3 | Actionable: 1
auto-fetch qHPC60: step3_band_plot → /home/wangchao/Fullerene_Network/C60/qHPC60/result
auto qHPC60[band|S4_HSE]: gen 完成。[..] 上游是 PBEsol，本步用 HSEsol（GGA=PS）保持泛函族一致。想与 HSE06 文献对比请把 HYBRID_FLAVOR 改成 'hse06'。
auto qHPC60[band|S4_HSE]: 已提交 qHPC60-band-S4_HSE (jobid=3577106)
+-------------+------+------+-----+-----------------------+-----------+------------+-------------+-------------------------+-------------+
| Material    | tt   | hpc  | dim | S1_relax              | S2_static | S3_WAVECAR | S3.1_plot   | S4_HSE                  | S4.1_plot   |
+=============+======+======+=====+=======================+===========+============+=============+=========================+=============+
| Mg2C60      | band | jzzn | 3D  | done                  | done      | done       | completed   | running                 | not started |
|             |      |      |     | -                     | -         | -          | -           | cu13 3573008 1-21:05:02 | -           |
| qHPC20      | band | jzzn | 2D  | done                  | done      | done       | completed   | done                    | completed   |
|             |      |      |     | -                     | -         | -          | -           | -                       | -           |
| qHPC24      | band | jzzn | 2D  | done                  | done      | done       | completed   | done                    | completed   |
|             |      |      |     | -                     | -         | -          | -           | -                       | -           |
| qHPC36-D6h  | band | jzzn | 2D  | done                  | done      | done       | completed   | done                    | completed   |
|             |      |      |     | -                     | -         | -          | -           | -                       | -           |
| qHPC60      | band | jzzn | 2D  | done                  | done      | done       | completed   | waiting                 | not started |
|             |      |      |     | -                     | -         | -          | -           | -                       | -           |
| qTP1C60     | band | jzzn | 2D  | done                  | done      | done       | completed   | running                 | not started |
|             |      |      |     | -                     | -         | -          | -           | cu29 3576092 5:48:49    | -           |
| qTP2C36-D2d | band | jzzn | 2D  | done                  | done      | done       | completed   | done                    | completed   |
|             |      |      |     | -                     | -         | -          | -           | -                       | -           |
| qTP2C60     | band | jzzn | 2D  | done                  | done      | done       | completed   | done                    | completed   |
|             |      |      |     | -                     | -         | -          | -           | -                       | -           |
| qTPC20-b    | band | jzzn | 2D  | done                  | done      | done       | completed   | done                    | completed   |
|             |      |      |     | -                     | -         | -          | -           | -                       | -           |
| qTPC20-r    | band | jzzn | 2D  | done                  | done      | done       | completed   | done                    | completed   |
|             |      |      |     | -                     | -         | -          | -           | -                       | -           |
| qTPC24      | band | jzzn | 2D  | done                  | done      | done       | completed   | done                    | completed   |
|             |      |      |     | -                     | -         | -          | -           | -                       | -           |
| qTPC24-Mg1  | band | jzzn | 2D  | running               | waiting   | waiting    | not started | waiting                 | not started |
|             |      |      |     | cu25 3575095 20:48:00 | -         | -          | -           | -                       | -           |
+-------------+------+------+-----+-----------------------+-----------+------------+-------------+-------------------------+-------------+
Total: 12 | Done: 8 | Waiting: 3 | Actionable: 1
+-------------+------+------+-----+-----------------------+-----------+------------+-------------+-------------------------+-------------+
| Material    | tt   | hpc  | dim | S1_relax              | S2_static | S3_WAVECAR | S3.1_plot   | S4_HSE                  | S4.1_plot   |
+=============+======+======+=====+=======================+===========+============+=============+=========================+=============+
| Mg2C60      | band | jzzn | 3D  | done                  | done      | done       | completed   | running                 | not started |
|             |      |      |     | -                     | -         | -          | -           | cu13 3573008 1-21:10:29 | -           |
| qHPC20      | band | jzzn | 2D  | done                  | done      | done       | completed   | done                    | completed   |
|             |      |      |     | -                     | -         | -          | -           | -                       | -           |
| qHPC24      | band | jzzn | 2D  | done                  | done      | done       | completed   | done                    | completed   |
|             |      |      |     | -                     | -         | -          | -           | -                       | -           |
| qHPC36-D6h  | band | jzzn | 2D  | done                  | done      | done       | completed   | done                    | completed   |
|             |      |      |     | -                     | -         | -          | -           | -                       | -           |
| qHPC60      | band | jzzn | 2D  | done                  | done      | done       | completed   | running                 | not started |
|             |      |      |     | -                     | -         | -          | -           | cu47 3577106 5:02       | -           |
| qTP1C60     | band | jzzn | 2D  | done                  | done      | done       | completed   | running                 | not started |
|             |      |      |     | -                     | -         | -          | -           | cu29 3576092 5:54:16    | -           |
| qTP2C36-D2d | band | jzzn | 2D  | done                  | done      | done       | completed   | done                    | completed   |
|             |      |      |     | -                     | -         | -          | -           | -                       | -           |
| qTP2C60     | band | jzzn | 2D  | done                  | done      | done       | completed   | done                    | completed   |
|             |      |      |     | -                     | -         | -          | -           | -                       | -           |
| qTPC20-b    | band | jzzn | 2D  | done                  | done      | done       | completed   | done                    | completed   |
|             |      |      |     | -                     | -         | -          | -           | -                       | -           |
| qTPC20-r    | band | jzzn | 2D  | done                  | done      | done       | completed   | done                    | completed   |
|             |      |      |     | -                     | -         | -          | -           | -                       | -           |
| qTPC24      | band | jzzn | 2D  | done                  | done      | done       | completed   | done                    | completed   |
|             |      |      |     | -                     | -         | -          | -           | -                       | -           |
| qTPC24-Mg1  | band | jzzn | 2D  | running               | waiting   | waiting    | not started | waiting                 | not started |
|             |      |      |     | cu25 3575095 20:53:27 | -         | -          | -           | -                       | -           |
+-------------+------+------+-----+-----------------------+-----------+------------+-------------+-------------------------+-------------+
Total: 12 | Done: 8 | Waiting: 4 | Actionable: 0
[00:34:14] 无变化
[00:39:33] 无变化
[00:44:53] 无变化
[00:50:15] 无变化
[00:55:34] 无变化
[01:00:54] 无变化
[01:06:16] 无变化
[01:11:35] 无变化
[01:16:55] 无变化
[01:22:16] 无变化
[01:27:36] 无变化
[01:32:56] 无变化
[01:38:19] 无变化
[01:43:39] 无变化
[01:49:00] 无变化
[01:54:22] 无变化
[01:59:43] 无变化
[02:05:06] 无变化
[02:10:27] 无变化
[02:15:48] 无变化
[02:21:11] 无变化
[02:26:32] 无变化
[02:31:53] 无变化
[02:37:16] 无变化
[02:42:37] 无变化
[02:47:59] 无变化
[02:53:24] 无变化
[02:58:47] 无变化
[03:04:10] 无变化
[03:09:37] 无变化
[03:15:01] 无变化
+-------------+------+------+-----+-----------------------+-----------+------------+-------------+----------------------+-------------+
| Material    | tt   | hpc  | dim | S1_relax              | S2_static | S3_WAVECAR | S3.1_plot   | S4_HSE               | S4.1_plot   |
+=============+======+======+=====+=======================+===========+============+=============+======================+=============+
| Mg2C60      | band | jzzn | 3D  | done                  | done      | done       | completed   | error                | not started |
|             |      |      |     | -                     | -         | -          | -           | -                    | -           |
| qHPC20      | band | jzzn | 2D  | done                  | done      | done       | completed   | done                 | completed   |
|             |      |      |     | -                     | -         | -          | -           | -                    | -           |
| qHPC24      | band | jzzn | 2D  | done                  | done      | done       | completed   | done                 | completed   |
|             |      |      |     | -                     | -         | -          | -           | -                    | -           |
| qHPC36-D6h  | band | jzzn | 2D  | done                  | done      | done       | completed   | done                 | completed   |
|             |      |      |     | -                     | -         | -          | -           | -                    | -           |
| qHPC60      | band | jzzn | 2D  | done                  | done      | done       | completed   | running              | not started |
|             |      |      |     | -                     | -         | -          | -           | cu47 3577106 2:56:34 | -           |
| qTP1C60     | band | jzzn | 2D  | done                  | done      | done       | completed   | running              | not started |
|             |      |      |     | -                     | -         | -          | -           | cu29 3576092 8:45:48 | -           |
| qTP2C36-D2d | band | jzzn | 2D  | done                  | done      | done       | completed   | done                 | completed   |
|             |      |      |     | -                     | -         | -          | -           | -                    | -           |
| qTP2C60     | band | jzzn | 2D  | done                  | done      | done       | completed   | done                 | completed   |
|             |      |      |     | -                     | -         | -          | -           | -                    | -           |
| qTPC20-b    | band | jzzn | 2D  | done                  | done      | done       | completed   | done                 | completed   |
|             |      |      |     | -                     | -         | -          | -           | -                    | -           |
| qTPC20-r    | band | jzzn | 2D  | done                  | done      | done       | completed   | done                 | completed   |
|             |      |      |     | -                     | -         | -          | -           | -                    | -           |
| qTPC24      | band | jzzn | 2D  | done                  | done      | done       | completed   | done                 | completed   |
|             |      |      |     | -                     | -         | -          | -           | -                    | -           |
| qTPC24-Mg1  | band | jzzn | 2D  | running               | waiting   | waiting    | not started | waiting              | not started |
|             |      |      |     | cu25 3575095 23:44:59 | -         | -          | -           | -                    | -           |
+-------------+------+------+-----+-----------------------+-----------+------------+-------------+----------------------+-------------+
Total: 12 | Done: 8 | Waiting: 3 | Actionable: 1

FAILED / NEEDS ATTENTION:
  [band] Mg2C60                 S4_HSE     OUTCAR incomplete
[03:25:50] 无变化
[03:31:13] 无变化
auto-fetch qTPC24-Mg1: step1a_PBE_opt → /home/wangchao/Fullerene_Network/C24/qTPC24-Mg1/result
auto qTPC24-Mg1[band|S1b_cell]: gen 完成。[DONE] step1b_PBE_opt 已生成（阶段 b），可提交
auto qTPC24-Mg1[band|S1b_cell]: 已提交 qTPC24-Mg1-band-S1b_cell (jobid=3577428)
+-------------+------+------+-----+----------+-----------+------------+-------------+----------------------+-------------+
| Material    | tt   | hpc  | dim | S1_relax | S2_static | S3_WAVECAR | S3.1_plot   | S4_HSE               | S4.1_plot   |
+=============+======+======+=====+==========+===========+============+=============+======================+=============+
| Mg2C60      | band | jzzn | 3D  | done     | done      | done       | completed   | error                | not started |
|             |      |      |     | -        | -         | -          | -           | -                    | -           |
| qHPC20      | band | jzzn | 2D  | done     | done      | done       | completed   | done                 | completed   |
|             |      |      |     | -        | -         | -          | -           | -                    | -           |
| qHPC24      | band | jzzn | 2D  | done     | done      | done       | completed   | done                 | completed   |
|             |      |      |     | -        | -         | -          | -           | -                    | -           |
| qHPC36-D6h  | band | jzzn | 2D  | done     | done      | done       | completed   | done                 | completed   |
|             |      |      |     | -        | -         | -          | -           | -                    | -           |
| qHPC60      | band | jzzn | 2D  | done     | done      | done       | completed   | running              | not started |
|             |      |      |     | -        | -         | -          | -           | cu47 3577106 3:12:47 | -           |
| qTP1C60     | band | jzzn | 2D  | done     | done      | done       | completed   | running              | not started |
|             |      |      |     | -        | -         | -          | -           | cu29 3576092 9:02:01 | -           |
| qTP2C36-D2d | band | jzzn | 2D  | done     | done      | done       | completed   | done                 | completed   |
|             |      |      |     | -        | -         | -          | -           | -                    | -           |
| qTP2C60     | band | jzzn | 2D  | done     | done      | done       | completed   | done                 | completed   |
|             |      |      |     | -        | -         | -          | -           | -                    | -           |
| qTPC20-b    | band | jzzn | 2D  | done     | done      | done       | completed   | done                 | completed   |
|             |      |      |     | -        | -         | -          | -           | -                    | -           |
| qTPC20-r    | band | jzzn | 2D  | done     | done      | done       | completed   | done                 | completed   |
|             |      |      |     | -        | -         | -          | -           | -                    | -           |
| qTPC24      | band | jzzn | 2D  | done     | done      | done       | completed   | done                 | completed   |
|             |      |      |     | -        | -         | -          | -           | -                    | -           |
| qTPC24-Mg1  | band | jzzn | 2D  | waiting  | waiting   | waiting    | not started | waiting              | not started |
|             |      |      |     | S1b_cell | -         | -          | -           | -                    | -           |
+-------------+------+------+-----+----------+-----------+------------+-------------+----------------------+-------------+
Total: 12 | Done: 8 | Waiting: 2 | Actionable: 2

FAILED / NEEDS ATTENTION:
  [band] Mg2C60                 S4_HSE     OUTCAR incomplete
+-------------+------+------+-----+-------------------+-----------+------------+-------------+----------------------+-------------+
| Material    | tt   | hpc  | dim | S1_relax          | S2_static | S3_WAVECAR | S3.1_plot   | S4_HSE               | S4.1_plot   |
+=============+======+======+=====+===================+===========+============+=============+======================+=============+
| Mg2C60      | band | jzzn | 3D  | done              | done      | done       | completed   | error                | not started |
|             |      |      |     | -                 | -         | -          | -           | -                    | -           |
| qHPC20      | band | jzzn | 2D  | done              | done      | done       | completed   | done                 | completed   |
|             |      |      |     | -                 | -         | -          | -           | -                    | -           |
| qHPC24      | band | jzzn | 2D  | done              | done      | done       | completed   | done                 | completed   |
|             |      |      |     | -                 | -         | -          | -           | -                    | -           |
| qHPC36-D6h  | band | jzzn | 2D  | done              | done      | done       | completed   | done                 | completed   |
|             |      |      |     | -                 | -         | -          | -           | -                    | -           |
| qHPC60      | band | jzzn | 2D  | done              | done      | done       | completed   | running              | not started |
|             |      |      |     | -                 | -         | -          | -           | cu47 3577106 3:18:32 | -           |
| qTP1C60     | band | jzzn | 2D  | done              | done      | done       | completed   | running              | not started |
|             |      |      |     | -                 | -         | -          | -           | cu29 3576092 9:07:46 | -           |
| qTP2C36-D2d | band | jzzn | 2D  | done              | done      | done       | completed   | done                 | completed   |
|             |      |      |     | -                 | -         | -          | -           | -                    | -           |
| qTP2C60     | band | jzzn | 2D  | done              | done      | done       | completed   | done                 | completed   |
|             |      |      |     | -                 | -         | -          | -           | -                    | -           |
| qTPC20-b    | band | jzzn | 2D  | done              | done      | done       | completed   | done                 | completed   |
|             |      |      |     | -                 | -         | -          | -           | -                    | -           |
| qTPC20-r    | band | jzzn | 2D  | done              | done      | done       | completed   | done                 | completed   |
|             |      |      |     | -                 | -         | -          | -           | -                    | -           |
| qTPC24      | band | jzzn | 2D  | done              | done      | done       | completed   | done                 | completed   |
|             |      |      |     | -                 | -         | -          | -           | -                    | -           |
| qTPC24-Mg1  | band | jzzn | 2D  | running           | waiting   | waiting    | not started | waiting              | not started |
|             |      |      |     | cu13 3577428 5:27 | -         | -          | -           | -                    | -           |
+-------------+------+------+-----+-------------------+-----------+------------+-------------+----------------------+-------------+
Total: 12 | Done: 8 | Waiting: 3 | Actionable: 1

FAILED / NEEDS ATTENTION:
  [band] Mg2C60                 S4_HSE     OUTCAR incomplete
[03:47:52] 无变化
[03:53:17] 无变化
[03:58:46] 无变化
[04:04:11] 无变化
[04:09:36] 无变化
[04:15:03] 无变化
[04:20:29] 无变化
[04:25:56] 无变化
[04:31:24] 无变化
[04:36:50] 无变化
[04:42:11] 无变化
[04:47:33] 无变化
[04:52:54] 无变化
[04:58:15] 无变化
[05:03:33] 无变化
[05:08:51] 无变化
[05:14:16] 无变化
[05:19:39] 无变化
[05:24:57] 无变化
[05:30:18] 无变化
[05:35:37] 无变化
[05:40:59] 无变化
[05:46:24] 无变化
[05:51:47] 无变化
[05:57:12] 无变化
[06:02:39] 无变化
[06:08:00] 无变化
[06:13:20] 无变化
[06:18:46] 无变化
[06:24:08] 无变化
[06:29:33] 无变化
[06:34:57] 无变化
[06:40:21] 无变化
[06:45:46] 无变化
[06:51:09] 无变化
[06:56:35] 无变化
[07:02:03] 无变化
[07:07:28] 无变化
[07:12:52] 无变化
[07:18:22] 无变化
[07:23:49] 无变化
[07:29:17] 无变化
[07:34:49] 无变化
auto qTP1C60[band|S4.1_plot]: 已生成 /public/home/wangchao/Fullerene_Network/fullerene_network/test/qTP1C60/step4_band_plot（band_summary.json）
+-------------+------+------+-----+----------------------+-----------+------------+-------------+----------------------+-------------+
| Material    | tt   | hpc  | dim | S1_relax             | S2_static | S3_WAVECAR | S3.1_plot   | S4_HSE               | S4.1_plot   |
+=============+======+======+=====+======================+===========+============+=============+======================+=============+
| Mg2C60      | band | jzzn | 3D  | done                 | done      | done       | completed   | error                | not started |
|             |      |      |     | -                    | -         | -          | -           | -                    | -           |
| qHPC20      | band | jzzn | 2D  | done                 | done      | done       | completed   | done                 | completed   |
|             |      |      |     | -                    | -         | -          | -           | -                    | -           |
| qHPC24      | band | jzzn | 2D  | done                 | done      | done       | completed   | done                 | completed   |
|             |      |      |     | -                    | -         | -          | -           | -                    | -           |
| qHPC36-D6h  | band | jzzn | 2D  | done                 | done      | done       | completed   | done                 | completed   |
|             |      |      |     | -                    | -         | -          | -           | -                    | -           |
| qHPC60      | band | jzzn | 2D  | done                 | done      | done       | completed   | running              | not started |
|             |      |      |     | -                    | -         | -          | -           | cu47 3577106 7:16:26 | -           |
| qTP1C60     | band | jzzn | 2D  | done                 | done      | done       | completed   | done                 | not started |
|             |      |      |     | -                    | -         | -          | -           | -                    | -           |
| qTP2C36-D2d | band | jzzn | 2D  | done                 | done      | done       | completed   | done                 | completed   |
|             |      |      |     | -                    | -         | -          | -           | -                    | -           |
| qTP2C60     | band | jzzn | 2D  | done                 | done      | done       | completed   | done                 | completed   |
|             |      |      |     | -                    | -         | -          | -           | -                    | -           |
| qTPC20-b    | band | jzzn | 2D  | done                 | done      | done       | completed   | done                 | completed   |
|             |      |      |     | -                    | -         | -          | -           | -                    | -           |
| qTPC20-r    | band | jzzn | 2D  | done                 | done      | done       | completed   | done                 | completed   |
|             |      |      |     | -                    | -         | -          | -           | -                    | -           |
| qTPC24      | band | jzzn | 2D  | done                 | done      | done       | completed   | done                 | completed   |
|             |      |      |     | -                    | -         | -          | -           | -                    | -           |
| qTPC24-Mg1  | band | jzzn | 2D  | running              | waiting   | waiting    | not started | waiting              | not started |
|             |      |      |     | cu13 3577428 4:03:21 | -         | -          | -           | -                    | -           |
+-------------+------+------+-----+----------------------+-----------+------------+-------------+----------------------+-------------+
Total: 12 | Done: 8 | Waiting: 2 | Actionable: 2

FAILED / NEEDS ATTENTION:
  [band] Mg2C60                 S4_HSE     OUTCAR incomplete
auto-fetch qTP1C60: step4_band_plot → /home/wangchao/Fullerene_Network/C60/qTP1C60/result
+-------------+------+------+-----+----------------------+-----------+------------+-------------+----------------------+-------------+
| Material    | tt   | hpc  | dim | S1_relax             | S2_static | S3_WAVECAR | S3.1_plot   | S4_HSE               | S4.1_plot   |
+=============+======+======+=====+======================+===========+============+=============+======================+=============+
| Mg2C60      | band | jzzn | 3D  | done                 | done      | done       | completed   | error                | not started |
|             |      |      |     | -                    | -         | -          | -           | -                    | -           |
| qHPC20      | band | jzzn | 2D  | done                 | done      | done       | completed   | done                 | completed   |
|             |      |      |     | -                    | -         | -          | -           | -                    | -           |
| qHPC24      | band | jzzn | 2D  | done                 | done      | done       | completed   | done                 | completed   |
|             |      |      |     | -                    | -         | -          | -           | -                    | -           |
| qHPC36-D6h  | band | jzzn | 2D  | done                 | done      | done       | completed   | done                 | completed   |
|             |      |      |     | -                    | -         | -          | -           | -                    | -           |
| qHPC60      | band | jzzn | 2D  | done                 | done      | done       | completed   | running              | not started |
|             |      |      |     | -                    | -         | -          | -           | cu47 3577106 7:22:04 | -           |
| qTP1C60     | band | jzzn | 2D  | done                 | done      | done       | completed   | done                 | completed   |
|             |      |      |     | -                    | -         | -          | -           | -                    | -           |
| qTP2C36-D2d | band | jzzn | 2D  | done                 | done      | done       | completed   | done                 | completed   |
|             |      |      |     | -                    | -         | -          | -           | -                    | -           |
| qTP2C60     | band | jzzn | 2D  | done                 | done      | done       | completed   | done                 | completed   |
|             |      |      |     | -                    | -         | -          | -           | -                    | -           |
| qTPC20-b    | band | jzzn | 2D  | done                 | done      | done       | completed   | done                 | completed   |
|             |      |      |     | -                    | -         | -          | -           | -                    | -           |
| qTPC20-r    | band | jzzn | 2D  | done                 | done      | done       | completed   | done                 | completed   |
|             |      |      |     | -                    | -         | -          | -           | -                    | -           |
| qTPC24      | band | jzzn | 2D  | done                 | done      | done       | completed   | done                 | completed   |
|             |      |      |     | -                    | -         | -          | -           | -                    | -           |
| qTPC24-Mg1  | band | jzzn | 2D  | running              | waiting   | waiting    | not started | waiting              | not started |
|             |      |      |     | cu13 3577428 4:08:59 | -         | -          | -           | -                    | -           |
+-------------+------+------+-----+----------------------+-----------+------------+-------------+----------------------+-------------+
Total: 12 | Done: 9 | Waiting: 2 | Actionable: 1

FAILED / NEEDS ATTENTION:
  [band] Mg2C60                 S4_HSE     OUTCAR incomplete
[07:51:26] 无变化
[07:56:55] 无变化
[08:02:27] 无变化
[08:07:56] 无变化
[08:13:30] 无变化
[08:19:01] 无变化
[08:24:29] 无变化
[08:29:54] 无变化
[08:35:15] 无变化
[08:40:38] 无变化
[08:46:03] 无变化
[08:51:22] 无变化
[08:56:45] 无变化
[09:02:10] 无变化
[09:07:36] 无变化
[09:13:02] 无变化
[09:18:29] 无变化
[09:23:55] 无变化
[09:29:24] 无变化
[09:34:50] 无变化
[09:40:16] 无变化
[09:45:47] 无变化
[09:51:16] 无变化
[09:56:36] 无变化
[10:02:02] 无变化
[10:07:25] 无变化
[10:12:49] 无变化
[10:18:16] 无变化
[10:23:42] 无变化
[10:29:12] 无变化
[10:34:42] 无变化
[10:40:09] 无变化
[10:45:35] 无变化
[10:51:05] 无变化
[10:56:33] 无变化
[11:02:01] 无变化
[11:07:28] 无变化
[11:12:56] 无变化
[11:18:25] 无变化
[11:23:52] 无变化
[11:29:20] 无变化
[11:34:51] 无变化
[11:40:18] 无变化
[11:45:45] 无变化
[11:51:18] 无变化
[11:56:47] 无变化
[12:02:15] 无变化
[12:07:48] 无变化
[12:13:19] 无变化
[12:18:48] 无变化
[12:24:19] 无变化
[12:29:48] 无变化
[12:35:21] 无变化
[12:40:51] 无变化
[12:46:20] 无变化
[12:51:53] 无变化
[12:57:24] 无变化
[13:02:53] 无变化
[13:08:26] 无变化
[13:13:58] 无变化
[13:19:28] 无变化
[13:25:01] 无变化
[13:30:30] 无变化
[13:36:05] 无变化
[13:41:35] 无变化
[13:47:05] 无变化
[13:52:41] 无变化
+-------------+------+------+-----+-----------------------+-----------+------------+-------------+-----------------------+-------------+
| Material    | tt   | hpc  | dim | S1_relax              | S2_static | S3_WAVECAR | S3.1_plot   | S4_HSE                | S4.1_plot   |
+=============+======+======+=====+=======================+===========+============+=============+=======================+=============+
| Mg2C60      | band | jzzn | 3D  | done                  | done      | done       | completed   | running               | not started |
|             |      |      |     | -                     | -         | -          | -           | cu25 3578387 1:05     | -           |
| qHPC20      | band | jzzn | 2D  | done                  | done      | done       | completed   | done                  | completed   |
|             |      |      |     | -                     | -         | -          | -           | -                     | -           |
| qHPC24      | band | jzzn | 2D  | done                  | done      | done       | completed   | done                  | completed   |
|             |      |      |     | -                     | -         | -          | -           | -                     | -           |
| qHPC36-D6h  | band | jzzn | 2D  | done                  | done      | done       | completed   | done                  | completed   |
|             |      |      |     | -                     | -         | -          | -           | -                     | -           |
| qHPC60      | band | jzzn | 2D  | done                  | done      | done       | completed   | running               | not started |
|             |      |      |     | -                     | -         | -          | -           | cu47 3577106 13:34:22 | -           |
| qTP1C60     | band | jzzn | 2D  | done                  | done      | done       | completed   | done                  | completed   |
|             |      |      |     | -                     | -         | -          | -           | -                     | -           |
| qTP2C36-D2d | band | jzzn | 2D  | done                  | done      | done       | completed   | done                  | completed   |
|             |      |      |     | -                     | -         | -          | -           | -                     | -           |
| qTP2C60     | band | jzzn | 2D  | done                  | done      | done       | completed   | done                  | completed   |
|             |      |      |     | -                     | -         | -          | -           | -                     | -           |
| qTPC20-b    | band | jzzn | 2D  | done                  | done      | done       | completed   | done                  | completed   |
|             |      |      |     | -                     | -         | -          | -           | -                     | -           |
| qTPC20-r    | band | jzzn | 2D  | done                  | done      | done       | completed   | done                  | completed   |
|             |      |      |     | -                     | -         | -          | -           | -                     | -           |
| qTPC24      | band | jzzn | 2D  | done                  | done      | done       | completed   | done                  | completed   |
|             |      |      |     | -                     | -         | -          | -           | -                     | -           |
| qTPC24-Mg1  | band | jzzn | 2D  | running               | waiting   | waiting    | not started | waiting               | not started |
|             |      |      |     | cu13 3577428 10:21:17 | -         | -          | -           | -                     | -           |
+-------------+------+------+-----+-----------------------+-----------+------------+-------------+-----------------------+-------------+
Total: 12 | Done: 9 | Waiting: 3 | Actionable: 0
[14:03:45] 无变化
[14:09:19] 无变化
[14:14:51] 无变化
[14:20:21] 无变化
[14:25:54] 无变化
[14:31:24] 无变化
[14:36:54] 无变化
[14:42:29] 无变化
[14:47:59] 无变化
[14:53:34] 无变化
[14:59:07] 无变化
[15:04:38] 无变化
[15:10:12] 无变化
[15:15:44] 无变化
[15:21:16] 无变化
[15:26:51] 无变化
[15:32:22] 无变化
[15:37:40] 无变化
[15:43:06] 无变化
[15:48:15] 无变化
[15:53:39] 无变化
[15:58:55] 无变化
[16:04:06] 无变化
[16:09:21] 无变化
[16:14:46] 无变化
[16:20:10] 无变化
[16:25:37] 无变化
[16:31:04] 无变化
auto-fetch qTPC24-Mg1: step1b_PBE_opt → /home/wangchao/Fullerene_Network/C24/qTPC24-Mg1/result
auto qTPC24-Mg1[band|S1c_fine]: gen 完成。[DONE] step1c_PBE_opt 已生成（阶段 c），可提交
auto qTPC24-Mg1[band|S1c_fine]: 已提交 qTPC24-Mg1-band-S1c_fine (jobid=3578687)
+-------------+------+------+-----+----------+-----------+------------+-------------+---------------------------+-------------+
| Material    | tt   | hpc  | dim | S1_relax | S2_static | S3_WAVECAR | S3.1_plot   | S4_HSE                    | S4.1_plot   |
+=============+======+======+=====+==========+===========+============+=============+===========================+=============+
| Mg2C60      | band | jzzn | 3D  | done     | done      | done       | completed   | running                   | not started |
|             |      |      |     | -        | -         | -          | -           | cu[25-26] 3578417 2:17:40 | -           |
| qHPC20      | band | jzzn | 2D  | done     | done      | done       | completed   | done                      | completed   |
|             |      |      |     | -        | -         | -          | -           | -                         | -           |
| qHPC24      | band | jzzn | 2D  | done     | done      | done       | completed   | done                      | completed   |
|             |      |      |     | -        | -         | -          | -           | -                         | -           |
| qHPC36-D6h  | band | jzzn | 2D  | done     | done      | done       | completed   | done                      | completed   |
|             |      |      |     | -        | -         | -          | -           | -                         | -           |
| qHPC60      | band | jzzn | 2D  | done     | done      | done       | completed   | running                   | not started |
|             |      |      |     | -        | -         | -          | -           | cu47 3577106 16:12:35     | -           |
| qTP1C60     | band | jzzn | 2D  | done     | done      | done       | completed   | done                      | completed   |
|             |      |      |     | -        | -         | -          | -           | -                         | -           |
| qTP2C36-D2d | band | jzzn | 2D  | done     | done      | done       | completed   | done                      | completed   |
|             |      |      |     | -        | -         | -          | -           | -                         | -           |
| qTP2C60     | band | jzzn | 2D  | done     | done      | done       | completed   | done                      | completed   |
|             |      |      |     | -        | -         | -          | -           | -                         | -           |
| qTPC20-b    | band | jzzn | 2D  | done     | done      | done       | completed   | done                      | completed   |
|             |      |      |     | -        | -         | -          | -           | -                         | -           |
| qTPC20-r    | band | jzzn | 2D  | done     | done      | done       | completed   | done                      | completed   |
|             |      |      |     | -        | -         | -          | -           | -                         | -           |
| qTPC24      | band | jzzn | 2D  | done     | done      | done       | completed   | done                      | completed   |
|             |      |      |     | -        | -         | -          | -           | -                         | -           |
| qTPC24-Mg1  | band | jzzn | 2D  | waiting  | waiting   | waiting    | not started | waiting                   | not started |
|             |      |      |     | S1c_fine | -         | -          | -           | -                         | -           |
+-------------+------+------+-----+----------+-----------+------------+-------------+---------------------------+-------------+
Total: 12 | Done: 9 | Waiting: 2 | Actionable: 1
+-------------+------+------+-----+-------------------+-----------+------------+-------------+---------------------------+-------------+
| Material    | tt   | hpc  | dim | S1_relax          | S2_static | S3_WAVECAR | S3.1_plot   | S4_HSE                    | S4.1_plot   |
+=============+======+======+=====+===================+===========+============+=============+===========================+=============+
| Mg2C60      | band | jzzn | 3D  | done              | done      | done       | completed   | running                   | not started |
|             |      |      |     | -                 | -         | -          | -           | cu[25-26] 3578417 2:23:15 | -           |
| qHPC20      | band | jzzn | 2D  | done              | done      | done       | completed   | done                      | completed   |
|             |      |      |     | -                 | -         | -          | -           | -                         | -           |
| qHPC24      | band | jzzn | 2D  | done              | done      | done       | completed   | done                      | completed   |
|             |      |      |     | -                 | -         | -          | -           | -                         | -           |
| qHPC36-D6h  | band | jzzn | 2D  | done              | done      | done       | completed   | done                      | completed   |
|             |      |      |     | -                 | -         | -          | -           | -                         | -           |
| qHPC60      | band | jzzn | 2D  | done              | done      | done       | completed   | running                   | not started |
|             |      |      |     | -                 | -         | -          | -           | cu47 3577106 16:18:11     | -           |
| qTP1C60     | band | jzzn | 2D  | done              | done      | done       | completed   | done                      | completed   |
|             |      |      |     | -                 | -         | -          | -           | -                         | -           |
| qTP2C36-D2d | band | jzzn | 2D  | done              | done      | done       | completed   | done                      | completed   |
|             |      |      |     | -                 | -         | -          | -           | -                         | -           |
| qTP2C60     | band | jzzn | 2D  | done              | done      | done       | completed   | done                      | completed   |
|             |      |      |     | -                 | -         | -          | -           | -                         | -           |
| qTPC20-b    | band | jzzn | 2D  | done              | done      | done       | completed   | done                      | completed   |
|             |      |      |     | -                 | -         | -          | -           | -                         | -           |
| qTPC20-r    | band | jzzn | 2D  | done              | done      | done       | completed   | done                      | completed   |
|             |      |      |     | -                 | -         | -          | -           | -                         | -           |
| qTPC24      | band | jzzn | 2D  | done              | done      | done       | completed   | done                      | completed   |
|             |      |      |     | -                 | -         | -          | -           | -                         | -           |
| qTPC24-Mg1  | band | jzzn | 2D  | running           | waiting   | waiting    | not started | waiting                   | not started |
|             |      |      |     | cu13 3578694 0:08 | -         | -          | -           | -                         | -           |
+-------------+------+------+-----+-------------------+-----------+------------+-------------+---------------------------+-------------+
Total: 12 | Done: 9 | Waiting: 3 | Actionable: 0
[16:47:21] 无变化
[16:52:47] 无变化
[16:58:14] 无变化
[17:03:42] 无变化
[17:09:08] 无变化
[17:14:36] 无变化
[17:20:02] 无变化
[17:25:28] 无变化
[17:30:46] 无变化
[17:36:07] 无变化
[17:41:21] 无变化
[17:46:38] 无变化
[17:52:04] 无变化
[17:57:33] 无变化
[18:02:48] 无变化
[18:08:13] 无变化
[18:13:37] 无变化
[18:19:03] 无变化
[18:24:30] 无变化
[18:29:41] 无变化
[18:34:48] 无变化
[18:40:00] 无变化
[18:45:28] 无变化
[18:50:58] 无变化
[18:56:23] 无变化
[19:01:52] 无变化
[19:07:19] 无变化
[19:12:43] 无变化
[19:18:10] 无变化
[19:23:25] 无变化
[19:28:54] 无变化
auto-fetch qTPC24-Mg1: step1c_PBE_opt → /home/wangchao/Fullerene_Network/C24/qTPC24-Mg1/result
auto qTPC24-Mg1[band|S2_static]: gen 失败。\\\///         
           / _  _ \         Hey, you must know what you are doing.
         (| (o)(o) |)       Otherwise you might get wrong results.
 +-----.OOOo--()--oOOO.------------------------------------------+
 |         VASPKIT Standard Edition 1.3.5 (03 Jul. 2022)         |
 |         Core Developer: Vei WANG (wangvei@icloud.com)         |
 |     Main Contributors: Nan XU, Jin-Cheng LIU & Gang TANG      |
 |  Online Tutorials Available on Website: https://vaspkit.com   |
 +-----.oooO-----------------------------------------------------+
        (   )   Oooo.                          VASPKIT Made Simple
         \ (    (   )     
          \_)    ) /      
                (_/       
 ===================== Structural Utilities ======================
 1)  VASP Input-Files Kit          2)  Mechanical Properties      
 3)  K-Path for Band-Structure     4)  Structure Editor           
 5)  Catalysis-ElectroChem Kit     6)  Symmetry Analysis          
 8)  Advanced Structure Models  
 ===================== Electronic Utilities ======================
 11) Density-of-States             21) Band-Structure             
 23) 3D Band-Structure             25) Hybrid-DFT Band-Structure  
 26) Fermi-Surface                 28) Band-Structure Unfolding   
 31) Charge-Density Analysis       42) Potential Analysis         
 51) Wave-Function Analysis        62) Magnetic Properties        
 65) Spin-Texture                  68) Transport Properties       
 ======================== Misc Utilities =========================
 71) Optical Properties            72) Molecular-Dynamics Kit     
 74) User Interface                78) VASP2other Interface       
 91) Semiconductor Kit             92) 2D-Material Kit            
 0)  Quit                                                         
 ------------>>
 ==================== VASP Input Files Options ===================
 101) Customize INCAR File                                        
 102) Generate KPOINTS File for SCF Calculation                   
 103) Generate POTCAR File with Default Setting                   
 104) Generate POTCAR File with User Specified Potential          
 105) Generate POSCAR File from cif (no fractional occupations)   
 106) Generate POSCAR File from Material Studio xsd (retain fixes)
 107) Reformat POSCAR File in Specified Order of Elements         
 108) Successive Procedure to Generate VASP Files and Check       
 109) Submit Job Queue                                            
                                                                  
 0)   Quit                                                        
 9)   Back                                                        
 ------------>>
 ======================== K-Mesh Scheme ==========================
 1) Monkhorst-Pack Scheme                                         
 2) Gamma Scheme                                                  
 3) Irreducible K-Points with Gamma Scheme                        
                                                                  
 0)   Quit                                                        
 9)   Back                                                        
 ------------->>
 -->> (01) Reading Structural Parameters from POSCAR File...
[..] step1 来源：step1c_PBE_opt
[..] Dimension: 2D — 继承自 step1c_PBE_opt/workflow_method.txt (DIM=2D)
[..] Submit template: submit_std_2d.tpl
[..] Regenerating KPOINTS: 1 -> 102 -> 2 -> 0.03
forrtl: severe (24): end-of-file during read, unit 11, file /public/home/wangchao/Fullerene_Network/work/qTPC24-Mg1/step2_PBE_static/POSCAR
Image              PC                Routine            Line        Source             
vaspkit            00000000008FEFDB  Unknown               Unknown  Unknown
vaspkit            00000000009340A2  Unknown               Unknown  Unknown
vaspkit            0000000000617744  read_atomic_posit          16  readposcar.F90
vaspkit            00000000006767A7  kmesh_gen_                182  kmesh.F90
vaspkit            000000000075EB63  get_input_files_           30  getinputfiles.F90
vaspkit            00000000006EFF9C  task_                      18  task.F90
vaspkit            00000000005EB092  mainmenu_                  41  mainmenu.F90
vaspkit            00000000006B4E26  MAIN__                     27  main.F90
vaspkit            00000000004085A2  Unknown               Unknown  Unknown
libc-2.28.so       000014F9057296A3  __libc_start_main     Unknown  Unknown
vaspkit            00000000004084A9  Unknown               Unknown  Unknown
[ERROR] VASPKIT failed, return code=24
+-------------+------+------+-----+----------+-----------+------------+-------------+---------------------------+-------------+
| Material    | tt   | hpc  | dim | S1_relax | S2_static | S3_WAVECAR | S3.1_plot   | S4_HSE                    | S4.1_plot   |
+=============+======+======+=====+==========+===========+============+=============+===========================+=============+
| Mg2C60      | band | jzzn | 3D  | done     | done      | done       | completed   | running                   | not started |
|             |      |      |     | -        | -         | -          | -           | cu[25-26] 3578417 5:15:29 | -           |
| qHPC20      | band | jzzn | 2D  | done     | done      | done       | completed   | done                      | completed   |
|             |      |      |     | -        | -         | -          | -           | -                         | -           |
| qHPC24      | band | jzzn | 2D  | done     | done      | done       | completed   | done                      | completed   |
|             |      |      |     | -        | -         | -          | -           | -                         | -           |
| qHPC36-D6h  | band | jzzn | 2D  | done     | done      | done       | completed   | done                      | completed   |
|             |      |      |     | -        | -         | -          | -           | -                         | -           |
| qHPC60      | band | jzzn | 2D  | done     | done      | done       | completed   | running                   | not started |
|             |      |      |     | -        | -         | -          | -           | cu47 3577106 19:10:24     | -           |
| qTP1C60     | band | jzzn | 2D  | done     | done      | done       | completed   | done                      | completed   |
|             |      |      |     | -        | -         | -          | -           | -                         | -           |
| qTP2C36-D2d | band | jzzn | 2D  | done     | done      | done       | completed   | done                      | completed   |
|             |      |      |     | -        | -         | -          | -           | -                         | -           |
| qTP2C60     | band | jzzn | 2D  | done     | done      | done       | completed   | done                      | completed   |
|             |      |      |     | -        | -         | -          | -           | -                         | -           |
| qTPC20-b    | band | jzzn | 2D  | done     | done      | done       | completed   | done                      | completed   |
|             |      |      |     | -        | -         | -          | -           | -                         | -           |
| qTPC20-r    | band | jzzn | 2D  | done     | done      | done       | completed   | done                      | completed   |
|             |      |      |     | -        | -         | -          | -           | -                         | -           |
| qTPC24      | band | jzzn | 2D  | done     | done      | done       | completed   | done                      | completed   |
|             |      |      |     | -        | -         | -          | -           | -                         | -           |
| qTPC24-Mg1  | band | jzzn | 2D  | done     | waiting   | waiting    | not started | waiting                   | not started |
|             |      |      |     | -        | -         | -          | -           | -                         | -           |
+-------------+------+------+-----+----------+-----------+------------+-------------+---------------------------+-------------+
Total: 12 | Done: 9 | Waiting: 2 | Actionable: 1
auto qTPC24-Mg1[band|S2_static]: gen 失败。\\\///         
           / _  _ \         Hey, you must know what you are doing.
         (| (o)(o) |)       Otherwise you might get wrong results.
 +-----.OOOo--()--oOOO.------------------------------------------+
 |         VASPKIT Standard Edition 1.3.5 (03 Jul. 2022)         |
 |         Core Developer: Vei WANG (wangvei@icloud.com)         |
 |     Main Contributors: Nan XU, Jin-Cheng LIU & Gang TANG      |
 |  Online Tutorials Available on Website: https://vaspkit.com   |
 +-----.oooO-----------------------------------------------------+
        (   )   Oooo.                          VASPKIT Made Simple
         \ (    (   )     
          \_)    ) /      
                (_/       
 ===================== Structural Utilities ======================
 1)  VASP Input-Files Kit          2)  Mechanical Properties      
 3)  K-Path for Band-Structure     4)  Structure Editor           
 5)  Catalysis-ElectroChem Kit     6)  Symmetry Analysis          
 8)  Advanced Structure Models  
 ===================== Electronic Utilities ======================
 11) Density-of-States             21) Band-Structure             
 23) 3D Band-Structure             25) Hybrid-DFT Band-Structure  
 26) Fermi-Surface                 28) Band-Structure Unfolding   
 31) Charge-Density Analysis       42) Potential Analysis         
 51) Wave-Function Analysis        62) Magnetic Properties        
 65) Spin-Texture                  68) Transport Properties       
 ======================== Misc Utilities =========================
 71) Optical Properties            72) Molecular-Dynamics Kit     
 74) User Interface                78) VASP2other Interface       
 91) Semiconductor Kit             92) 2D-Material Kit            
 0)  Quit                                                         
 ------------>>
 ==================== VASP Input Files Options ===================
 101) Customize INCAR File                                        
 102) Generate KPOINTS File for SCF Calculation                   
 103) Generate POTCAR File with Default Setting                   
 104) Generate POTCAR File with User Specified Potential          
 105) Generate POSCAR File from cif (no fractional occupations)   
 106) Generate POSCAR File from Material Studio xsd (retain fixes)
 107) Reformat POSCAR File in Specified Order of Elements         
 108) Successive Procedure to Generate VASP Files and Check       
 109) Submit Job Queue                                            
                                                                  
 0)   Quit                                                        
 9)   Back                                                        
 ------------>>
 ======================== K-Mesh Scheme ==========================
 1) Monkhorst-Pack Scheme                                         
 2) Gamma Scheme                                                  
 3) Irreducible K-Points with Gamma Scheme                        
                                                                  
 0)   Quit                                                        
 9)   Back                                                        
 ------------->>
 -->> (01) Reading Structural Parameters from POSCAR File...
[..] step1 来源：step1c_PBE_opt
[..] Dimension: 2D — 继承自 step1c_PBE_opt/workflow_method.txt (DIM=2D)
[..] Submit template: submit_std_2d.tpl
[..] Regenerating KPOINTS: 1 -> 102 -> 2 -> 0.03
forrtl: severe (24): end-of-file during read, unit 11, file /public/home/wangchao/Fullerene_Network/work/qTPC24-Mg1/step2_PBE_static/POSCAR
Image              PC                Routine            Line        Source             
vaspkit            00000000008FEFDB  Unknown               Unknown  Unknown
vaspkit            00000000009340A2  Unknown               Unknown  Unknown
vaspkit            0000000000617744  read_atomic_posit          16  readposcar.F90
vaspkit            00000000006767A7  kmesh_gen_                182  kmesh.F90
vaspkit            000000000075EB63  get_input_files_           30  getinputfiles.F90
vaspkit            00000000006EFF9C  task_                      18  task.F90
vaspkit            00000000005EB092  mainmenu_                  41  mainmenu.F90
vaspkit            00000000006B4E26  MAIN__                     27  main.F90
vaspkit            00000000004085A2  Unknown               Unknown  Unknown
libc-2.28.so       0000152B1DF5F6A3  __libc_start_main     Unknown  Unknown
vaspkit            00000000004084A9  Unknown               Unknown  Unknown
[ERROR] VASPKIT failed, return code=24
[19:39:41] 无变化
auto qTPC24-Mg1[band|S2_static]: gen 失败。\\\///         
           / _  _ \         Hey, you must know what you are doing.
         (| (o)(o) |)       Otherwise you might get wrong results.
 +-----.OOOo--()--oOOO.------------------------------------------+
 |         VASPKIT Standard Edition 1.3.5 (03 Jul. 2022)         |
 |         Core Developer: Vei WANG (wangvei@icloud.com)         |
 |     Main Contributors: Nan XU, Jin-Cheng LIU & Gang TANG      |
 |  Online Tutorials Available on Website: https://vaspkit.com   |
 +-----.oooO-----------------------------------------------------+
        (   )   Oooo.                          VASPKIT Made Simple
         \ (    (   )     
          \_)    ) /      
                (_/       
 ===================== Structural Utilities ======================
 1)  VASP Input-Files Kit          2)  Mechanical Properties      
 3)  K-Path for Band-Structure     4)  Structure Editor           
 5)  Catalysis-ElectroChem Kit     6)  Symmetry Analysis          
 8)  Advanced Structure Models  
 ===================== Electronic Utilities ======================
 11) Density-of-States             21) Band-Structure             
 23) 3D Band-Structure             25) Hybrid-DFT Band-Structure  
 26) Fermi-Surface                 28) Band-Structure Unfolding   
 31) Charge-Density Analysis       42) Potential Analysis         
 51) Wave-Function Analysis        62) Magnetic Properties        
 65) Spin-Texture                  68) Transport Properties       
 ======================== Misc Utilities =========================
 71) Optical Properties            72) Molecular-Dynamics Kit     
 74) User Interface                78) VASP2other Interface       
 91) Semiconductor Kit             92) 2D-Material Kit            
 0)  Quit                                                         
 ------------>>
 ==================== VASP Input Files Options ===================
 101) Customize INCAR File                                        
 102) Generate KPOINTS File for SCF Calculation                   
 103) Generate POTCAR File with Default Setting                   
 104) Generate POTCAR File with User Specified Potential          
 105) Generate POSCAR File from cif (no fractional occupations)   
 106) Generate POSCAR File from Material Studio xsd (retain fixes)
 107) Reformat POSCAR File in Specified Order of Elements         
 108) Successive Procedure to Generate VASP Files and Check       
 109) Submit Job Queue                                            
                                                                  
 0)   Quit                                                        
 9)   Back                                                        
 ------------>>
 ======================== K-Mesh Scheme ==========================
 1) Monkhorst-Pack Scheme                                         
 2) Gamma Scheme                                                  
 3) Irreducible K-Points with Gamma Scheme                        
                                                                  
 0)   Quit                                                        
 9)   Back                                                        
 ------------->>
 -->> (01) Reading Structural Parameters from POSCAR File...
[..] step1 来源：step1c_PBE_opt
[..] Dimension: 2D — 继承自 step1c_PBE_opt/workflow_method.txt (DIM=2D)
[..] Submit template: submit_std_2d.tpl
[..] Regenerating KPOINTS: 1 -> 102 -> 2 -> 0.03
forrtl: severe (24): end-of-file during read, unit 11, file /public/home/wangchao/Fullerene_Network/work/qTPC24-Mg1/step2_PBE_static/POSCAR
Image              PC                Routine            Line        Source             
vaspkit            00000000008FEFDB  Unknown               Unknown  Unknown
vaspkit            00000000009340A2  Unknown               Unknown  Unknown
vaspkit            0000000000617744  read_atomic_posit          16  readposcar.F90
vaspkit            00000000006767A7  kmesh_gen_                182  kmesh.F90
vaspkit            000000000075EB63  get_input_files_           30  getinputfiles.F90
vaspkit            00000000006EFF9C  task_                      18  task.F90
vaspkit            00000000005EB092  mainmenu_                  41  mainmenu.F90
vaspkit            00000000006B4E26  MAIN__                     27  main.F90
vaspkit            00000000004085A2  Unknown               Unknown  Unknown
libc-2.28.so       000014B81A5F86A3  __libc_start_main     Unknown  Unknown
vaspkit            00000000004084A9  Unknown               Unknown  Unknown
[ERROR] VASPKIT failed, return code=24
[19:45:13] 无变化
auto qTPC24-Mg1[band|S2_static]: gen 失败。\\\///         
           / _  _ \         Hey, you must know what you are doing.
         (| (o)(o) |)       Otherwise you might get wrong results.
 +-----.OOOo--()--oOOO.------------------------------------------+
 |         VASPKIT Standard Edition 1.3.5 (03 Jul. 2022)         |
 |         Core Developer: Vei WANG (wangvei@icloud.com)         |
 |     Main Contributors: Nan XU, Jin-Cheng LIU & Gang TANG      |
 |  Online Tutorials Available on Website: https://vaspkit.com   |
 +-----.oooO-----------------------------------------------------+
        (   )   Oooo.                          VASPKIT Made Simple
         \ (    (   )     
          \_)    ) /      
                (_/       
 ===================== Structural Utilities ======================
 1)  VASP Input-Files Kit          2)  Mechanical Properties      
 3)  K-Path for Band-Structure     4)  Structure Editor           
 5)  Catalysis-ElectroChem Kit     6)  Symmetry Analysis          
 8)  Advanced Structure Models  
 ===================== Electronic Utilities ======================
 11) Density-of-States             21) Band-Structure             
 23) 3D Band-Structure             25) Hybrid-DFT Band-Structure  
 26) Fermi-Surface                 28) Band-Structure Unfolding   
 31) Charge-Density Analysis       42) Potential Analysis         
 51) Wave-Function Analysis        62) Magnetic Properties        
 65) Spin-Texture                  68) Transport Properties       
 ======================== Misc Utilities =========================
 71) Optical Properties            72) Molecular-Dynamics Kit     
 74) User Interface                78) VASP2other Interface       
 91) Semiconductor Kit             92) 2D-Material Kit            
 0)  Quit                                                         
 ------------>>
 ==================== VASP Input Files Options ===================
 101) Customize INCAR File                                        
 102) Generate KPOINTS File for SCF Calculation                   
 103) Generate POTCAR File with Default Setting                   
 104) Generate POTCAR File with User Specified Potential          
 105) Generate POSCAR File from cif (no fractional occupations)   
 106) Generate POSCAR File from Material Studio xsd (retain fixes)
 107) Reformat POSCAR File in Specified Order of Elements         
 108) Successive Procedure to Generate VASP Files and Check       
 109) Submit Job Queue                                            
                                                                  
 0)   Quit                                                        
 9)   Back                                                        
 ------------>>
 ======================== K-Mesh Scheme ==========================
 1) Monkhorst-Pack Scheme                                         
 2) Gamma Scheme                                                  
 3) Irreducible K-Points with Gamma Scheme                        
                                                                  
 0)   Quit                                                        
 9)   Back                                                        
 ------------->>
 -->> (01) Reading Structural Parameters from POSCAR File...
[..] step1 来源：step1c_PBE_opt
[..] Dimension: 2D — 继承自 step1c_PBE_opt/workflow_method.txt (DIM=2D)
[..] Submit template: submit_std_2d.tpl
[..] Regenerating KPOINTS: 1 -> 102 -> 2 -> 0.03
forrtl: severe (24): end-of-file during read, unit 11, file /public/home/wangchao/Fullerene_Network/work/qTPC24-Mg1/step2_PBE_static/POSCAR
Image              PC                Routine            Line        Source             
vaspkit            00000000008FEFDB  Unknown               Unknown  Unknown
vaspkit            00000000009340A2  Unknown               Unknown  Unknown
vaspkit            0000000000617744  read_atomic_posit          16  readposcar.F90
vaspkit            00000000006767A7  kmesh_gen_                182  kmesh.F90
vaspkit            000000000075EB63  get_input_files_           30  getinputfiles.F90
vaspkit            00000000006EFF9C  task_                      18  task.F90
vaspkit            00000000005EB092  mainmenu_                  41  mainmenu.F90
vaspkit            00000000006B4E26  MAIN__                     27  main.F90
vaspkit            00000000004085A2  Unknown               Unknown  Unknown
libc-2.28.so       000014D7FDE6B6A3  __libc_start_main     Unknown  Unknown
vaspkit            00000000004084A9  Unknown               Unknown  Unknown
[ERROR] VASPKIT failed, return code=24
[19:50:39] 无变化
auto qTPC24-Mg1[band|S2_static]: gen 失败。\\\///         
           / _  _ \         Hey, you must know what you are doing.
         (| (o)(o) |)       Otherwise you might get wrong results.
 +-----.OOOo--()--oOOO.------------------------------------------+
 |         VASPKIT Standard Edition 1.3.5 (03 Jul. 2022)         |
 |         Core Developer: Vei WANG (wangvei@icloud.com)         |
 |     Main Contributors: Nan XU, Jin-Cheng LIU & Gang TANG      |
 |  Online Tutorials Available on Website: https://vaspkit.com   |
 +-----.oooO-----------------------------------------------------+
        (   )   Oooo.                          VASPKIT Made Simple
         \ (    (   )     
          \_)    ) /      
                (_/       
 ===================== Structural Utilities ======================
 1)  VASP Input-Files Kit          2)  Mechanical Properties      
 3)  K-Path for Band-Structure     4)  Structure Editor           
 5)  Catalysis-ElectroChem Kit     6)  Symmetry Analysis          
 8)  Advanced Structure Models  
 ===================== Electronic Utilities ======================
 11) Density-of-States             21) Band-Structure             
 23) 3D Band-Structure             25) Hybrid-DFT Band-Structure  
 26) Fermi-Surface                 28) Band-Structure Unfolding   
 31) Charge-Density Analysis       42) Potential Analysis         
 51) Wave-Function Analysis        62) Magnetic Properties        
 65) Spin-Texture                  68) Transport Properties       
 ======================== Misc Utilities =========================
 71) Optical Properties            72) Molecular-Dynamics Kit     
 74) User Interface                78) VASP2other Interface       
 91) Semiconductor Kit             92) 2D-Material Kit            
 0)  Quit                                                         
 ------------>>
 ==================== VASP Input Files Options ===================
 101) Customize INCAR File                                        
 102) Generate KPOINTS File for SCF Calculation                   
 103) Generate POTCAR File with Default Setting                   
 104) Generate POTCAR File with User Specified Potential          
 105) Generate POSCAR File from cif (no fractional occupations)   
 106) Generate POSCAR File from Material Studio xsd (retain fixes)
 107) Reformat POSCAR File in Specified Order of Elements         
 108) Successive Procedure to Generate VASP Files and Check       
 109) Submit Job Queue                                            
                                                                  
 0)   Quit                                                        
 9)   Back                                                        
 ------------>>
 ======================== K-Mesh Scheme ==========================
 1) Monkhorst-Pack Scheme                                         
 2) Gamma Scheme                                                  
 3) Irreducible K-Points with Gamma Scheme                        
                                                                  
 0)   Quit                                                        
 9)   Back                                                        
 ------------->>
 -->> (01) Reading Structural Parameters from POSCAR File...
[..] step1 来源：step1c_PBE_opt
[..] Dimension: 2D — 继承自 step1c_PBE_opt/workflow_method.txt (DIM=2D)
[..] Submit template: submit_std_2d.tpl
[..] Regenerating KPOINTS: 1 -> 102 -> 2 -> 0.03
forrtl: severe (24): end-of-file during read, unit 11, file /public/home/wangchao/Fullerene_Network/work/qTPC24-Mg1/step2_PBE_static/POSCAR
Image              PC                Routine            Line        Source             
vaspkit            00000000008FEFDB  Unknown               Unknown  Unknown
vaspkit            00000000009340A2  Unknown               Unknown  Unknown
vaspkit            0000000000617744  read_atomic_posit          16  readposcar.F90
vaspkit            00000000006767A7  kmesh_gen_                182  kmesh.F90
vaspkit            000000000075EB63  get_input_files_           30  getinputfiles.F90
vaspkit            00000000006EFF9C  task_                      18  task.F90
vaspkit            00000000005EB092  mainmenu_                  41  mainmenu.F90
vaspkit            00000000006B4E26  MAIN__                     27  main.F90
vaspkit            00000000004085A2  Unknown               Unknown  Unknown
libc-2.28.so       0000148AE651F6A3  __libc_start_main     Unknown  Unknown
vaspkit            00000000004084A9  Unknown               Unknown  Unknown
[ERROR] VASPKIT failed, return code=24
[19:56:06] 无变化
auto qTPC24-Mg1[band|S2_static]: gen 失败。\\\///         
           / _  _ \         Hey, you must know what you are doing.
         (| (o)(o) |)       Otherwise you might get wrong results.
 +-----.OOOo--()--oOOO.------------------------------------------+
 |         VASPKIT Standard Edition 1.3.5 (03 Jul. 2022)         |
 |         Core Developer: Vei WANG (wangvei@icloud.com)         |
 |     Main Contributors: Nan XU, Jin-Cheng LIU & Gang TANG      |
 |  Online Tutorials Available on Website: https://vaspkit.com   |
 +-----.oooO-----------------------------------------------------+
        (   )   Oooo.                          VASPKIT Made Simple
         \ (    (   )     
          \_)    ) /      
                (_/       
 ===================== Structural Utilities ======================
 1)  VASP Input-Files Kit          2)  Mechanical Properties      
 3)  K-Path for Band-Structure     4)  Structure Editor           
 5)  Catalysis-ElectroChem Kit     6)  Symmetry Analysis          
 8)  Advanced Structure Models  
 ===================== Electronic Utilities ======================
 11) Density-of-States             21) Band-Structure             
 23) 3D Band-Structure             25) Hybrid-DFT Band-Structure  
 26) Fermi-Surface                 28) Band-Structure Unfolding   
 31) Charge-Density Analysis       42) Potential Analysis         
 51) Wave-Function Analysis        62) Magnetic Properties        
 65) Spin-Texture                  68) Transport Properties       
 ======================== Misc Utilities =========================
 71) Optical Properties            72) Molecular-Dynamics Kit     
 74) User Interface                78) VASP2other Interface       
 91) Semiconductor Kit             92) 2D-Material Kit            
 0)  Quit                                                         
 ------------>>
 ==================== VASP Input Files Options ===================
 101) Customize INCAR File                                        
 102) Generate KPOINTS File for SCF Calculation                   
 103) Generate POTCAR File with Default Setting                   
 104) Generate POTCAR File with User Specified Potential          
 105) Generate POSCAR File from cif (no fractional occupations)   
 106) Generate POSCAR File from Material Studio xsd (retain fixes)
 107) Reformat POSCAR File in Specified Order of Elements         
 108) Successive Procedure to Generate VASP Files and Check       
 109) Submit Job Queue                                            
                                                                  
 0)   Quit                                                        
 9)   Back                                                        
 ------------>>
 ======================== K-Mesh Scheme ==========================
 1) Monkhorst-Pack Scheme                                         
 2) Gamma Scheme                                                  
 3) Irreducible K-Points with Gamma Scheme                        
                                                                  
 0)   Quit                                                        
 9)   Back                                                        
 ------------->>
 -->> (01) Reading Structural Parameters from POSCAR File...
[..] step1 来源：step1c_PBE_opt
[..] Dimension: 2D — 继承自 step1c_PBE_opt/workflow_method.txt (DIM=2D)
[..] Submit template: submit_std_2d.tpl
[..] Regenerating KPOINTS: 1 -> 102 -> 2 -> 0.03
forrtl: severe (24): end-of-file during read, unit 11, file /public/home/wangchao/Fullerene_Network/work/qTPC24-Mg1/step2_PBE_static/POSCAR
Image              PC                Routine            Line        Source             
vaspkit            00000000008FEFDB  Unknown               Unknown  Unknown
vaspkit            00000000009340A2  Unknown               Unknown  Unknown
vaspkit            0000000000617744  read_atomic_posit          16  readposcar.F90
vaspkit            00000000006767A7  kmesh_gen_                182  kmesh.F90
vaspkit            000000000075EB63  get_input_files_           30  getinputfiles.F90
vaspkit            00000000006EFF9C  task_                      18  task.F90
vaspkit            00000000005EB092  mainmenu_                  41  mainmenu.F90
vaspkit            00000000006B4E26  MAIN__                     27  main.F90
vaspkit            00000000004085A2  Unknown               Unknown  Unknown
libc-2.28.so       00001484678AA6A3  __libc_start_main     Unknown  Unknown
vaspkit            00000000004084A9  Unknown               Unknown  Unknown
[ERROR] VASPKIT failed, return code=24
[20:01:35] 无变化
auto qTPC24-Mg1[band|S2_static]: gen 失败。\\\///         
           / _  _ \         Hey, you must know what you are doing.
         (| (o)(o) |)       Otherwise you might get wrong results.
 +-----.OOOo--()--oOOO.------------------------------------------+
 |         VASPKIT Standard Edition 1.3.5 (03 Jul. 2022)         |
 |         Core Developer: Vei WANG (wangvei@icloud.com)         |
 |     Main Contributors: Nan XU, Jin-Cheng LIU & Gang TANG      |
 |  Online Tutorials Available on Website: https://vaspkit.com   |
 +-----.oooO-----------------------------------------------------+
        (   )   Oooo.                          VASPKIT Made Simple
         \ (    (   )     
          \_)    ) /      
                (_/       
 ===================== Structural Utilities ======================
 1)  VASP Input-Files Kit          2)  Mechanical Properties      
 3)  K-Path for Band-Structure     4)  Structure Editor           
 5)  Catalysis-ElectroChem Kit     6)  Symmetry Analysis          
 8)  Advanced Structure Models  
 ===================== Electronic Utilities ======================
 11) Density-of-States             21) Band-Structure             
 23) 3D Band-Structure             25) Hybrid-DFT Band-Structure  
 26) Fermi-Surface                 28) Band-Structure Unfolding   
 31) Charge-Density Analysis       42) Potential Analysis         
 51) Wave-Function Analysis        62) Magnetic Properties        
 65) Spin-Texture                  68) Transport Properties       
 ======================== Misc Utilities =========================
 71) Optical Properties            72) Molecular-Dynamics Kit     
 74) User Interface                78) VASP2other Interface       
 91) Semiconductor Kit             92) 2D-Material Kit            
 0)  Quit                                                         
 ------------>>
 ==================== VASP Input Files Options ===================
 101) Customize INCAR File                                        
 102) Generate KPOINTS File for SCF Calculation                   
 103) Generate POTCAR File with Default Setting                   
 104) Generate POTCAR File with User Specified Potential          
 105) Generate POSCAR File from cif (no fractional occupations)   
 106) Generate POSCAR File from Material Studio xsd (retain fixes)
 107) Reformat POSCAR File in Specified Order of Elements         
 108) Successive Procedure to Generate VASP Files and Check       
 109) Submit Job Queue                                            
                                                                  
 0)   Quit                                                        
 9)   Back                                                        
 ------------>>
 ======================== K-Mesh Scheme ==========================
 1) Monkhorst-Pack Scheme                                         
 2) Gamma Scheme                                                  
 3) Irreducible K-Points with Gamma Scheme                        
                                                                  
 0)   Quit                                                        
 9)   Back                                                        
 ------------->>
 -->> (01) Reading Structural Parameters from POSCAR File...
[..] step1 来源：step1c_PBE_opt
[..] Dimension: 2D — 继承自 step1c_PBE_opt/workflow_method.txt (DIM=2D)
[..] Submit template: submit_std_2d.tpl
[..] Regenerating KPOINTS: 1 -> 102 -> 2 -> 0.03
forrtl: severe (24): end-of-file during read, unit 11, file /public/home/wangchao/Fullerene_Network/work/qTPC24-Mg1/step2_PBE_static/POSCAR
Image              PC                Routine            Line        Source             
vaspkit            00000000008FEFDB  Unknown               Unknown  Unknown
vaspkit            00000000009340A2  Unknown               Unknown  Unknown
vaspkit            0000000000617744  read_atomic_posit          16  readposcar.F90
vaspkit            00000000006767A7  kmesh_gen_                182  kmesh.F90
vaspkit            000000000075EB63  get_input_files_           30  getinputfiles.F90
vaspkit            00000000006EFF9C  task_                      18  task.F90
vaspkit            00000000005EB092  mainmenu_                  41  mainmenu.F90
vaspkit            00000000006B4E26  MAIN__                     27  main.F90
vaspkit            00000000004085A2  Unknown               Unknown  Unknown
libc-2.28.so       000014EE2F7566A3  __libc_start_main     Unknown  Unknown
vaspkit            00000000004084A9  Unknown               Unknown  Unknown
[ERROR] VASPKIT failed, return code=24
[20:07:07] 无变化
auto qTPC24-Mg1[band|S2_static]: gen 失败。\\\///         
           / _  _ \         Hey, you must know what you are doing.
         (| (o)(o) |)       Otherwise you might get wrong results.
 +-----.OOOo--()--oOOO.------------------------------------------+
 |         VASPKIT Standard Edition 1.3.5 (03 Jul. 2022)         |
 |         Core Developer: Vei WANG (wangvei@icloud.com)         |
 |     Main Contributors: Nan XU, Jin-Cheng LIU & Gang TANG      |
 |  Online Tutorials Available on Website: https://vaspkit.com   |
 +-----.oooO-----------------------------------------------------+
        (   )   Oooo.                          VASPKIT Made Simple
         \ (    (   )     
          \_)    ) /      
                (_/       
 ===================== Structural Utilities ======================
 1)  VASP Input-Files Kit          2)  Mechanical Properties      
 3)  K-Path for Band-Structure     4)  Structure Editor           
 5)  Catalysis-ElectroChem Kit     6)  Symmetry Analysis          
 8)  Advanced Structure Models  
 ===================== Electronic Utilities ======================
 11) Density-of-States             21) Band-Structure             
 23) 3D Band-Structure             25) Hybrid-DFT Band-Structure  
 26) Fermi-Surface                 28) Band-Structure Unfolding   
 31) Charge-Density Analysis       42) Potential Analysis         
 51) Wave-Function Analysis        62) Magnetic Properties        
 65) Spin-Texture                  68) Transport Properties       
 ======================== Misc Utilities =========================
 71) Optical Properties            72) Molecular-Dynamics Kit     
 74) User Interface                78) VASP2other Interface       
 91) Semiconductor Kit             92) 2D-Material Kit            
 0)  Quit                                                         
 ------------>>
 ==================== VASP Input Files Options ===================
 101) Customize INCAR File                                        
 102) Generate KPOINTS File for SCF Calculation                   
 103) Generate POTCAR File with Default Setting                   
 104) Generate POTCAR File with User Specified Potential          
 105) Generate POSCAR File from cif (no fractional occupations)   
 106) Generate POSCAR File from Material Studio xsd (retain fixes)
 107) Reformat POSCAR File in Specified Order of Elements         
 108) Successive Procedure to Generate VASP Files and Check       
 109) Submit Job Queue                                            
                                                                  
 0)   Quit                                                        
 9)   Back                                                        
 ------------>>
 ======================== K-Mesh Scheme ==========================
 1) Monkhorst-Pack Scheme                                         
 2) Gamma Scheme                                                  
 3) Irreducible K-Points with Gamma Scheme                        
                                                                  
 0)   Quit                                                        
 9)   Back                                                        
 ------------->>
 -->> (01) Reading Structural Parameters from POSCAR File...
[..] step1 来源：step1c_PBE_opt
[..] Dimension: 2D — 继承自 step1c_PBE_opt/workflow_method.txt (DIM=2D)
[..] Submit template: submit_std_2d.tpl
[..] Regenerating KPOINTS: 1 -> 102 -> 2 -> 0.03
forrtl: severe (24): end-of-file during read, unit 11, file /public/home/wangchao/Fullerene_Network/work/qTPC24-Mg1/step2_PBE_static/POSCAR
Image              PC                Routine            Line        Source             
vaspkit            00000000008FEFDB  Unknown               Unknown  Unknown
vaspkit            00000000009340A2  Unknown               Unknown  Unknown
vaspkit            0000000000617744  read_atomic_posit          16  readposcar.F90
vaspkit            00000000006767A7  kmesh_gen_                182  kmesh.F90
vaspkit            000000000075EB63  get_input_files_           30  getinputfiles.F90
vaspkit            00000000006EFF9C  task_                      18  task.F90
vaspkit            00000000005EB092  mainmenu_                  41  mainmenu.F90
vaspkit            00000000006B4E26  MAIN__                     27  main.F90
vaspkit            00000000004085A2  Unknown               Unknown  Unknown
libc-2.28.so       000014984E0E06A3  __libc_start_main     Unknown  Unknown
vaspkit            00000000004084A9  Unknown               Unknown  Unknown
[ERROR] VASPKIT failed, return code=24
[20:12:14] 无变化
auto qTPC24-Mg1[band|S2_static]: gen 失败。\\\///         
           / _  _ \         Hey, you must know what you are doing.
         (| (o)(o) |)       Otherwise you might get wrong results.
 +-----.OOOo--()--oOOO.------------------------------------------+
 |         VASPKIT Standard Edition 1.3.5 (03 Jul. 2022)         |
 |         Core Developer: Vei WANG (wangvei@icloud.com)         |
 |     Main Contributors: Nan XU, Jin-Cheng LIU & Gang TANG      |
 |  Online Tutorials Available on Website: https://vaspkit.com   |
 +-----.oooO-----------------------------------------------------+
        (   )   Oooo.                          VASPKIT Made Simple
         \ (    (   )     
          \_)    ) /      
                (_/       
 ===================== Structural Utilities ======================
 1)  VASP Input-Files Kit          2)  Mechanical Properties      
 3)  K-Path for Band-Structure     4)  Structure Editor           
 5)  Catalysis-ElectroChem Kit     6)  Symmetry Analysis          
 8)  Advanced Structure Models  
 ===================== Electronic Utilities ======================
 11) Density-of-States             21) Band-Structure             
 23) 3D Band-Structure             25) Hybrid-DFT Band-Structure  
 26) Fermi-Surface                 28) Band-Structure Unfolding   
 31) Charge-Density Analysis       42) Potential Analysis         
 51) Wave-Function Analysis        62) Magnetic Properties        
 65) Spin-Texture                  68) Transport Properties       
 ======================== Misc Utilities =========================
 71) Optical Properties            72) Molecular-Dynamics Kit     
 74) User Interface                78) VASP2other Interface       
 91) Semiconductor Kit             92) 2D-Material Kit            
 0)  Quit                                                         
 ------------>>
 ==================== VASP Input Files Options ===================
 101) Customize INCAR File                                        
 102) Generate KPOINTS File for SCF Calculation                   
 103) Generate POTCAR File with Default Setting                   
 104) Generate POTCAR File with User Specified Potential          
 105) Generate POSCAR File from cif (no fractional occupations)   
 106) Generate POSCAR File from Material Studio xsd (retain fixes)
 107) Reformat POSCAR File in Specified Order of Elements         
 108) Successive Procedure to Generate VASP Files and Check       
 109) Submit Job Queue                                            
                                                                  
 0)   Quit                                                        
 9)   Back                                                        
 ------------>>
 ======================== K-Mesh Scheme ==========================
 1) Monkhorst-Pack Scheme                                         
 2) Gamma Scheme                                                  
 3) Irreducible K-Points with Gamma Scheme                        
                                                                  
 0)   Quit                                                        
 9)   Back                                                        
 ------------->>
 -->> (01) Reading Structural Parameters from POSCAR File...
[..] step1 来源：step1c_PBE_opt
[..] Dimension: 2D — 继承自 step1c_PBE_opt/workflow_method.txt (DIM=2D)
[..] Submit template: submit_std_2d.tpl
[..] Regenerating KPOINTS: 1 -> 102 -> 2 -> 0.03
forrtl: severe (24): end-of-file during read, unit 11, file /public/home/wangchao/Fullerene_Network/work/qTPC24-Mg1/step2_PBE_static/POSCAR
Image              PC                Routine            Line        Source             
vaspkit            00000000008FEFDB  Unknown               Unknown  Unknown
vaspkit            00000000009340A2  Unknown               Unknown  Unknown
vaspkit            0000000000617744  read_atomic_posit          16  readposcar.F90
vaspkit            00000000006767A7  kmesh_gen_                182  kmesh.F90
vaspkit            000000000075EB63  get_input_files_           30  getinputfiles.F90
vaspkit            00000000006EFF9C  task_                      18  task.F90
vaspkit            00000000005EB092  mainmenu_                  41  mainmenu.F90
vaspkit            00000000006B4E26  MAIN__                     27  main.F90
vaspkit            00000000004085A2  Unknown               Unknown  Unknown
libc-2.28.so       0000153E5264C6A3  __libc_start_main     Unknown  Unknown
vaspkit            00000000004084A9  Unknown               Unknown  Unknown
[ERROR] VASPKIT failed, return code=24
[20:17:19] 无变化
auto qTPC24-Mg1[band|S2_static]: gen 失败。\\\///         
           / _  _ \         Hey, you must know what you are doing.
         (| (o)(o) |)       Otherwise you might get wrong results.
 +-----.OOOo--()--oOOO.------------------------------------------+
 |         VASPKIT Standard Edition 1.3.5 (03 Jul. 2022)         |
 |         Core Developer: Vei WANG (wangvei@icloud.com)         |
 |     Main Contributors: Nan XU, Jin-Cheng LIU & Gang TANG      |
 |  Online Tutorials Available on Website: https://vaspkit.com   |
 +-----.oooO-----------------------------------------------------+
        (   )   Oooo.                          VASPKIT Made Simple
         \ (    (   )     
          \_)    ) /      
                (_/       
 ===================== Structural Utilities ======================
 1)  VASP Input-Files Kit          2)  Mechanical Properties      
 3)  K-Path for Band-Structure     4)  Structure Editor           
 5)  Catalysis-ElectroChem Kit     6)  Symmetry Analysis          
 8)  Advanced Structure Models  
 ===================== Electronic Utilities ======================
 11) Density-of-States             21) Band-Structure             
 23) 3D Band-Structure             25) Hybrid-DFT Band-Structure  
 26) Fermi-Surface                 28) Band-Structure Unfolding   
 31) Charge-Density Analysis       42) Potential Analysis         
 51) Wave-Function Analysis        62) Magnetic Properties        
 65) Spin-Texture                  68) Transport Properties       
 ======================== Misc Utilities =========================
 71) Optical Properties            72) Molecular-Dynamics Kit     
 74) User Interface                78) VASP2other Interface       
 91) Semiconductor Kit             92) 2D-Material Kit            
 0)  Quit                                                         
 ------------>>
 ==================== VASP Input Files Options ===================
 101) Customize INCAR File                                        
 102) Generate KPOINTS File for SCF Calculation                   
 103) Generate POTCAR File with Default Setting                   
 104) Generate POTCAR File with User Specified Potential          
 105) Generate POSCAR File from cif (no fractional occupations)   
 106) Generate POSCAR File from Material Studio xsd (retain fixes)
 107) Reformat POSCAR File in Specified Order of Elements         
 108) Successive Procedure to Generate VASP Files and Check       
 109) Submit Job Queue                                            
                                                                  
 0)   Quit                                                        
 9)   Back                                                        
 ------------>>
 ======================== K-Mesh Scheme ==========================
 1) Monkhorst-Pack Scheme                                         
 2) Gamma Scheme                                                  
 3) Irreducible K-Points with Gamma Scheme                        
                                                                  
 0)   Quit                                                        
 9)   Back                                                        
 ------------->>
 -->> (01) Reading Structural Parameters from POSCAR File...
[..] step1 来源：step1c_PBE_opt
[..] Dimension: 2D — 继承自 step1c_PBE_opt/workflow_method.txt (DIM=2D)
[..] Submit template: submit_std_2d.tpl
[..] Regenerating KPOINTS: 1 -> 102 -> 2 -> 0.03
forrtl: severe (24): end-of-file during read, unit 11, file /public/home/wangchao/Fullerene_Network/work/qTPC24-Mg1/step2_PBE_static/POSCAR
Image              PC                Routine            Line        Source             
vaspkit            00000000008FEFDB  Unknown               Unknown  Unknown
vaspkit            00000000009340A2  Unknown               Unknown  Unknown
vaspkit            0000000000617744  read_atomic_posit          16  readposcar.F90
vaspkit            00000000006767A7  kmesh_gen_                182  kmesh.F90
vaspkit            000000000075EB63  get_input_files_           30  getinputfiles.F90
vaspkit            00000000006EFF9C  task_                      18  task.F90
vaspkit            00000000005EB092  mainmenu_                  41  mainmenu.F90
vaspkit            00000000006B4E26  MAIN__                     27  main.F90
vaspkit            00000000004085A2  Unknown               Unknown  Unknown
libc-2.28.so       000014A9C10E66A3  __libc_start_main     Unknown  Unknown
vaspkit            00000000004084A9  Unknown               Unknown  Unknown
[ERROR] VASPKIT failed, return code=24
[20:22:22] 无变化
auto qTPC24-Mg1[band|S2_static]: gen 失败。\\\///         
           / _  _ \         Hey, you must know what you are doing.
         (| (o)(o) |)       Otherwise you might get wrong results.
 +-----.OOOo--()--oOOO.------------------------------------------+
 |         VASPKIT Standard Edition 1.3.5 (03 Jul. 2022)         |
 |         Core Developer: Vei WANG (wangvei@icloud.com)         |
 |     Main Contributors: Nan XU, Jin-Cheng LIU & Gang TANG      |
 |  Online Tutorials Available on Website: https://vaspkit.com   |
 +-----.oooO-----------------------------------------------------+
        (   )   Oooo.                          VASPKIT Made Simple
         \ (    (   )     
          \_)    ) /      
                (_/       
 ===================== Structural Utilities ======================
 1)  VASP Input-Files Kit          2)  Mechanical Properties      
 3)  K-Path for Band-Structure     4)  Structure Editor           
 5)  Catalysis-ElectroChem Kit     6)  Symmetry Analysis          
 8)  Advanced Structure Models  
 ===================== Electronic Utilities ======================
 11) Density-of-States             21) Band-Structure             
 23) 3D Band-Structure             25) Hybrid-DFT Band-Structure  
 26) Fermi-Surface                 28) Band-Structure Unfolding   
 31) Charge-Density Analysis       42) Potential Analysis         
 51) Wave-Function Analysis        62) Magnetic Properties        
 65) Spin-Texture                  68) Transport Properties       
 ======================== Misc Utilities =========================
 71) Optical Properties            72) Molecular-Dynamics Kit     
 74) User Interface                78) VASP2other Interface       
 91) Semiconductor Kit             92) 2D-Material Kit            
 0)  Quit                                                         
 ------------>>
 ==================== VASP Input Files Options ===================
 101) Customize INCAR File                                        
 102) Generate KPOINTS File for SCF Calculation                   
 103) Generate POTCAR File with Default Setting                   
 104) Generate POTCAR File with User Specified Potential          
 105) Generate POSCAR File from cif (no fractional occupations)   
 106) Generate POSCAR File from Material Studio xsd (retain fixes)
 107) Reformat POSCAR File in Specified Order of Elements         
 108) Successive Procedure to Generate VASP Files and Check       
 109) Submit Job Queue                                            
                                                                  
 0)   Quit                                                        
 9)   Back                                                        
 ------------>>
 ======================== K-Mesh Scheme ==========================
 1) Monkhorst-Pack Scheme                                         
 2) Gamma Scheme                                                  
 3) Irreducible K-Points with Gamma Scheme                        
                                                                  
 0)   Quit                                                        
 9)   Back                                                        
 ------------->>
 -->> (01) Reading Structural Parameters from POSCAR File...
[..] step1 来源：step1c_PBE_opt
[..] Dimension: 2D — 继承自 step1c_PBE_opt/workflow_method.txt (DIM=2D)
[..] Submit template: submit_std_2d.tpl
[..] Regenerating KPOINTS: 1 -> 102 -> 2 -> 0.03
forrtl: severe (24): end-of-file during read, unit 11, file /public/home/wangchao/Fullerene_Network/work/qTPC24-Mg1/step2_PBE_static/POSCAR
Image              PC                Routine            Line        Source             
vaspkit            00000000008FEFDB  Unknown               Unknown  Unknown
vaspkit            00000000009340A2  Unknown               Unknown  Unknown
vaspkit            0000000000617744  read_atomic_posit          16  readposcar.F90
vaspkit            00000000006767A7  kmesh_gen_                182  kmesh.F90
vaspkit            000000000075EB63  get_input_files_           30  getinputfiles.F90
vaspkit            00000000006EFF9C  task_                      18  task.F90
vaspkit            00000000005EB092  mainmenu_                  41  mainmenu.F90
vaspkit            00000000006B4E26  MAIN__                     27  main.F90
vaspkit            00000000004085A2  Unknown               Unknown  Unknown
libc-2.28.so       000015131DF6B6A3  __libc_start_main     Unknown  Unknown
vaspkit            00000000004084A9  Unknown               Unknown  Unknown
[ERROR] VASPKIT failed, return code=24
[20:27:25] 无变化
auto qTPC24-Mg1[band|S2_static]: gen 失败。\\\///         
           / _  _ \         Hey, you must know what you are doing.
         (| (o)(o) |)       Otherwise you might get wrong results.
 +-----.OOOo--()--oOOO.------------------------------------------+
 |         VASPKIT Standard Edition 1.3.5 (03 Jul. 2022)         |
 |         Core Developer: Vei WANG (wangvei@icloud.com)         |
 |     Main Contributors: Nan XU, Jin-Cheng LIU & Gang TANG      |
 |  Online Tutorials Available on Website: https://vaspkit.com   |
 +-----.oooO-----------------------------------------------------+
        (   )   Oooo.                          VASPKIT Made Simple
         \ (    (   )     
          \_)    ) /      
                (_/       
 ===================== Structural Utilities ======================
 1)  VASP Input-Files Kit          2)  Mechanical Properties      
 3)  K-Path for Band-Structure     4)  Structure Editor           
 5)  Catalysis-ElectroChem Kit     6)  Symmetry Analysis          
 8)  Advanced Structure Models  
 ===================== Electronic Utilities ======================
 11) Density-of-States             21) Band-Structure             
 23) 3D Band-Structure             25) Hybrid-DFT Band-Structure  
 26) Fermi-Surface                 28) Band-Structure Unfolding   
 31) Charge-Density Analysis       42) Potential Analysis         
 51) Wave-Function Analysis        62) Magnetic Properties        
 65) Spin-Texture                  68) Transport Properties       
 ======================== Misc Utilities =========================
 71) Optical Properties            72) Molecular-Dynamics Kit     
 74) User Interface                78) VASP2other Interface       
 91) Semiconductor Kit             92) 2D-Material Kit            
 0)  Quit                                                         
 ------------>>
 ==================== VASP Input Files Options ===================
 101) Customize INCAR File                                        
 102) Generate KPOINTS File for SCF Calculation                   
 103) Generate POTCAR File with Default Setting                   
 104) Generate POTCAR File with User Specified Potential          
 105) Generate POSCAR File from cif (no fractional occupations)   
 106) Generate POSCAR File from Material Studio xsd (retain fixes)
 107) Reformat POSCAR File in Specified Order of Elements         
 108) Successive Procedure to Generate VASP Files and Check       
 109) Submit Job Queue                                            
                                                                  
 0)   Quit                                                        
 9)   Back                                                        
 ------------>>
 ======================== K-Mesh Scheme ==========================
 1) Monkhorst-Pack Scheme                                         
 2) Gamma Scheme                                                  
 3) Irreducible K-Points with Gamma Scheme                        
                                                                  
 0)   Quit                                                        
 9)   Back                                                        
 ------------->>
 -->> (01) Reading Structural Parameters from POSCAR File...
[..] step1 来源：step1c_PBE_opt
[..] Dimension: 2D — 继承自 step1c_PBE_opt/workflow_method.txt (DIM=2D)
[..] Submit template: submit_std_2d.tpl
[..] Regenerating KPOINTS: 1 -> 102 -> 2 -> 0.03
forrtl: severe (24): end-of-file during read, unit 11, file /public/home/wangchao/Fullerene_Network/work/qTPC24-Mg1/step2_PBE_static/POSCAR
Image              PC                Routine            Line        Source             
vaspkit            00000000008FEFDB  Unknown               Unknown  Unknown
vaspkit            00000000009340A2  Unknown               Unknown  Unknown
vaspkit            0000000000617744  read_atomic_posit          16  readposcar.F90
vaspkit            00000000006767A7  kmesh_gen_                182  kmesh.F90
vaspkit            000000000075EB63  get_input_files_           30  getinputfiles.F90
vaspkit            00000000006EFF9C  task_                      18  task.F90
vaspkit            00000000005EB092  mainmenu_                  41  mainmenu.F90
vaspkit            00000000006B4E26  MAIN__                     27  main.F90
vaspkit            00000000004085A2  Unknown               Unknown  Unknown
libc-2.28.so       000014B1679C26A3  __libc_start_main     Unknown  Unknown
vaspkit            00000000004084A9  Unknown               Unknown  Unknown
[ERROR] VASPKIT failed, return code=24
[20:32:28] 无变化
auto qTPC24-Mg1[band|S2_static]: gen 失败。\\\///         
           / _  _ \         Hey, you must know what you are doing.
         (| (o)(o) |)       Otherwise you might get wrong results.
 +-----.OOOo--()--oOOO.------------------------------------------+
 |         VASPKIT Standard Edition 1.3.5 (03 Jul. 2022)         |
 |         Core Developer: Vei WANG (wangvei@icloud.com)         |
 |     Main Contributors: Nan XU, Jin-Cheng LIU & Gang TANG      |
 |  Online Tutorials Available on Website: https://vaspkit.com   |
 +-----.oooO-----------------------------------------------------+
        (   )   Oooo.                          VASPKIT Made Simple
         \ (    (   )     
          \_)    ) /      
                (_/       
 ===================== Structural Utilities ======================
 1)  VASP Input-Files Kit          2)  Mechanical Properties      
 3)  K-Path for Band-Structure     4)  Structure Editor           
 5)  Catalysis-ElectroChem Kit     6)  Symmetry Analysis          
 8)  Advanced Structure Models  
 ===================== Electronic Utilities ======================
 11) Density-of-States             21) Band-Structure             
 23) 3D Band-Structure             25) Hybrid-DFT Band-Structure  
 26) Fermi-Surface                 28) Band-Structure Unfolding   
 31) Charge-Density Analysis       42) Potential Analysis         
 51) Wave-Function Analysis        62) Magnetic Properties        
 65) Spin-Texture                  68) Transport Properties       
 ======================== Misc Utilities =========================
 71) Optical Properties            72) Molecular-Dynamics Kit     
 74) User Interface                78) VASP2other Interface       
 91) Semiconductor Kit             92) 2D-Material Kit            
 0)  Quit                                                         
 ------------>>
 ==================== VASP Input Files Options ===================
 101) Customize INCAR File                                        
 102) Generate KPOINTS File for SCF Calculation                   
 103) Generate POTCAR File with Default Setting                   
 104) Generate POTCAR File with User Specified Potential          
 105) Generate POSCAR File from cif (no fractional occupations)   
 106) Generate POSCAR File from Material Studio xsd (retain fixes)
 107) Reformat POSCAR File in Specified Order of Elements         
 108) Successive Procedure to Generate VASP Files and Check       
 109) Submit Job Queue                                            
                                                                  
 0)   Quit                                                        
 9)   Back                                                        
 ------------>>
 ======================== K-Mesh Scheme ==========================
 1) Monkhorst-Pack Scheme                                         
 2) Gamma Scheme                                                  
 3) Irreducible K-Points with Gamma Scheme                        
                                                                  
 0)   Quit                                                        
 9)   Back                                                        
 ------------->>
 -->> (01) Reading Structural Parameters from POSCAR File...
[..] step1 来源：step1c_PBE_opt
[..] Dimension: 2D — 继承自 step1c_PBE_opt/workflow_method.txt (DIM=2D)
[..] Submit template: submit_std_2d.tpl
[..] Regenerating KPOINTS: 1 -> 102 -> 2 -> 0.03
forrtl: severe (24): end-of-file during read, unit 11, file /public/home/wangchao/Fullerene_Network/work/qTPC24-Mg1/step2_PBE_static/POSCAR
Image              PC                Routine            Line        Source             
vaspkit            00000000008FEFDB  Unknown               Unknown  Unknown
vaspkit            00000000009340A2  Unknown               Unknown  Unknown
vaspkit            0000000000617744  read_atomic_posit          16  readposcar.F90
vaspkit            00000000006767A7  kmesh_gen_                182  kmesh.F90
vaspkit            000000000075EB63  get_input_files_           30  getinputfiles.F90
vaspkit            00000000006EFF9C  task_                      18  task.F90
vaspkit            00000000005EB092  mainmenu_                  41  mainmenu.F90
vaspkit            00000000006B4E26  MAIN__                     27  main.F90
vaspkit            00000000004085A2  Unknown               Unknown  Unknown
libc-2.28.so       0000152FDA7816A3  __libc_start_main     Unknown  Unknown
vaspkit            00000000004084A9  Unknown               Unknown  Unknown
[ERROR] VASPKIT failed, return code=24
[20:37:30] 无变化
auto qTPC24-Mg1[band|S2_static]: gen 失败。\\\///         
           / _  _ \         Hey, you must know what you are doing.
         (| (o)(o) |)       Otherwise you might get wrong results.
 +-----.OOOo--()--oOOO.------------------------------------------+
 |         VASPKIT Standard Edition 1.3.5 (03 Jul. 2022)         |
 |         Core Developer: Vei WANG (wangvei@icloud.com)         |
 |     Main Contributors: Nan XU, Jin-Cheng LIU & Gang TANG      |
 |  Online Tutorials Available on Website: https://vaspkit.com   |
 +-----.oooO-----------------------------------------------------+
        (   )   Oooo.                          VASPKIT Made Simple
         \ (    (   )     
          \_)    ) /      
                (_/       
 ===================== Structural Utilities ======================
 1)  VASP Input-Files Kit          2)  Mechanical Properties      
 3)  K-Path for Band-Structure     4)  Structure Editor           
 5)  Catalysis-ElectroChem Kit     6)  Symmetry Analysis          
 8)  Advanced Structure Models  
 ===================== Electronic Utilities ======================
 11) Density-of-States             21) Band-Structure             
 23) 3D Band-Structure             25) Hybrid-DFT Band-Structure  
 26) Fermi-Surface                 28) Band-Structure Unfolding   
 31) Charge-Density Analysis       42) Potential Analysis         
 51) Wave-Function Analysis        62) Magnetic Properties        
 65) Spin-Texture                  68) Transport Properties       
 ======================== Misc Utilities =========================
 71) Optical Properties            72) Molecular-Dynamics Kit     
 74) User Interface                78) VASP2other Interface       
 91) Semiconductor Kit             92) 2D-Material Kit            
 0)  Quit                                                         
 ------------>>
 ==================== VASP Input Files Options ===================
 101) Customize INCAR File                                        
 102) Generate KPOINTS File for SCF Calculation                   
 103) Generate POTCAR File with Default Setting                   
 104) Generate POTCAR File with User Specified Potential          
 105) Generate POSCAR File from cif (no fractional occupations)   
 106) Generate POSCAR File from Material Studio xsd (retain fixes)
 107) Reformat POSCAR File in Specified Order of Elements         
 108) Successive Procedure to Generate VASP Files and Check       
 109) Submit Job Queue                                            
                                                                  
 0)   Quit                                                        
 9)   Back                                                        
 ------------>>
 ======================== K-Mesh Scheme ==========================
 1) Monkhorst-Pack Scheme                                         
 2) Gamma Scheme                                                  
 3) Irreducible K-Points with Gamma Scheme                        
                                                                  
 0)   Quit                                                        
 9)   Back                                                        
 ------------->>
 -->> (01) Reading Structural Parameters from POSCAR File...
[..] step1 来源：step1c_PBE_opt
[..] Dimension: 2D — 继承自 step1c_PBE_opt/workflow_method.txt (DIM=2D)
[..] Submit template: submit_std_2d.tpl
[..] Regenerating KPOINTS: 1 -> 102 -> 2 -> 0.03
forrtl: severe (24): end-of-file during read, unit 11, file /public/home/wangchao/Fullerene_Network/work/qTPC24-Mg1/step2_PBE_static/POSCAR
Image              PC                Routine            Line        Source             
vaspkit            00000000008FEFDB  Unknown               Unknown  Unknown
vaspkit            00000000009340A2  Unknown               Unknown  Unknown
vaspkit            0000000000617744  read_atomic_posit          16  readposcar.F90
vaspkit            00000000006767A7  kmesh_gen_                182  kmesh.F90
vaspkit            000000000075EB63  get_input_files_           30  getinputfiles.F90
vaspkit            00000000006EFF9C  task_                      18  task.F90
vaspkit            00000000005EB092  mainmenu_                  41  mainmenu.F90
vaspkit            00000000006B4E26  MAIN__                     27  main.F90
vaspkit            00000000004085A2  Unknown               Unknown  Unknown
libc-2.28.so       000014AA036B16A3  __libc_start_main     Unknown  Unknown
vaspkit            00000000004084A9  Unknown               Unknown  Unknown
[ERROR] VASPKIT failed, return code=24
[20:42:33] 无变化
auto qTPC24-Mg1[band|S2_static]: gen 失败。\\\///         
           / _  _ \         Hey, you must know what you are doing.
         (| (o)(o) |)       Otherwise you might get wrong results.
 +-----.OOOo--()--oOOO.------------------------------------------+
 |         VASPKIT Standard Edition 1.3.5 (03 Jul. 2022)         |
 |         Core Developer: Vei WANG (wangvei@icloud.com)         |
 |     Main Contributors: Nan XU, Jin-Cheng LIU & Gang TANG      |
 |  Online Tutorials Available on Website: https://vaspkit.com   |
 +-----.oooO-----------------------------------------------------+
        (   )   Oooo.                          VASPKIT Made Simple
         \ (    (   )     
          \_)    ) /      
                (_/       
 ===================== Structural Utilities ======================
 1)  VASP Input-Files Kit          2)  Mechanical Properties      
 3)  K-Path for Band-Structure     4)  Structure Editor           
 5)  Catalysis-ElectroChem Kit     6)  Symmetry Analysis          
 8)  Advanced Structure Models  
 ===================== Electronic Utilities ======================
 11) Density-of-States             21) Band-Structure             
 23) 3D Band-Structure             25) Hybrid-DFT Band-Structure  
 26) Fermi-Surface                 28) Band-Structure Unfolding   
 31) Charge-Density Analysis       42) Potential Analysis         
 51) Wave-Function Analysis        62) Magnetic Properties        
 65) Spin-Texture                  68) Transport Properties       
 ======================== Misc Utilities =========================
 71) Optical Properties            72) Molecular-Dynamics Kit     
 74) User Interface                78) VASP2other Interface       
 91) Semiconductor Kit             92) 2D-Material Kit            
 0)  Quit                                                         
 ------------>>
 ==================== VASP Input Files Options ===================
 101) Customize INCAR File                                        
 102) Generate KPOINTS File for SCF Calculation                   
 103) Generate POTCAR File with Default Setting                   
 104) Generate POTCAR File with User Specified Potential          
 105) Generate POSCAR File from cif (no fractional occupations)   
 106) Generate POSCAR File from Material Studio xsd (retain fixes)
 107) Reformat POSCAR File in Specified Order of Elements         
 108) Successive Procedure to Generate VASP Files and Check       
 109) Submit Job Queue                                            
                                                                  
 0)   Quit                                                        
 9)   Back                                                        
 ------------>>
 ======================== K-Mesh Scheme ==========================
 1) Monkhorst-Pack Scheme                                         
 2) Gamma Scheme                                                  
 3) Irreducible K-Points with Gamma Scheme                        
                                                                  
 0)   Quit                                                        
 9)   Back                                                        
 ------------->>
 -->> (01) Reading Structural Parameters from POSCAR File...
[..] step1 来源：step1c_PBE_opt
[..] Dimension: 2D — 继承自 step1c_PBE_opt/workflow_method.txt (DIM=2D)
[..] Submit template: submit_std_2d.tpl
[..] Regenerating KPOINTS: 1 -> 102 -> 2 -> 0.03
forrtl: severe (24): end-of-file during read, unit 11, file /public/home/wangchao/Fullerene_Network/work/qTPC24-Mg1/step2_PBE_static/POSCAR
Image              PC                Routine            Line        Source             
vaspkit            00000000008FEFDB  Unknown               Unknown  Unknown
vaspkit            00000000009340A2  Unknown               Unknown  Unknown
vaspkit            0000000000617744  read_atomic_posit          16  readposcar.F90
vaspkit            00000000006767A7  kmesh_gen_                182  kmesh.F90
vaspkit            000000000075EB63  get_input_files_           30  getinputfiles.F90
vaspkit            00000000006EFF9C  task_                      18  task.F90
vaspkit            00000000005EB092  mainmenu_                  41  mainmenu.F90
vaspkit            00000000006B4E26  MAIN__                     27  main.F90
vaspkit            00000000004085A2  Unknown               Unknown  Unknown
libc-2.28.so       0000145575EAB6A3  __libc_start_main     Unknown  Unknown
vaspkit            00000000004084A9  Unknown               Unknown  Unknown
[ERROR] VASPKIT failed, return code=24
[20:47:36] 无变化
auto qTPC24-Mg1[band|S2_static]: gen 失败。\\\///         
           / _  _ \         Hey, you must know what you are doing.
         (| (o)(o) |)       Otherwise you might get wrong results.
 +-----.OOOo--()--oOOO.------------------------------------------+
 |         VASPKIT Standard Edition 1.3.5 (03 Jul. 2022)         |
 |         Core Developer: Vei WANG (wangvei@icloud.com)         |
 |     Main Contributors: Nan XU, Jin-Cheng LIU & Gang TANG      |
 |  Online Tutorials Available on Website: https://vaspkit.com   |
 +-----.oooO-----------------------------------------------------+
        (   )   Oooo.                          VASPKIT Made Simple
         \ (    (   )     
          \_)    ) /      
                (_/       
 ===================== Structural Utilities ======================
 1)  VASP Input-Files Kit          2)  Mechanical Properties      
 3)  K-Path for Band-Structure     4)  Structure Editor           
 5)  Catalysis-ElectroChem Kit     6)  Symmetry Analysis          
 8)  Advanced Structure Models  
 ===================== Electronic Utilities ======================
 11) Density-of-States             21) Band-Structure             
 23) 3D Band-Structure             25) Hybrid-DFT Band-Structure  
 26) Fermi-Surface                 28) Band-Structure Unfolding   
 31) Charge-Density Analysis       42) Potential Analysis         
 51) Wave-Function Analysis        62) Magnetic Properties        
 65) Spin-Texture                  68) Transport Properties       
 ======================== Misc Utilities =========================
 71) Optical Properties            72) Molecular-Dynamics Kit     
 74) User Interface                78) VASP2other Interface       
 91) Semiconductor Kit             92) 2D-Material Kit            
 0)  Quit                                                         
 ------------>>
 ==================== VASP Input Files Options ===================
 101) Customize INCAR File                                        
 102) Generate KPOINTS File for SCF Calculation                   
 103) Generate POTCAR File with Default Setting                   
 104) Generate POTCAR File with User Specified Potential          
 105) Generate POSCAR File from cif (no fractional occupations)   
 106) Generate POSCAR File from Material Studio xsd (retain fixes)
 107) Reformat POSCAR File in Specified Order of Elements         
 108) Successive Procedure to Generate VASP Files and Check       
 109) Submit Job Queue                                            
                                                                  
 0)   Quit                                                        
 9)   Back                                                        
 ------------>>
 ======================== K-Mesh Scheme ==========================
 1) Monkhorst-Pack Scheme                                         
 2) Gamma Scheme                                                  
 3) Irreducible K-Points with Gamma Scheme                        
                                                                  
 0)   Quit                                                        
 9)   Back                                                        
 ------------->>
 -->> (01) Reading Structural Parameters from POSCAR File...
[..] step1 来源：step1c_PBE_opt
[..] Dimension: 2D — 继承自 step1c_PBE_opt/workflow_method.txt (DIM=2D)
[..] Submit template: submit_std_2d.tpl
[..] Regenerating KPOINTS: 1 -> 102 -> 2 -> 0.03
forrtl: severe (24): end-of-file during read, unit 11, file /public/home/wangchao/Fullerene_Network/work/qTPC24-Mg1/step2_PBE_static/POSCAR
Image              PC                Routine            Line        Source             
vaspkit            00000000008FEFDB  Unknown               Unknown  Unknown
vaspkit            00000000009340A2  Unknown               Unknown  Unknown
vaspkit            0000000000617744  read_atomic_posit          16  readposcar.F90
vaspkit            00000000006767A7  kmesh_gen_                182  kmesh.F90
vaspkit            000000000075EB63  get_input_files_           30  getinputfiles.F90
vaspkit            00000000006EFF9C  task_                      18  task.F90
vaspkit            00000000005EB092  mainmenu_                  41  mainmenu.F90
vaspkit            00000000006B4E26  MAIN__                     27  main.F90
vaspkit            00000000004085A2  Unknown               Unknown  Unknown
libc-2.28.so       0000147D726086A3  __libc_start_main     Unknown  Unknown
vaspkit            00000000004084A9  Unknown               Unknown  Unknown
[ERROR] VASPKIT failed, return code=24
[20:52:40] 无变化
auto qTPC24-Mg1[band|S2_static]: gen 失败。\\\///         
           / _  _ \         Hey, you must know what you are doing.
         (| (o)(o) |)       Otherwise you might get wrong results.
 +-----.OOOo--()--oOOO.------------------------------------------+
 |         VASPKIT Standard Edition 1.3.5 (03 Jul. 2022)         |
 |         Core Developer: Vei WANG (wangvei@icloud.com)         |
 |     Main Contributors: Nan XU, Jin-Cheng LIU & Gang TANG      |
 |  Online Tutorials Available on Website: https://vaspkit.com   |
 +-----.oooO-----------------------------------------------------+
        (   )   Oooo.                          VASPKIT Made Simple
         \ (    (   )     
          \_)    ) /      
                (_/       
 ===================== Structural Utilities ======================
 1)  VASP Input-Files Kit          2)  Mechanical Properties      
 3)  K-Path for Band-Structure     4)  Structure Editor           
 5)  Catalysis-ElectroChem Kit     6)  Symmetry Analysis          
 8)  Advanced Structure Models  
 ===================== Electronic Utilities ======================
 11) Density-of-States             21) Band-Structure             
 23) 3D Band-Structure             25) Hybrid-DFT Band-Structure  
 26) Fermi-Surface                 28) Band-Structure Unfolding   
 31) Charge-Density Analysis       42) Potential Analysis         
 51) Wave-Function Analysis        62) Magnetic Properties        
 65) Spin-Texture                  68) Transport Properties       
 ======================== Misc Utilities =========================
 71) Optical Properties            72) Molecular-Dynamics Kit     
 74) User Interface                78) VASP2other Interface       
 91) Semiconductor Kit             92) 2D-Material Kit            
 0)  Quit                                                         
 ------------>>
 ==================== VASP Input Files Options ===================
 101) Customize INCAR File                                        
 102) Generate KPOINTS File for SCF Calculation                   
 103) Generate POTCAR File with Default Setting                   
 104) Generate POTCAR File with User Specified Potential          
 105) Generate POSCAR File from cif (no fractional occupations)   
 106) Generate POSCAR File from Material Studio xsd (retain fixes)
 107) Reformat POSCAR File in Specified Order of Elements         
 108) Successive Procedure to Generate VASP Files and Check       
 109) Submit Job Queue                                            
                                                                  
 0)   Quit                                                        
 9)   Back                                                        
 ------------>>
 ======================== K-Mesh Scheme ==========================
 1) Monkhorst-Pack Scheme                                         
 2) Gamma Scheme                                                  
 3) Irreducible K-Points with Gamma Scheme                        
                                                                  
 0)   Quit                                                        
 9)   Back                                                        
 ------------->>
 -->> (01) Reading Structural Parameters from POSCAR File...
[..] step1 来源：step1c_PBE_opt
[..] Dimension: 2D — 继承自 step1c_PBE_opt/workflow_method.txt (DIM=2D)
[..] Submit template: submit_std_2d.tpl
[..] Regenerating KPOINTS: 1 -> 102 -> 2 -> 0.03
forrtl: severe (24): end-of-file during read, unit 11, file /public/home/wangchao/Fullerene_Network/work/qTPC24-Mg1/step2_PBE_static/POSCAR
Image              PC                Routine            Line        Source             
vaspkit            00000000008FEFDB  Unknown               Unknown  Unknown
vaspkit            00000000009340A2  Unknown               Unknown  Unknown
vaspkit            0000000000617744  read_atomic_posit          16  readposcar.F90
vaspkit            00000000006767A7  kmesh_gen_                182  kmesh.F90
vaspkit            000000000075EB63  get_input_files_           30  getinputfiles.F90
vaspkit            00000000006EFF9C  task_                      18  task.F90
vaspkit            00000000005EB092  mainmenu_                  41  mainmenu.F90
vaspkit            00000000006B4E26  MAIN__                     27  main.F90
vaspkit            00000000004085A2  Unknown               Unknown  Unknown
libc-2.28.so       00001507E232F6A3  __libc_start_main     Unknown  Unknown
vaspkit            00000000004084A9  Unknown               Unknown  Unknown
[ERROR] VASPKIT failed, return code=24
[20:57:44] 无变化
auto qTPC24-Mg1[band|S2_static]: gen 失败。\\\///         
           / _  _ \         Hey, you must know what you are doing.
         (| (o)(o) |)       Otherwise you might get wrong results.
 +-----.OOOo--()--oOOO.------------------------------------------+
 |         VASPKIT Standard Edition 1.3.5 (03 Jul. 2022)         |
 |         Core Developer: Vei WANG (wangvei@icloud.com)         |
 |     Main Contributors: Nan XU, Jin-Cheng LIU & Gang TANG      |
 |  Online Tutorials Available on Website: https://vaspkit.com   |
 +-----.oooO-----------------------------------------------------+
        (   )   Oooo.                          VASPKIT Made Simple
         \ (    (   )     
          \_)    ) /      
                (_/       
 ===================== Structural Utilities ======================
 1)  VASP Input-Files Kit          2)  Mechanical Properties      
 3)  K-Path for Band-Structure     4)  Structure Editor           
 5)  Catalysis-ElectroChem Kit     6)  Symmetry Analysis          
 8)  Advanced Structure Models  
 ===================== Electronic Utilities ======================
 11) Density-of-States             21) Band-Structure             
 23) 3D Band-Structure             25) Hybrid-DFT Band-Structure  
 26) Fermi-Surface                 28) Band-Structure Unfolding   
 31) Charge-Density Analysis       42) Potential Analysis         
 51) Wave-Function Analysis        62) Magnetic Properties        
 65) Spin-Texture                  68) Transport Properties       
 ======================== Misc Utilities =========================
 71) Optical Properties            72) Molecular-Dynamics Kit     
 74) User Interface                78) VASP2other Interface       
 91) Semiconductor Kit             92) 2D-Material Kit            
 0)  Quit                                                         
 ------------>>
 ==================== VASP Input Files Options ===================
 101) Customize INCAR File                                        
 102) Generate KPOINTS File for SCF Calculation                   
 103) Generate POTCAR File with Default Setting                   
 104) Generate POTCAR File with User Specified Potential          
 105) Generate POSCAR File from cif (no fractional occupations)   
 106) Generate POSCAR File from Material Studio xsd (retain fixes)
 107) Reformat POSCAR File in Specified Order of Elements         
 108) Successive Procedure to Generate VASP Files and Check       
 109) Submit Job Queue                                            
                                                                  
 0)   Quit                                                        
 9)   Back                                                        
 ------------>>
 ======================== K-Mesh Scheme ==========================
 1) Monkhorst-Pack Scheme                                         
 2) Gamma Scheme                                                  
 3) Irreducible K-Points with Gamma Scheme                        
                                                                  
 0)   Quit                                                        
 9)   Back                                                        
 ------------->>
 -->> (01) Reading Structural Parameters from POSCAR File...
[..] step1 来源：step1c_PBE_opt
[..] Dimension: 2D — 继承自 step1c_PBE_opt/workflow_method.txt (DIM=2D)
[..] Submit template: submit_std_2d.tpl
[..] Regenerating KPOINTS: 1 -> 102 -> 2 -> 0.03
forrtl: severe (24): end-of-file during read, unit 11, file /public/home/wangchao/Fullerene_Network/work/qTPC24-Mg1/step2_PBE_static/POSCAR
Image              PC                Routine            Line        Source             
vaspkit            00000000008FEFDB  Unknown               Unknown  Unknown
vaspkit            00000000009340A2  Unknown               Unknown  Unknown
vaspkit            0000000000617744  read_atomic_posit          16  readposcar.F90
vaspkit            00000000006767A7  kmesh_gen_                182  kmesh.F90
vaspkit            000000000075EB63  get_input_files_           30  getinputfiles.F90
vaspkit            00000000006EFF9C  task_                      18  task.F90
vaspkit            00000000005EB092  mainmenu_                  41  mainmenu.F90
vaspkit            00000000006B4E26  MAIN__                     27  main.F90
vaspkit            00000000004085A2  Unknown               Unknown  Unknown
libc-2.28.so       000014D08BEC96A3  __libc_start_main     Unknown  Unknown
vaspkit            00000000004084A9  Unknown               Unknown  Unknown
[ERROR] VASPKIT failed, return code=24
[21:02:47] 无变化
auto qTPC24-Mg1[band|S2_static]: gen 失败。\\\///         
           / _  _ \         Hey, you must know what you are doing.
         (| (o)(o) |)       Otherwise you might get wrong results.
 +-----.OOOo--()--oOOO.------------------------------------------+
 |         VASPKIT Standard Edition 1.3.5 (03 Jul. 2022)         |
 |         Core Developer: Vei WANG (wangvei@icloud.com)         |
 |     Main Contributors: Nan XU, Jin-Cheng LIU & Gang TANG      |
 |  Online Tutorials Available on Website: https://vaspkit.com   |
 +-----.oooO-----------------------------------------------------+
        (   )   Oooo.                          VASPKIT Made Simple
         \ (    (   )     
          \_)    ) /      
                (_/       
 ===================== Structural Utilities ======================
 1)  VASP Input-Files Kit          2)  Mechanical Properties      
 3)  K-Path for Band-Structure     4)  Structure Editor           
 5)  Catalysis-ElectroChem Kit     6)  Symmetry Analysis          
 8)  Advanced Structure Models  
 ===================== Electronic Utilities ======================
 11) Density-of-States             21) Band-Structure             
 23) 3D Band-Structure             25) Hybrid-DFT Band-Structure  
 26) Fermi-Surface                 28) Band-Structure Unfolding   
 31) Charge-Density Analysis       42) Potential Analysis         
 51) Wave-Function Analysis        62) Magnetic Properties        
 65) Spin-Texture                  68) Transport Properties       
 ======================== Misc Utilities =========================
 71) Optical Properties            72) Molecular-Dynamics Kit     
 74) User Interface                78) VASP2other Interface       
 91) Semiconductor Kit             92) 2D-Material Kit            
 0)  Quit                                                         
 ------------>>
 ==================== VASP Input Files Options ===================
 101) Customize INCAR File                                        
 102) Generate KPOINTS File for SCF Calculation                   
 103) Generate POTCAR File with Default Setting                   
 104) Generate POTCAR File with User Specified Potential          
 105) Generate POSCAR File from cif (no fractional occupations)   
 106) Generate POSCAR File from Material Studio xsd (retain fixes)
 107) Reformat POSCAR File in Specified Order of Elements         
 108) Successive Procedure to Generate VASP Files and Check       
 109) Submit Job Queue                                            
                                                                  
 0)   Quit                                                        
 9)   Back                                                        
 ------------>>
 ======================== K-Mesh Scheme ==========================
 1) Monkhorst-Pack Scheme                                         
 2) Gamma Scheme                                                  
 3) Irreducible K-Points with Gamma Scheme                        
                                                                  
 0)   Quit                                                        
 9)   Back                                                        
 ------------->>
 -->> (01) Reading Structural Parameters from POSCAR File...
[..] step1 来源：step1c_PBE_opt
[..] Dimension: 2D — 继承自 step1c_PBE_opt/workflow_method.txt (DIM=2D)
[..] Submit template: submit_std_2d.tpl
[..] Regenerating KPOINTS: 1 -> 102 -> 2 -> 0.03
forrtl: severe (24): end-of-file during read, unit 11, file /public/home/wangchao/Fullerene_Network/work/qTPC24-Mg1/step2_PBE_static/POSCAR
Image              PC                Routine            Line        Source             
vaspkit            00000000008FEFDB  Unknown               Unknown  Unknown
vaspkit            00000000009340A2  Unknown               Unknown  Unknown
vaspkit            0000000000617744  read_atomic_posit          16  readposcar.F90
vaspkit            00000000006767A7  kmesh_gen_                182  kmesh.F90
vaspkit            000000000075EB63  get_input_files_           30  getinputfiles.F90
vaspkit            00000000006EFF9C  task_                      18  task.F90
vaspkit            00000000005EB092  mainmenu_                  41  mainmenu.F90
vaspkit            00000000006B4E26  MAIN__                     27  main.F90
vaspkit            00000000004085A2  Unknown               Unknown  Unknown
libc-2.28.so       000014B3CAA676A3  __libc_start_main     Unknown  Unknown
vaspkit            00000000004084A9  Unknown               Unknown  Unknown
[ERROR] VASPKIT failed, return code=24
[21:07:49] 无变化
auto qTPC24-Mg1[band|S2_static]: gen 失败。\\\///         
           / _  _ \         Hey, you must know what you are doing.
         (| (o)(o) |)       Otherwise you might get wrong results.
 +-----.OOOo--()--oOOO.------------------------------------------+
 |         VASPKIT Standard Edition 1.3.5 (03 Jul. 2022)         |
 |         Core Developer: Vei WANG (wangvei@icloud.com)         |
 |     Main Contributors: Nan XU, Jin-Cheng LIU & Gang TANG      |
 |  Online Tutorials Available on Website: https://vaspkit.com   |
 +-----.oooO-----------------------------------------------------+
        (   )   Oooo.                          VASPKIT Made Simple
         \ (    (   )     
          \_)    ) /      
                (_/       
 ===================== Structural Utilities ======================
 1)  VASP Input-Files Kit          2)  Mechanical Properties      
 3)  K-Path for Band-Structure     4)  Structure Editor           
 5)  Catalysis-ElectroChem Kit     6)  Symmetry Analysis          
 8)  Advanced Structure Models  
 ===================== Electronic Utilities ======================
 11) Density-of-States             21) Band-Structure             
 23) 3D Band-Structure             25) Hybrid-DFT Band-Structure  
 26) Fermi-Surface                 28) Band-Structure Unfolding   
 31) Charge-Density Analysis       42) Potential Analysis         
 51) Wave-Function Analysis        62) Magnetic Properties        
 65) Spin-Texture                  68) Transport Properties       
 ======================== Misc Utilities =========================
 71) Optical Properties            72) Molecular-Dynamics Kit     
 74) User Interface                78) VASP2other Interface       
 91) Semiconductor Kit             92) 2D-Material Kit            
 0)  Quit                                                         
 ------------>>
 ==================== VASP Input Files Options ===================
 101) Customize INCAR File                                        
 102) Generate KPOINTS File for SCF Calculation                   
 103) Generate POTCAR File with Default Setting                   
 104) Generate POTCAR File with User Specified Potential          
 105) Generate POSCAR File from cif (no fractional occupations)   
 106) Generate POSCAR File from Material Studio xsd (retain fixes)
 107) Reformat POSCAR File in Specified Order of Elements         
 108) Successive Procedure to Generate VASP Files and Check       
 109) Submit Job Queue                                            
                                                                  
 0)   Quit                                                        
 9)   Back                                                        
 ------------>>
 ======================== K-Mesh Scheme ==========================
 1) Monkhorst-Pack Scheme                                         
 2) Gamma Scheme                                                  
 3) Irreducible K-Points with Gamma Scheme                        
                                                                  
 0)   Quit                                                        
 9)   Back                                                        
 ------------->>
 -->> (01) Reading Structural Parameters from POSCAR File...
[..] step1 来源：step1c_PBE_opt
[..] Dimension: 2D — 继承自 step1c_PBE_opt/workflow_method.txt (DIM=2D)
[..] Submit template: submit_std_2d.tpl
[..] Regenerating KPOINTS: 1 -> 102 -> 2 -> 0.03
forrtl: severe (24): end-of-file during read, unit 11, file /public/home/wangchao/Fullerene_Network/work/qTPC24-Mg1/step2_PBE_static/POSCAR
Image              PC                Routine            Line        Source             
vaspkit            00000000008FEFDB  Unknown               Unknown  Unknown
vaspkit            00000000009340A2  Unknown               Unknown  Unknown
vaspkit            0000000000617744  read_atomic_posit          16  readposcar.F90
vaspkit            00000000006767A7  kmesh_gen_                182  kmesh.F90
vaspkit            000000000075EB63  get_input_files_           30  getinputfiles.F90
vaspkit            00000000006EFF9C  task_                      18  task.F90
vaspkit            00000000005EB092  mainmenu_                  41  mainmenu.F90
vaspkit            00000000006B4E26  MAIN__                     27  main.F90
vaspkit            00000000004085A2  Unknown               Unknown  Unknown
libc-2.28.so       000014A330D566A3  __libc_start_main     Unknown  Unknown
vaspkit            00000000004084A9  Unknown               Unknown  Unknown
[ERROR] VASPKIT failed, return code=24
[21:12:52] 无变化
auto qTPC24-Mg1[band|S2_static]: gen 失败。\\\///         
           / _  _ \         Hey, you must know what you are doing.
         (| (o)(o) |)       Otherwise you might get wrong results.
 +-----.OOOo--()--oOOO.------------------------------------------+
 |         VASPKIT Standard Edition 1.3.5 (03 Jul. 2022)         |
 |         Core Developer: Vei WANG (wangvei@icloud.com)         |
 |     Main Contributors: Nan XU, Jin-Cheng LIU & Gang TANG      |
 |  Online Tutorials Available on Website: https://vaspkit.com   |
 +-----.oooO-----------------------------------------------------+
        (   )   Oooo.                          VASPKIT Made Simple
         \ (    (   )     
          \_)    ) /      
                (_/       
 ===================== Structural Utilities ======================
 1)  VASP Input-Files Kit          2)  Mechanical Properties      
 3)  K-Path for Band-Structure     4)  Structure Editor           
 5)  Catalysis-ElectroChem Kit     6)  Symmetry Analysis          
 8)  Advanced Structure Models  
 ===================== Electronic Utilities ======================
 11) Density-of-States             21) Band-Structure             
 23) 3D Band-Structure             25) Hybrid-DFT Band-Structure  
 26) Fermi-Surface                 28) Band-Structure Unfolding   
 31) Charge-Density Analysis       42) Potential Analysis         
 51) Wave-Function Analysis        62) Magnetic Properties        
 65) Spin-Texture                  68) Transport Properties       
 ======================== Misc Utilities =========================
 71) Optical Properties            72) Molecular-Dynamics Kit     
 74) User Interface                78) VASP2other Interface       
 91) Semiconductor Kit             92) 2D-Material Kit            
 0)  Quit                                                         
 ------------>>
 ==================== VASP Input Files Options ===================
 101) Customize INCAR File                                        
 102) Generate KPOINTS File for SCF Calculation                   
 103) Generate POTCAR File with Default Setting                   
 104) Generate POTCAR File with User Specified Potential          
 105) Generate POSCAR File from cif (no fractional occupations)   
 106) Generate POSCAR File from Material Studio xsd (retain fixes)
 107) Reformat POSCAR File in Specified Order of Elements         
 108) Successive Procedure to Generate VASP Files and Check       
 109) Submit Job Queue                                            
                                                                  
 0)   Quit                                                        
 9)   Back                                                        
 ------------>>
 ======================== K-Mesh Scheme ==========================
 1) Monkhorst-Pack Scheme                                         
 2) Gamma Scheme                                                  
 3) Irreducible K-Points with Gamma Scheme                        
                                                                  
 0)   Quit                                                        
 9)   Back                                                        
 ------------->>
 -->> (01) Reading Structural Parameters from POSCAR File...
[..] step1 来源：step1c_PBE_opt
[..] Dimension: 2D — 继承自 step1c_PBE_opt/workflow_method.txt (DIM=2D)
[..] Submit template: submit_std_2d.tpl
[..] Regenerating KPOINTS: 1 -> 102 -> 2 -> 0.03
forrtl: severe (24): end-of-file during read, unit 11, file /public/home/wangchao/Fullerene_Network/work/qTPC24-Mg1/step2_PBE_static/POSCAR
Image              PC                Routine            Line        Source             
vaspkit            00000000008FEFDB  Unknown               Unknown  Unknown
vaspkit            00000000009340A2  Unknown               Unknown  Unknown
vaspkit            0000000000617744  read_atomic_posit          16  readposcar.F90
vaspkit            00000000006767A7  kmesh_gen_                182  kmesh.F90
vaspkit            000000000075EB63  get_input_files_           30  getinputfiles.F90
vaspkit            00000000006EFF9C  task_                      18  task.F90
vaspkit            00000000005EB092  mainmenu_                  41  mainmenu.F90
vaspkit            00000000006B4E26  MAIN__                     27  main.F90
vaspkit            00000000004085A2  Unknown               Unknown  Unknown
libc-2.28.so       0000151F01D856A3  __libc_start_main     Unknown  Unknown
vaspkit            00000000004084A9  Unknown               Unknown  Unknown
[ERROR] VASPKIT failed, return code=24
[21:17:56] 无变化
auto qTPC24-Mg1[band|S2_static]: gen 失败。\\\///         
           / _  _ \         Hey, you must know what you are doing.
         (| (o)(o) |)       Otherwise you might get wrong results.
 +-----.OOOo--()--oOOO.------------------------------------------+
 |         VASPKIT Standard Edition 1.3.5 (03 Jul. 2022)         |
 |         Core Developer: Vei WANG (wangvei@icloud.com)         |
 |     Main Contributors: Nan XU, Jin-Cheng LIU & Gang TANG      |
 |  Online Tutorials Available on Website: https://vaspkit.com   |
 +-----.oooO-----------------------------------------------------+
        (   )   Oooo.                          VASPKIT Made Simple
         \ (    (   )     
          \_)    ) /      
                (_/       
 ===================== Structural Utilities ======================
 1)  VASP Input-Files Kit          2)  Mechanical Properties      
 3)  K-Path for Band-Structure     4)  Structure Editor           
 5)  Catalysis-ElectroChem Kit     6)  Symmetry Analysis          
 8)  Advanced Structure Models  
 ===================== Electronic Utilities ======================
 11) Density-of-States             21) Band-Structure             
 23) 3D Band-Structure             25) Hybrid-DFT Band-Structure  
 26) Fermi-Surface                 28) Band-Structure Unfolding   
 31) Charge-Density Analysis       42) Potential Analysis         
 51) Wave-Function Analysis        62) Magnetic Properties        
 65) Spin-Texture                  68) Transport Properties       
 ======================== Misc Utilities =========================
 71) Optical Properties            72) Molecular-Dynamics Kit     
 74) User Interface                78) VASP2other Interface       
 91) Semiconductor Kit             92) 2D-Material Kit            
 0)  Quit                                                         
 ------------>>
 ==================== VASP Input Files Options ===================
 101) Customize INCAR File                                        
 102) Generate KPOINTS File for SCF Calculation                   
 103) Generate POTCAR File with Default Setting                   
 104) Generate POTCAR File with User Specified Potential          
 105) Generate POSCAR File from cif (no fractional occupations)   
 106) Generate POSCAR File from Material Studio xsd (retain fixes)
 107) Reformat POSCAR File in Specified Order of Elements         
 108) Successive Procedure to Generate VASP Files and Check       
 109) Submit Job Queue                                            
                                                                  
 0)   Quit                                                        
 9)   Back                                                        
 ------------>>
 ======================== K-Mesh Scheme ==========================
 1) Monkhorst-Pack Scheme                                         
 2) Gamma Scheme                                                  
 3) Irreducible K-Points with Gamma Scheme                        
                                                                  
 0)   Quit                                                        
 9)   Back                                                        
 ------------->>
 -->> (01) Reading Structural Parameters from POSCAR File...
[..] step1 来源：step1c_PBE_opt
[..] Dimension: 2D — 继承自 step1c_PBE_opt/workflow_method.txt (DIM=2D)
[..] Submit template: submit_std_2d.tpl
[..] Regenerating KPOINTS: 1 -> 102 -> 2 -> 0.03
forrtl: severe (24): end-of-file during read, unit 11, file /public/home/wangchao/Fullerene_Network/work/qTPC24-Mg1/step2_PBE_static/POSCAR
Image              PC                Routine            Line        Source             
vaspkit            00000000008FEFDB  Unknown               Unknown  Unknown
vaspkit            00000000009340A2  Unknown               Unknown  Unknown
vaspkit            0000000000617744  read_atomic_posit          16  readposcar.F90
vaspkit            00000000006767A7  kmesh_gen_                182  kmesh.F90
vaspkit            000000000075EB63  get_input_files_           30  getinputfiles.F90
vaspkit            00000000006EFF9C  task_                      18  task.F90
vaspkit            00000000005EB092  mainmenu_                  41  mainmenu.F90
vaspkit            00000000006B4E26  MAIN__                     27  main.F90
vaspkit            00000000004085A2  Unknown               Unknown  Unknown
libc-2.28.so       000014A2FFCE96A3  __libc_start_main     Unknown  Unknown
vaspkit            00000000004084A9  Unknown               Unknown  Unknown
[ERROR] VASPKIT failed, return code=24
[21:22:59] 无变化
auto qTPC24-Mg1[band|S2_static]: gen 失败。\\\///         
           / _  _ \         Hey, you must know what you are doing.
         (| (o)(o) |)       Otherwise you might get wrong results.
 +-----.OOOo--()--oOOO.------------------------------------------+
 |         VASPKIT Standard Edition 1.3.5 (03 Jul. 2022)         |
 |         Core Developer: Vei WANG (wangvei@icloud.com)         |
 |     Main Contributors: Nan XU, Jin-Cheng LIU & Gang TANG      |
 |  Online Tutorials Available on Website: https://vaspkit.com   |
 +-----.oooO-----------------------------------------------------+
        (   )   Oooo.                          VASPKIT Made Simple
         \ (    (   )     
          \_)    ) /      
                (_/       
 ===================== Structural Utilities ======================
 1)  VASP Input-Files Kit          2)  Mechanical Properties      
 3)  K-Path for Band-Structure     4)  Structure Editor           
 5)  Catalysis-ElectroChem Kit     6)  Symmetry Analysis          
 8)  Advanced Structure Models  
 ===================== Electronic Utilities ======================
 11) Density-of-States             21) Band-Structure             
 23) 3D Band-Structure             25) Hybrid-DFT Band-Structure  
 26) Fermi-Surface                 28) Band-Structure Unfolding   
 31) Charge-Density Analysis       42) Potential Analysis         
 51) Wave-Function Analysis        62) Magnetic Properties        
 65) Spin-Texture                  68) Transport Properties       
 ======================== Misc Utilities =========================
 71) Optical Properties            72) Molecular-Dynamics Kit     
 74) User Interface                78) VASP2other Interface       
 91) Semiconductor Kit             92) 2D-Material Kit            
 0)  Quit                                                         
 ------------>>
 ==================== VASP Input Files Options ===================
 101) Customize INCAR File                                        
 102) Generate KPOINTS File for SCF Calculation                   
 103) Generate POTCAR File with Default Setting                   
 104) Generate POTCAR File with User Specified Potential          
 105) Generate POSCAR File from cif (no fractional occupations)   
 106) Generate POSCAR File from Material Studio xsd (retain fixes)
 107) Reformat POSCAR File in Specified Order of Elements         
 108) Successive Procedure to Generate VASP Files and Check       
 109) Submit Job Queue                                            
                                                                  
 0)   Quit                                                        
 9)   Back                                                        
 ------------>>
 ======================== K-Mesh Scheme ==========================
 1) Monkhorst-Pack Scheme                                         
 2) Gamma Scheme                                                  
 3) Irreducible K-Points with Gamma Scheme                        
                                                                  
 0)   Quit                                                        
 9)   Back                                                        
 ------------->>
 -->> (01) Reading Structural Parameters from POSCAR File...
[..] step1 来源：step1c_PBE_opt
[..] Dimension: 2D — 继承自 step1c_PBE_opt/workflow_method.txt (DIM=2D)
[..] Submit template: submit_std_2d.tpl
[..] Regenerating KPOINTS: 1 -> 102 -> 2 -> 0.03
forrtl: severe (24): end-of-file during read, unit 11, file /public/home/wangchao/Fullerene_Network/work/qTPC24-Mg1/step2_PBE_static/POSCAR
Image              PC                Routine            Line        Source             
vaspkit            00000000008FEFDB  Unknown               Unknown  Unknown
vaspkit            00000000009340A2  Unknown               Unknown  Unknown
vaspkit            0000000000617744  read_atomic_posit          16  readposcar.F90
vaspkit            00000000006767A7  kmesh_gen_                182  kmesh.F90
vaspkit            000000000075EB63  get_input_files_           30  getinputfiles.F90
vaspkit            00000000006EFF9C  task_                      18  task.F90
vaspkit            00000000005EB092  mainmenu_                  41  mainmenu.F90
vaspkit            00000000006B4E26  MAIN__                     27  main.F90
vaspkit            00000000004085A2  Unknown               Unknown  Unknown
libc-2.28.so       0000151694AB16A3  __libc_start_main     Unknown  Unknown
vaspkit            00000000004084A9  Unknown               Unknown  Unknown
[ERROR] VASPKIT failed, return code=24
[21:28:01] 无变化
auto qTPC24-Mg1[band|S2_static]: gen 失败。\\\///         
           / _  _ \         Hey, you must know what you are doing.
         (| (o)(o) |)       Otherwise you might get wrong results.
 +-----.OOOo--()--oOOO.------------------------------------------+
 |         VASPKIT Standard Edition 1.3.5 (03 Jul. 2022)         |
 |         Core Developer: Vei WANG (wangvei@icloud.com)         |
 |     Main Contributors: Nan XU, Jin-Cheng LIU & Gang TANG      |
 |  Online Tutorials Available on Website: https://vaspkit.com   |
 +-----.oooO-----------------------------------------------------+
        (   )   Oooo.                          VASPKIT Made Simple
         \ (    (   )     
          \_)    ) /      
                (_/       
 ===================== Structural Utilities ======================
 1)  VASP Input-Files Kit          2)  Mechanical Properties      
 3)  K-Path for Band-Structure     4)  Structure Editor           
 5)  Catalysis-ElectroChem Kit     6)  Symmetry Analysis          
 8)  Advanced Structure Models  
 ===================== Electronic Utilities ======================
 11) Density-of-States             21) Band-Structure             
 23) 3D Band-Structure             25) Hybrid-DFT Band-Structure  
 26) Fermi-Surface                 28) Band-Structure Unfolding   
 31) Charge-Density Analysis       42) Potential Analysis         
 51) Wave-Function Analysis        62) Magnetic Properties        
 65) Spin-Texture                  68) Transport Properties       
 ======================== Misc Utilities =========================
 71) Optical Properties            72) Molecular-Dynamics Kit     
 74) User Interface                78) VASP2other Interface       
 91) Semiconductor Kit             92) 2D-Material Kit            
 0)  Quit                                                         
 ------------>>
 ==================== VASP Input Files Options ===================
 101) Customize INCAR File                                        
 102) Generate KPOINTS File for SCF Calculation                   
 103) Generate POTCAR File with Default Setting                   
 104) Generate POTCAR File with User Specified Potential          
 105) Generate POSCAR File from cif (no fractional occupations)   
 106) Generate POSCAR File from Material Studio xsd (retain fixes)
 107) Reformat POSCAR File in Specified Order of Elements         
 108) Successive Procedure to Generate VASP Files and Check       
 109) Submit Job Queue                                            
                                                                  
 0)   Quit                                                        
 9)   Back                                                        
 ------------>>
 ======================== K-Mesh Scheme ==========================
 1) Monkhorst-Pack Scheme                                         
 2) Gamma Scheme                                                  
 3) Irreducible K-Points with Gamma Scheme                        
                                                                  
 0)   Quit                                                        
 9)   Back                                                        
 ------------->>
 -->> (01) Reading Structural Parameters from POSCAR File...
[..] step1 来源：step1c_PBE_opt
[..] Dimension: 2D — 继承自 step1c_PBE_opt/workflow_method.txt (DIM=2D)
[..] Submit template: submit_std_2d.tpl
[..] Regenerating KPOINTS: 1 -> 102 -> 2 -> 0.03
forrtl: severe (24): end-of-file during read, unit 11, file /public/home/wangchao/Fullerene_Network/work/qTPC24-Mg1/step2_PBE_static/POSCAR
Image              PC                Routine            Line        Source             
vaspkit            00000000008FEFDB  Unknown               Unknown  Unknown
vaspkit            00000000009340A2  Unknown               Unknown  Unknown
vaspkit            0000000000617744  read_atomic_posit          16  readposcar.F90
vaspkit            00000000006767A7  kmesh_gen_                182  kmesh.F90
vaspkit            000000000075EB63  get_input_files_           30  getinputfiles.F90
vaspkit            00000000006EFF9C  task_                      18  task.F90
vaspkit            00000000005EB092  mainmenu_                  41  mainmenu.F90
vaspkit            00000000006B4E26  MAIN__                     27  main.F90
vaspkit            00000000004085A2  Unknown               Unknown  Unknown
libc-2.28.so       000014F8D40EC6A3  __libc_start_main     Unknown  Unknown
vaspkit            00000000004084A9  Unknown               Unknown  Unknown
[ERROR] VASPKIT failed, return code=24
[21:33:04] 无变化
auto qHPC20/test[band|S1a_ion]: gen 完成。[DONE] step1a_PBE_opt 已生成（阶段 a），可提交
auto qHPC20/test[band|S1a_ion]: 已提交 test-band-S1a_ion (jobid=3578754)
auto qTPC24-Mg1[band|S2_static]: gen 失败。\\\///         
           / _  _ \         Hey, you must know what you are doing.
         (| (o)(o) |)       Otherwise you might get wrong results.
 +-----.OOOo--()--oOOO.------------------------------------------+
 |         VASPKIT Standard Edition 1.3.5 (03 Jul. 2022)         |
 |         Core Developer: Vei WANG (wangvei@icloud.com)         |
 |     Main Contributors: Nan XU, Jin-Cheng LIU & Gang TANG      |
 |  Online Tutorials Available on Website: https://vaspkit.com   |
 +-----.oooO-----------------------------------------------------+
        (   )   Oooo.                          VASPKIT Made Simple
         \ (    (   )     
          \_)    ) /      
                (_/       
 ===================== Structural Utilities ======================
 1)  VASP Input-Files Kit          2)  Mechanical Properties      
 3)  K-Path for Band-Structure     4)  Structure Editor           
 5)  Catalysis-ElectroChem Kit     6)  Symmetry Analysis          
 8)  Advanced Structure Models  
 ===================== Electronic Utilities ======================
 11) Density-of-States             21) Band-Structure             
 23) 3D Band-Structure             25) Hybrid-DFT Band-Structure  
 26) Fermi-Surface                 28) Band-Structure Unfolding   
 31) Charge-Density Analysis       42) Potential Analysis         
 51) Wave-Function Analysis        62) Magnetic Properties        
 65) Spin-Texture                  68) Transport Properties       
 ======================== Misc Utilities =========================
 71) Optical Properties            72) Molecular-Dynamics Kit     
 74) User Interface                78) VASP2other Interface       
 91) Semiconductor Kit             92) 2D-Material Kit            
 0)  Quit                                                         
 ------------>>
 ==================== VASP Input Files Options ===================
 101) Customize INCAR File                                        
 102) Generate KPOINTS File for SCF Calculation                   
 103) Generate POTCAR File with Default Setting                   
 104) Generate POTCAR File with User Specified Potential          
 105) Generate POSCAR File from cif (no fractional occupations)   
 106) Generate POSCAR File from Material Studio xsd (retain fixes)
 107) Reformat POSCAR File in Specified Order of Elements         
 108) Successive Procedure to Generate VASP Files and Check       
 109) Submit Job Queue                                            
                                                                  
 0)   Quit                                                        
 9)   Back                                                        
 ------------>>
 ======================== K-Mesh Scheme ==========================
 1) Monkhorst-Pack Scheme                                         
 2) Gamma Scheme                                                  
 3) Irreducible K-Points with Gamma Scheme                        
                                                                  
 0)   Quit                                                        
 9)   Back                                                        
 ------------->>
 -->> (01) Reading Structural Parameters from POSCAR File...
[..] step1 来源：step1c_PBE_opt
[..] Dimension: 2D — 继承自 step1c_PBE_opt/workflow_method.txt (DIM=2D)
[..] Submit template: submit_std_2d.tpl
[..] Regenerating KPOINTS: 1 -> 102 -> 2 -> 0.03
forrtl: severe (24): end-of-file during read, unit 11, file /public/home/wangchao/Fullerene_Network/work/qTPC24-Mg1/step2_PBE_static/POSCAR
Image              PC                Routine            Line        Source             
vaspkit            00000000008FEFDB  Unknown               Unknown  Unknown
vaspkit            00000000009340A2  Unknown               Unknown  Unknown
vaspkit            0000000000617744  read_atomic_posit          16  readposcar.F90
vaspkit            00000000006767A7  kmesh_gen_                182  kmesh.F90
vaspkit            000000000075EB63  get_input_files_           30  getinputfiles.F90
vaspkit            00000000006EFF9C  task_                      18  task.F90
vaspkit            00000000005EB092  mainmenu_                  41  mainmenu.F90
vaspkit            00000000006B4E26  MAIN__                     27  main.F90
vaspkit            00000000004085A2  Unknown               Unknown  Unknown
libc-2.28.so       000015313793A6A3  __libc_start_main     Unknown  Unknown
vaspkit            00000000004084A9  Unknown               Unknown  Unknown
[ERROR] VASPKIT failed, return code=24
+-------------+------+------+-----+----------+-----------+------------+-------------+---------------------------+-------------+
| Material    | tt   | hpc  | dim | S1_relax | S2_static | S3_WAVECAR | S3.1_plot   | S4_HSE                    | S4.1_plot   |
+=============+======+======+=====+==========+===========+============+=============+===========================+=============+
| Mg2C60      | band | jzzn | 3D  | done     | done      | done       | completed   | running                   | not started |
|             |      |      |     | -        | -         | -          | -           | cu[25-26] 3578417 7:19:18 | -           |
| qHPC20      | band | jzzn | 2D  | done     | done      | done       | completed   | done                      | completed   |
|             |      |      |     | -        | -         | -          | -           | -                         | -           |
| qHPC20/test | band | jzzn | -   | waiting  | waiting   | waiting    | not started | waiting                   | not started |
|             |      |      |     | S1a_ion  | -         | -          | -           | -                         | -           |
| qHPC24      | band | jzzn | 2D  | done     | done      | done       | completed   | done                      | completed   |
|             |      |      |     | -        | -         | -          | -           | -                         | -           |
| qHPC36-D6h  | band | jzzn | 2D  | done     | done      | done       | completed   | done                      | completed   |
|             |      |      |     | -        | -         | -          | -           | -                         | -           |
| qHPC60      | band | jzzn | 2D  | done     | done      | done       | completed   | running                   | not started |
|             |      |      |     | -        | -         | -          | -           | cu47 3577106 21:14:13     | -           |
| qTP1C60     | band | jzzn | 2D  | done     | done      | done       | completed   | done                      | completed   |
|             |      |      |     | -        | -         | -          | -           | -                         | -           |
| qTP2C36-D2d | band | jzzn | 2D  | done     | done      | done       | completed   | done                      | completed   |
|             |      |      |     | -        | -         | -          | -           | -                         | -           |
| qTP2C60     | band | jzzn | 2D  | done     | done      | done       | completed   | done                      | completed   |
|             |      |      |     | -        | -         | -          | -           | -                         | -           |
| qTPC20-b    | band | jzzn | 2D  | done     | done      | done       | completed   | done                      | completed   |
|             |      |      |     | -        | -         | -          | -           | -                         | -           |
| qTPC20-r    | band | jzzn | 2D  | done     | done      | done       | completed   | done                      | completed   |
|             |      |      |     | -        | -         | -          | -           | -                         | -           |
| qTPC24      | band | jzzn | 2D  | done     | done      | done       | completed   | done                      | completed   |
|             |      |      |     | -        | -         | -          | -           | -                         | -           |
| qTPC24-Mg1  | band | jzzn | 2D  | done     | waiting   | waiting    | not started | waiting                   | not started |
|             |      |      |     | -        | -         | -          | -           | -                         | -           |
+-------------+------+------+-----+----------+-----------+------------+-------------+---------------------------+-------------+
Total: 13 | Done: 9 | Waiting: 2 | Actionable: 2
auto-fetch qHPC20/test: step1a_PBE_opt,step1b_PBE_opt,step1c_PBE_opt → /home/wangchao/Fullerene_Network/C20/qHPC20/test/result
auto qHPC20/test[band|S2_static]: gen 完成。[DONE] step2_PBE_static is ready (vasp_std)
auto qHPC20/test[band|S2_static]: 已提交 test-band-S2_static (jobid=3578755)
auto qTPC24-Mg1[band|S2_static]: gen 失败。\\\///         
           / _  _ \         Hey, you must know what you are doing.
         (| (o)(o) |)       Otherwise you might get wrong results.
 +-----.OOOo--()--oOOO.------------------------------------------+
 |         VASPKIT Standard Edition 1.3.5 (03 Jul. 2022)         |
 |         Core Developer: Vei WANG (wangvei@icloud.com)         |
 |     Main Contributors: Nan XU, Jin-Cheng LIU & Gang TANG      |
 |  Online Tutorials Available on Website: https://vaspkit.com   |
 +-----.oooO-----------------------------------------------------+
        (   )   Oooo.                          VASPKIT Made Simple
         \ (    (   )     
          \_)    ) /      
                (_/       
 ===================== Structural Utilities ======================
 1)  VASP Input-Files Kit          2)  Mechanical Properties      
 3)  K-Path for Band-Structure     4)  Structure Editor           
 5)  Catalysis-ElectroChem Kit     6)  Symmetry Analysis          
 8)  Advanced Structure Models  
 ===================== Electronic Utilities ======================
 11) Density-of-States             21) Band-Structure             
 23) 3D Band-Structure             25) Hybrid-DFT Band-Structure  
 26) Fermi-Surface                 28) Band-Structure Unfolding   
 31) Charge-Density Analysis       42) Potential Analysis         
 51) Wave-Function Analysis        62) Magnetic Properties        
 65) Spin-Texture                  68) Transport Properties       
 ======================== Misc Utilities =========================
 71) Optical Properties            72) Molecular-Dynamics Kit     
 74) User Interface                78) VASP2other Interface       
 91) Semiconductor Kit             92) 2D-Material Kit            
 0)  Quit                                                         
 ------------>>
 ==================== VASP Input Files Options ===================
 101) Customize INCAR File                                        
 102) Generate KPOINTS File for SCF Calculation                   
 103) Generate POTCAR File with Default Setting                   
 104) Generate POTCAR File with User Specified Potential          
 105) Generate POSCAR File from cif (no fractional occupations)   
 106) Generate POSCAR File from Material Studio xsd (retain fixes)
 107) Reformat POSCAR File in Specified Order of Elements         
 108) Successive Procedure to Generate VASP Files and Check       
 109) Submit Job Queue                                            
                                                                  
 0)   Quit                                                        
 9)   Back                                                        
 ------------>>
 ======================== K-Mesh Scheme ==========================
 1) Monkhorst-Pack Scheme                                         
 2) Gamma Scheme                                                  
 3) Irreducible K-Points with Gamma Scheme                        
                                                                  
 0)   Quit                                                        
 9)   Back                                                        
 ------------->>
 -->> (01) Reading Structural Parameters from POSCAR File...
[..] step1 来源：step1c_PBE_opt
[..] Dimension: 2D — 继承自 step1c_PBE_opt/workflow_method.txt (DIM=2D)
[..] Submit template: submit_std_2d.tpl
[..] Regenerating KPOINTS: 1 -> 102 -> 2 -> 0.03
forrtl: severe (24): end-of-file during read, unit 11, file /public/home/wangchao/Fullerene_Network/work/qTPC24-Mg1/step2_PBE_static/POSCAR
Image              PC                Routine            Line        Source             
vaspkit            00000000008FEFDB  Unknown               Unknown  Unknown
vaspkit            00000000009340A2  Unknown               Unknown  Unknown
vaspkit            0000000000617744  read_atomic_posit          16  readposcar.F90
vaspkit            00000000006767A7  kmesh_gen_                182  kmesh.F90
vaspkit            000000000075EB63  get_input_files_           30  getinputfiles.F90
vaspkit            00000000006EFF9C  task_                      18  task.F90
vaspkit            00000000005EB092  mainmenu_                  41  mainmenu.F90
vaspkit            00000000006B4E26  MAIN__                     27  main.F90
vaspkit            00000000004085A2  Unknown               Unknown  Unknown
libc-2.28.so       0000148A8008E6A3  __libc_start_main     Unknown  Unknown
vaspkit            00000000004084A9  Unknown               Unknown  Unknown
[ERROR] VASPKIT failed, return code=24
+-------------+------+------+-----+----------+-----------+------------+-------------+---------------------------+-------------+
| Material    | tt   | hpc  | dim | S1_relax | S2_static | S3_WAVECAR | S3.1_plot   | S4_HSE                    | S4.1_plot   |
+=============+======+======+=====+==========+===========+============+=============+===========================+=============+
| Mg2C60      | band | jzzn | 3D  | done     | done      | done       | completed   | running                   | not started |
|             |      |      |     | -        | -         | -          | -           | cu[25-26] 3578417 7:24:36 | -           |
| qHPC20      | band | jzzn | 2D  | done     | done      | done       | completed   | done                      | completed   |
|             |      |      |     | -        | -         | -          | -           | -                         | -           |
| qHPC20/test | band | jzzn | 2D  | done     | waiting   | waiting    | not started | waiting                   | not started |
|             |      |      |     | -        | -         | -          | -           | -                         | -           |
| qHPC24      | band | jzzn | 2D  | done     | done      | done       | completed   | done                      | completed   |
|             |      |      |     | -        | -         | -          | -           | -                         | -           |
| qHPC36-D6h  | band | jzzn | 2D  | done     | done      | done       | completed   | done                      | completed   |
|             |      |      |     | -        | -         | -          | -           | -                         | -           |
| qHPC60      | band | jzzn | 2D  | done     | done      | done       | completed   | running                   | not started |
|             |      |      |     | -        | -         | -          | -           | cu47 3577106 21:19:31     | -           |
| qTP1C60     | band | jzzn | 2D  | done     | done      | done       | completed   | done                      | completed   |
|             |      |      |     | -        | -         | -          | -           | -                         | -           |
| qTP2C36-D2d | band | jzzn | 2D  | done     | done      | done       | completed   | done                      | completed   |
|             |      |      |     | -        | -         | -          | -           | -                         | -           |
| qTP2C60     | band | jzzn | 2D  | done     | done      | done       | completed   | done                      | completed   |
|             |      |      |     | -        | -         | -          | -           | -                         | -           |
| qTPC20-b    | band | jzzn | 2D  | done     | done      | done       | completed   | done                      | completed   |
|             |      |      |     | -        | -         | -          | -           | -                         | -           |
| qTPC20-r    | band | jzzn | 2D  | done     | done      | done       | completed   | done                      | completed   |
|             |      |      |     | -        | -         | -          | -           | -                         | -           |
| qTPC24      | band | jzzn | 2D  | done     | done      | done       | completed   | done                      | completed   |
|             |      |      |     | -        | -         | -          | -           | -                         | -           |
| qTPC24-Mg1  | band | jzzn | 2D  | done     | waiting   | waiting    | not started | waiting                   | not started |
|             |      |      |     | -        | -         | -          | -           | -                         | -           |
+-------------+------+------+-----+----------+-----------+------------+-------------+---------------------------+-------------+
Total: 13 | Done: 9 | Waiting: 2 | Actionable: 2
auto-fetch qHPC20/test: step2_PBE_static → /home/wangchao/Fullerene_Network/C20/qHPC20/test/result
auto qHPC20/test[band|S3_WAVECAR]: gen 完成。[..] 展宽：ISMEAR=0 SIGMA=0.05 —— 自动判定：带隙 1.0514 eV -> 半导体/绝缘体
auto qHPC20/test[band|S3_WAVECAR]: 已提交 test-band-S3_WAVECAR (jobid=3578756)
auto qTPC24-Mg1[band|S2_static]: gen 失败。Traceback (most recent call last):
  File "/public/home/wangchao/Fullerene_Network/work/qTPC24-Mg1/gen_step2_static.py", line 34, in <module>
    from dim_common import force_kz1, resolve_dim, resolve_tpl, validate_poscar  # noqa: E402
    ^^^^^^^^^^^^^^^^^^^^^^^^^^^^^^^^^^^^^^^^^^^^^^^^^^^^^^^^^^^^^^^^^^^^^^^^^^^
ImportError: cannot import name 'validate_poscar' from 'dim_common' (/public/home/wangchao/Fullerene_Network/work/qTPC24-Mg1/dim_common.py)
+-------------+------+------+-----+----------+-----------+------------+-------------+---------------------------+-------------+
| Material    | tt   | hpc  | dim | S1_relax | S2_static | S3_WAVECAR | S3.1_plot   | S4_HSE                    | S4.1_plot   |
+=============+======+======+=====+==========+===========+============+=============+===========================+=============+
| Mg2C60      | band | jzzn | 3D  | done     | done      | done       | completed   | running                   | not started |
|             |      |      |     | -        | -         | -          | -           | cu[25-26] 3578417 7:29:42 | -           |
| qHPC20      | band | jzzn | 2D  | done     | done      | done       | completed   | done                      | completed   |
|             |      |      |     | -        | -         | -          | -           | -                         | -           |
| qHPC20/test | band | jzzn | 2D  | done     | done      | waiting    | not started | waiting                   | not started |
|             |      |      |     | -        | -         | -          | -           | -                         | -           |
| qHPC24      | band | jzzn | 2D  | done     | done      | done       | completed   | done                      | completed   |
|             |      |      |     | -        | -         | -          | -           | -                         | -           |
| qHPC36-D6h  | band | jzzn | 2D  | done     | done      | done       | completed   | done                      | completed   |
|             |      |      |     | -        | -         | -          | -           | -                         | -           |
| qHPC60      | band | jzzn | 2D  | done     | done      | done       | completed   | running                   | not started |
|             |      |      |     | -        | -         | -          | -           | cu47 3577106 21:24:37     | -           |
| qTP1C60     | band | jzzn | 2D  | done     | done      | done       | completed   | done                      | completed   |
|             |      |      |     | -        | -         | -          | -           | -                         | -           |
| qTP2C36-D2d | band | jzzn | 2D  | done     | done      | done       | completed   | done                      | completed   |
|             |      |      |     | -        | -         | -          | -           | -                         | -           |
| qTP2C60     | band | jzzn | 2D  | done     | done      | done       | completed   | done                      | completed   |
|             |      |      |     | -        | -         | -          | -           | -                         | -           |
| qTPC20-b    | band | jzzn | 2D  | done     | done      | done       | completed   | done                      | completed   |
|             |      |      |     | -        | -         | -          | -           | -                         | -           |
| qTPC20-r    | band | jzzn | 2D  | done     | done      | done       | completed   | done                      | completed   |
|             |      |      |     | -        | -         | -          | -           | -                         | -           |
| qTPC24      | band | jzzn | 2D  | done     | done      | done       | completed   | done                      | completed   |
|             |      |      |     | -        | -         | -          | -           | -                         | -           |
| qTPC24-Mg1  | band | jzzn | 2D  | done     | waiting   | waiting    | not started | waiting                   | not started |
|             |      |      |     | -        | -         | -          | -           | -                         | -           |
+-------------+------+------+-----+----------+-----------+------------+-------------+---------------------------+-------------+
Total: 13 | Done: 9 | Waiting: 2 | Actionable: 2
auto qTPC24-Mg1[band|S2_static]: gen 失败。Traceback (most recent call last):
  File "/public/home/wangchao/Fullerene_Network/work/qTPC24-Mg1/gen_step2_static.py", line 34, in <module>
    from dim_common import force_kz1, resolve_dim, resolve_tpl, validate_poscar  # noqa: E402
    ^^^^^^^^^^^^^^^^^^^^^^^^^^^^^^^^^^^^^^^^^^^^^^^^^^^^^^^^^^^^^^^^^^^^^^^^^^^
ImportError: cannot import name 'validate_poscar' from 'dim_common' (/public/home/wangchao/Fullerene_Network/work/qTPC24-Mg1/dim_common.py)
+-------------+------+------+-----+----------+-----------+-------------------+-------------+---------------------------+-------------+
| Material    | tt   | hpc  | dim | S1_relax | S2_static | S3_WAVECAR        | S3.1_plot   | S4_HSE                    | S4.1_plot   |
+=============+======+======+=====+==========+===========+===================+=============+===========================+=============+
| Mg2C60      | band | jzzn | 3D  | done     | done      | done              | completed   | running                   | not started |
|             |      |      |     | -        | -         | -                 | -           | cu[25-26] 3578417 7:34:51 | -           |
| qHPC20      | band | jzzn | 2D  | done     | done      | done              | completed   | done                      | completed   |
|             |      |      |     | -        | -         | -                 | -           | -                         | -           |
| qHPC20/test | band | jzzn | 2D  | done     | done      | running           | not started | waiting                   | not started |
|             |      |      |     | -        | -         | cu06 3578756 5:03 | -           | -                         | -           |
| qHPC24      | band | jzzn | 2D  | done     | done      | done              | completed   | done                      | completed   |
|             |      |      |     | -        | -         | -                 | -           | -                         | -           |
| qHPC36-D6h  | band | jzzn | 2D  | done     | done      | done              | completed   | done                      | completed   |
|             |      |      |     | -        | -         | -                 | -           | -                         | -           |
| qHPC60      | band | jzzn | 2D  | done     | done      | done              | completed   | running                   | not started |
|             |      |      |     | -        | -         | -                 | -           | cu47 3577106 21:29:46     | -           |
| qTP1C60     | band | jzzn | 2D  | done     | done      | done              | completed   | done                      | completed   |
|             |      |      |     | -        | -         | -                 | -           | -                         | -           |
| qTP2C36-D2d | band | jzzn | 2D  | done     | done      | done              | completed   | done                      | completed   |
|             |      |      |     | -        | -         | -                 | -           | -                         | -           |
| qTP2C60     | band | jzzn | 2D  | done     | done      | done              | completed   | done                      | completed   |
|             |      |      |     | -        | -         | -                 | -           | -                         | -           |
| qTPC20-b    | band | jzzn | 2D  | done     | done      | done              | completed   | done                      | completed   |
|             |      |      |     | -        | -         | -                 | -           | -                         | -           |
| qTPC20-r    | band | jzzn | 2D  | done     | done      | done              | completed   | done                      | completed   |
|             |      |      |     | -        | -         | -                 | -           | -                         | -           |
| qTPC24      | band | jzzn | 2D  | done     | done      | done              | completed   | done                      | completed   |
|             |      |      |     | -        | -         | -                 | -           | -                         | -           |
| qTPC24-Mg1  | band | jzzn | 2D  | done     | waiting   | waiting           | not started | waiting                   | not started |
|             |      |      |     | -        | -         | -                 | -           | -                         | -           |
+-------------+------+------+-----+----------+-----------+-------------------+-------------+---------------------------+-------------+
Total: 13 | Done: 9 | Waiting: 3 | Actionable: 1
auto-fetch qHPC20/test: step3_PBE_WAVECAR → /home/wangchao/Fullerene_Network/C20/qHPC20/test/result
auto qHPC20/test[band|S3.1_plot]: 已生成 /public/home/wangchao/Fullerene_Network/fullerene_network/test/qHPC20/test/step3_band_plot（band_summary.json）
auto qTPC24-Mg1[band|S2_static]: gen 失败。Traceback (most recent call last):
  File "/public/home/wangchao/Fullerene_Network/work/qTPC24-Mg1/gen_step2_static.py", line 34, in <module>
    from dim_common import force_kz1, resolve_dim, resolve_tpl, validate_poscar  # noqa: E402
    ^^^^^^^^^^^^^^^^^^^^^^^^^^^^^^^^^^^^^^^^^^^^^^^^^^^^^^^^^^^^^^^^^^^^^^^^^^^
ImportError: cannot import name 'validate_poscar' from 'dim_common' (/public/home/wangchao/Fullerene_Network/work/qTPC24-Mg1/dim_common.py)
+-------------+------+------+-----+----------+-----------+------------+-------------+---------------------------+-------------+
| Material    | tt   | hpc  | dim | S1_relax | S2_static | S3_WAVECAR | S3.1_plot   | S4_HSE                    | S4.1_plot   |
+=============+======+======+=====+==========+===========+============+=============+===========================+=============+
| Mg2C60      | band | jzzn | 3D  | done     | done      | done       | completed   | running                   | not started |
|             |      |      |     | -        | -         | -          | -           | cu[25-26] 3578417 7:39:55 | -           |
| qHPC20      | band | jzzn | 2D  | done     | done      | done       | completed   | done                      | completed   |
|             |      |      |     | -        | -         | -          | -           | -                         | -           |
| qHPC20/test | band | jzzn | 2D  | done     | done      | done       | not started | waiting                   | not started |
|             |      |      |     | -        | -         | -          | -           | -                         | -           |
| qHPC24      | band | jzzn | 2D  | done     | done      | done       | completed   | done                      | completed   |
|             |      |      |     | -        | -         | -          | -           | -                         | -           |
| qHPC36-D6h  | band | jzzn | 2D  | done     | done      | done       | completed   | done                      | completed   |
|             |      |      |     | -        | -         | -          | -           | -                         | -           |
| qHPC60      | band | jzzn | 2D  | done     | done      | done       | completed   | running                   | not started |
|             |      |      |     | -        | -         | -          | -           | cu47 3577106 21:34:50     | -           |
| qTP1C60     | band | jzzn | 2D  | done     | done      | done       | completed   | done                      | completed   |
|             |      |      |     | -        | -         | -          | -           | -                         | -           |
| qTP2C36-D2d | band | jzzn | 2D  | done     | done      | done       | completed   | done                      | completed   |
|             |      |      |     | -        | -         | -          | -           | -                         | -           |
| qTP2C60     | band | jzzn | 2D  | done     | done      | done       | completed   | done                      | completed   |
|             |      |      |     | -        | -         | -          | -           | -                         | -           |
| qTPC20-b    | band | jzzn | 2D  | done     | done      | done       | completed   | done                      | completed   |
|             |      |      |     | -        | -         | -          | -           | -                         | -           |
| qTPC20-r    | band | jzzn | 2D  | done     | done      | done       | completed   | done                      | completed   |
|             |      |      |     | -        | -         | -          | -           | -                         | -           |
| qTPC24      | band | jzzn | 2D  | done     | done      | done       | completed   | done                      | completed   |
|             |      |      |     | -        | -         | -          | -           | -                         | -           |
| qTPC24-Mg1  | band | jzzn | 2D  | done     | waiting   | waiting    | not started | waiting                   | not started |
|             |      |      |     | -        | -         | -          | -           | -                         | -           |
+-------------+------+------+-----+----------+-----------+------------+-------------+---------------------------+-------------+
Total: 13 | Done: 9 | Waiting: 2 | Actionable: 2
auto-fetch qHPC20/test: step3_band_plot → /home/wangchao/Fullerene_Network/C20/qHPC20/test/result
auto qHPC20/test[band|S4_HSE]: gen 完成。[..] 上游是 PBEsol，本步用 HSEsol（GGA=PS）保持泛函族一致。想与 HSE06 文献对比请把 HYBRID_FLAVOR 改成 'hse06'。
auto qHPC20/test[band|S4_HSE]: 已提交 test-band-S4_HSE (jobid=3579207)
auto qTPC24-Mg1[band|S2_static]: gen 失败。Traceback (most recent call last):
  File "/public/home/wangchao/Fullerene_Network/work/qTPC24-Mg1/gen_step2_static.py", line 34, in <module>
    from dim_common import force_kz1, resolve_dim, resolve_tpl, validate_poscar  # noqa: E402
    ^^^^^^^^^^^^^^^^^^^^^^^^^^^^^^^^^^^^^^^^^^^^^^^^^^^^^^^^^^^^^^^^^^^^^^^^^^^
ImportError: cannot import name 'validate_poscar' from 'dim_common' (/public/home/wangchao/Fullerene_Network/work/qTPC24-Mg1/dim_common.py)
+-------------+------+------+-----+----------+-----------+------------+-------------+---------------------------+-------------+
| Material    | tt   | hpc  | dim | S1_relax | S2_static | S3_WAVECAR | S3.1_plot   | S4_HSE                    | S4.1_plot   |
+=============+======+======+=====+==========+===========+============+=============+===========================+=============+
| Mg2C60      | band | jzzn | 3D  | done     | done      | done       | completed   | running                   | not started |
|             |      |      |     | -        | -         | -          | -           | cu[25-26] 3578417 7:45:02 | -           |
| qHPC20      | band | jzzn | 2D  | done     | done      | done       | completed   | done                      | completed   |
|             |      |      |     | -        | -         | -          | -           | -                         | -           |
| qHPC20/test | band | jzzn | 2D  | done     | done      | done       | completed   | waiting                   | not started |
|             |      |      |     | -        | -         | -          | -           | -                         | -           |
| qHPC24      | band | jzzn | 2D  | done     | done      | done       | completed   | done                      | completed   |
|             |      |      |     | -        | -         | -          | -           | -                         | -           |
| qHPC36-D6h  | band | jzzn | 2D  | done     | done      | done       | completed   | done                      | completed   |
|             |      |      |     | -        | -         | -          | -           | -                         | -           |
| qHPC60      | band | jzzn | 2D  | done     | done      | done       | completed   | running                   | not started |
|             |      |      |     | -        | -         | -          | -           | cu47 3577106 21:39:57     | -           |
| qTP1C60     | band | jzzn | 2D  | done     | done      | done       | completed   | done                      | completed   |
|             |      |      |     | -        | -         | -          | -           | -                         | -           |
| qTP2C36-D2d | band | jzzn | 2D  | done     | done      | done       | completed   | done                      | completed   |
|             |      |      |     | -        | -         | -          | -           | -                         | -           |
| qTP2C60     | band | jzzn | 2D  | done     | done      | done       | completed   | done                      | completed   |
|             |      |      |     | -        | -         | -          | -           | -                         | -           |
| qTPC20-b    | band | jzzn | 2D  | done     | done      | done       | completed   | done                      | completed   |
|             |      |      |     | -        | -         | -          | -           | -                         | -           |
| qTPC20-r    | band | jzzn | 2D  | done     | done      | done       | completed   | done                      | completed   |
|             |      |      |     | -        | -         | -          | -           | -                         | -           |
| qTPC24      | band | jzzn | 2D  | done     | done      | done       | completed   | done                      | completed   |
|             |      |      |     | -        | -         | -          | -           | -                         | -           |
| qTPC24-Mg1  | band | jzzn | 2D  | done     | waiting   | waiting    | not started | waiting                   | not started |
|             |      |      |     | -        | -         | -          | -           | -                         | -           |
+-------------+------+------+-----+----------+-----------+------------+-------------+---------------------------+-------------+
Total: 13 | Done: 9 | Waiting: 2 | Actionable: 2
+-------------+------+------+-----+-------------------+-----------+------------+-------------+---------------------------+-------------+
| Material    | tt   | hpc  | dim | S1_relax          | S2_static | S3_WAVECAR | S3.1_plot   | S4_HSE                    | S4.1_plot   |
+=============+======+======+=====+===================+===========+============+=============+===========================+=============+
| Mg2C60      | band | jzzn | 3D  | done              | done      | done       | completed   | running                   | not started |
|             |      |      |     | -                 | -         | -          | -           | cu[25-26] 3578417 7:50:10 | -           |
| qHPC20      | band | jzzn | 2D  | done              | done      | done       | completed   | done                      | completed   |
|             |      |      |     | -                 | -         | -          | -           | -                         | -           |
| qHPC24      | band | jzzn | 2D  | done              | done      | done       | completed   | done                      | completed   |
|             |      |      |     | -                 | -         | -          | -           | -                         | -           |
| qHPC36-D6h  | band | jzzn | 2D  | done              | done      | done       | completed   | done                      | completed   |
|             |      |      |     | -                 | -         | -          | -           | -                         | -           |
| qHPC60      | band | jzzn | 2D  | done              | done      | done       | completed   | running                   | not started |
|             |      |      |     | -                 | -         | -          | -           | cu47 3577106 21:45:05     | -           |
| qTP1C60     | band | jzzn | 2D  | done              | done      | done       | completed   | done                      | completed   |
|             |      |      |     | -                 | -         | -          | -           | -                         | -           |
| qTP2C36-D2d | band | jzzn | 2D  | done              | done      | done       | completed   | done                      | completed   |
|             |      |      |     | -                 | -         | -          | -           | -                         | -           |
| qTP2C60     | band | jzzn | 2D  | done              | done      | done       | completed   | done                      | completed   |
|             |      |      |     | -                 | -         | -          | -           | -                         | -           |
| qTPC20-b    | band | jzzn | 2D  | done              | done      | done       | completed   | done                      | completed   |
|             |      |      |     | -                 | -         | -          | -           | -                         | -           |
| qTPC20-r    | band | jzzn | 2D  | done              | done      | done       | completed   | done                      | completed   |
|             |      |      |     | -                 | -         | -          | -           | -                         | -           |
| qTPC24      | band | jzzn | 2D  | done              | done      | done       | completed   | done                      | completed   |
|             |      |      |     | -                 | -         | -          | -           | -                         | -           |
| qTPC24-Mg1  | band | jzzn | 2D  | running           | waiting   | waiting    | not started | waiting                   | not started |
|             |      |      |     | cu03 3579217 0:19 | -         | -          | -           | -                         | -           |
+-------------+------+------+-----+-------------------+-----------+------------+-------------+---------------------------+-------------+
Total: 12 | Done: 9 | Waiting: 3 | Actionable: 0
[22:13:59] 无变化
[22:19:00] 无变化
[22:24:02] 无变化
[22:29:04] 无变化
[22:34:06] 无变化
[22:39:13] 无变化
[22:44:15] 无变化
[22:49:17] 无变化
auto C20/qHPC20[band|S1a_ion]: gen 失败。project_setting/skill_dir 里缺少 submit_std_2d.tpl，且未配置 gen_dir 兜底
auto C20/qTPC20-b[band|S1a_ion]: gen 失败。project_setting/skill_dir 里缺少 submit_std_2d.tpl，且未配置 gen_dir 兜底
auto C20/qTPC20-r[band|S1a_ion]: gen 失败。project_setting/skill_dir 里缺少 submit_std_2d.tpl，且未配置 gen_dir 兜底
auto C24/qHPC24[band|S1a_ion]: gen 失败。project_setting/skill_dir 里缺少 submit_std_2d.tpl，且未配置 gen_dir 兜底
auto C24/qTPC24[band|S1a_ion]: gen 失败。project_setting/skill_dir 里缺少 submit_std_2d.tpl，且未配置 gen_dir 兜底
auto C24/qTPC24-Mg1[band|S1a_ion]: gen 失败。project_setting/skill_dir 里缺少 submit_std_2d.tpl，且未配置 gen_dir 兜底
auto C36/qHPC36-D6h[band|S1a_ion]: gen 失败。project_setting/skill_dir 里缺少 submit_std_2d.tpl，且未配置 gen_dir 兜底
auto C36/qTP2C36-D2d[band|S1a_ion]: gen 失败。project_setting/skill_dir 里缺少 submit_std_2d.tpl，且未配置 gen_dir 兜底
auto C60/qHPC60[band|S1a_ion]: gen 失败。project_setting/skill_dir 里缺少 submit_std_2d.tpl，且未配置 gen_dir 兜底
auto C60/qTP1C60[band|S1a_ion]: gen 失败。project_setting/skill_dir 里缺少 submit_std_2d.tpl，且未配置 gen_dir 兜底
auto C60/qTP2C60[band|S1a_ion]: gen 失败。project_setting/skill_dir 里缺少 submit_std_2d.tpl，且未配置 gen_dir 兜底
+-----------------+------+------+-----+----------+-----------+------------+-------------+---------------------------+-------------+
| Material        | tt   | hpc  | dim | S1_relax | S2_static | S3_WAVECAR | S3.1_plot   | S4_HSE                    | S4.1_plot   |
+=================+======+======+=====+==========+===========+============+=============+===========================+=============+
| C20/qHPC20      | band | jzzn | -   | waiting  | waiting   | waiting    | not started | waiting                   | not started |
|                 |      |      |     | S1a_ion  | -         | -          | -           | -                         | -           |
| C20/qTPC20-b    | band | jzzn | -   | waiting  | waiting   | waiting    | not started | waiting                   | not started |
|                 |      |      |     | S1a_ion  | -         | -          | -           | -                         | -           |
| C20/qTPC20-r    | band | jzzn | -   | waiting  | waiting   | waiting    | not started | waiting                   | not started |
|                 |      |      |     | S1a_ion  | -         | -          | -           | -                         | -           |
| C24/qHPC24      | band | jzzn | -   | waiting  | waiting   | waiting    | not started | waiting                   | not started |
|                 |      |      |     | S1a_ion  | -         | -          | -           | -                         | -           |
| C24/qTPC24      | band | jzzn | -   | waiting  | waiting   | waiting    | not started | waiting                   | not started |
|                 |      |      |     | S1a_ion  | -         | -          | -           | -                         | -           |
| C24/qTPC24-Mg1  | band | jzzn | -   | waiting  | waiting   | waiting    | not started | waiting                   | not started |
|                 |      |      |     | S1a_ion  | -         | -          | -           | -                         | -           |
| C36/qHPC36-D6h  | band | jzzn | -   | waiting  | waiting   | waiting    | not started | waiting                   | not started |
|                 |      |      |     | S1a_ion  | -         | -          | -           | -                         | -           |
| C36/qTP2C36-D2d | band | jzzn | -   | waiting  | waiting   | waiting    | not started | waiting                   | not started |
|                 |      |      |     | S1a_ion  | -         | -          | -           | -                         | -           |
| C60/qHPC60      | band | jzzn | -   | waiting  | waiting   | waiting    | not started | waiting                   | not started |
|                 |      |      |     | S1a_ion  | -         | -          | -           | -                         | -           |
| C60/qTP1C60     | band | jzzn | -   | waiting  | waiting   | waiting    | not started | waiting                   | not started |
|                 |      |      |     | S1a_ion  | -         | -          | -           | -                         | -           |
| C60/qTP2C60     | band | jzzn | -   | waiting  | waiting   | waiting    | not started | waiting                   | not started |
|                 |      |      |     | S1a_ion  | -         | -          | -           | -                         | -           |
| Mg2C60          | band | jzzn | 3D  | done     | done      | done       | completed   | running                   | not started |
|                 |      |      |     | -        | -         | -          | -           | cu[25-26] 3578417 8:35:31 | -           |
+-----------------+------+------+-----+----------+-----------+------------+-------------+---------------------------+-------------+
Total: 12 | Done: 0 | Waiting: 1 | Actionable: 11
auto C20/qHPC20[band|S1a_ion]: gen 失败。project_setting/skill_dir 里缺少 submit_std_2d.tpl，且未配置 gen_dir 兜底
auto C20/qTPC20-b[band|S1a_ion]: gen 失败。project_setting/skill_dir 里缺少 submit_std_2d.tpl，且未配置 gen_dir 兜底
auto C20/qTPC20-r[band|S1a_ion]: gen 失败。project_setting/skill_dir 里缺少 submit_std_2d.tpl，且未配置 gen_dir 兜底
auto C24/qHPC24[band|S1a_ion]: gen 失败。project_setting/skill_dir 里缺少 submit_std_2d.tpl，且未配置 gen_dir 兜底
auto C24/qTPC24[band|S1a_ion]: gen 失败。project_setting/skill_dir 里缺少 submit_std_2d.tpl，且未配置 gen_dir 兜底
auto C24/qTPC24-Mg1[band|S1a_ion]: gen 失败。project_setting/skill_dir 里缺少 submit_std_2d.tpl，且未配置 gen_dir 兜底
auto C36/qHPC36-D6h[band|S1a_ion]: gen 失败。project_setting/skill_dir 里缺少 submit_std_2d.tpl，且未配置 gen_dir 兜底
auto C36/qTP2C36-D2d[band|S1a_ion]: gen 失败。project_setting/skill_dir 里缺少 submit_std_2d.tpl，且未配置 gen_dir 兜底
auto C60/qHPC60[band|S1a_ion]: gen 失败。project_setting/skill_dir 里缺少 submit_std_2d.tpl，且未配置 gen_dir 兜底
auto C60/qTP1C60[band|S1a_ion]: gen 失败。project_setting/skill_dir 里缺少 submit_std_2d.tpl，且未配置 gen_dir 兜底
auto C60/qTP2C60[band|S1a_ion]: gen 失败。project_setting/skill_dir 里缺少 submit_std_2d.tpl，且未配置 gen_dir 兜底
[22:59:20] 无变化
auto C20/qHPC20[band|S1a_ion]: gen 失败。project_setting/skill_dir 里缺少 submit_std_2d.tpl，且未配置 gen_dir 兜底
auto C20/qTPC20-b[band|S1a_ion]: gen 失败。project_setting/skill_dir 里缺少 submit_std_2d.tpl，且未配置 gen_dir 兜底
auto C20/qTPC20-r[band|S1a_ion]: gen 失败。project_setting/skill_dir 里缺少 submit_std_2d.tpl，且未配置 gen_dir 兜底
auto C24/qHPC24[band|S1a_ion]: gen 失败。project_setting/skill_dir 里缺少 submit_std_2d.tpl，且未配置 gen_dir 兜底
auto C24/qTPC24[band|S1a_ion]: gen 失败。project_setting/skill_dir 里缺少 submit_std_2d.tpl，且未配置 gen_dir 兜底
auto C24/qTPC24-Mg1[band|S1a_ion]: gen 失败。project_setting/skill_dir 里缺少 submit_std_2d.tpl，且未配置 gen_dir 兜底
auto C36/qHPC36-D6h[band|S1a_ion]: gen 失败。project_setting/skill_dir 里缺少 submit_std_2d.tpl，且未配置 gen_dir 兜底
auto C36/qTP2C36-D2d[band|S1a_ion]: gen 失败。project_setting/skill_dir 里缺少 submit_std_2d.tpl，且未配置 gen_dir 兜底
auto C60/qHPC60[band|S1a_ion]: gen 失败。project_setting/skill_dir 里缺少 submit_std_2d.tpl，且未配置 gen_dir 兜底
auto C60/qTP1C60[band|S1a_ion]: gen 失败。project_setting/skill_dir 里缺少 submit_std_2d.tpl，且未配置 gen_dir 兜底
auto C60/qTP2C60[band|S1a_ion]: gen 失败。project_setting/skill_dir 里缺少 submit_std_2d.tpl，且未配置 gen_dir 兜底
[23:04:22] 无变化
auto-fetch qHPC36-D6h: step1a_PBE_opt → /home/wangchao/Fullerene_Network/C36/qHPC36-D6h/result
+-------------+------+------+-----+----------------------+-----------+------------+-------------+---------------------------+-------------+
| Material    | tt   | hpc  | dim | S1_relax             | S2_static | S3_WAVECAR | S3.1_plot   | S4_HSE                    | S4.1_plot   |
+=============+======+======+=====+======================+===========+============+=============+===========================+=============+
| Mg2C60      | band | jzzn | 3D  | done                 | done      | done       | completed   | running                   | not started |
|             |      |      |     | -                    | -         | -          | -           | cu[25-26] 3578417 8:50:36 | -           |
| qHPC20      | band | jzzn | 2D  | done                 | done      | done       | completed   | done                      | completed   |
|             |      |      |     | -                    | -         | -          | -           | -                         | -           |
| qHPC24      | band | jzzn | 2D  | done                 | done      | done       | completed   | done                      | completed   |
|             |      |      |     | -                    | -         | -          | -           | -                         | -           |
| qHPC36-D6h  | band | jzzn | 2D  | done                 | done      | done       | completed   | done                      | completed   |
|             |      |      |     | -                    | -         | -          | -           | -                         | -           |
| qHPC60      | band | jzzn | 2D  | done                 | done      | done       | completed   | running                   | not started |
|             |      |      |     | -                    | -         | -          | -           | cu47 3577106 22:45:31     | -           |
| qTP1C60     | band | jzzn | 2D  | done                 | done      | done       | completed   | done                      | completed   |
|             |      |      |     | -                    | -         | -          | -           | -                         | -           |
| qTP2C36-D2d | band | jzzn | 2D  | done                 | done      | done       | completed   | done                      | completed   |
|             |      |      |     | -                    | -         | -          | -           | -                         | -           |
| qTP2C60     | band | jzzn | 2D  | done                 | done      | done       | completed   | done                      | completed   |
|             |      |      |     | -                    | -         | -          | -           | -                         | -           |
| qTPC20-b    | band | jzzn | 2D  | done                 | done      | done       | completed   | done                      | completed   |
|             |      |      |     | -                    | -         | -          | -           | -                         | -           |
| qTPC20-r    | band | jzzn | 2D  | done                 | done      | done       | completed   | done                      | completed   |
|             |      |      |     | -                    | -         | -          | -           | -                         | -           |
| qTPC24      | band | jzzn | 2D  | done                 | done      | done       | completed   | done                      | completed   |
|             |      |      |     | -                    | -         | -          | -           | -                         | -           |
| qTPC24-Mg1  | band | jzzn | 2D  | running              | waiting   | waiting    | not started | waiting                   | not started |
|             |      |      |     | cu03 3579217 1:00:45 | -         | -          | -           | -                         | -           |
+-------------+------+------+-----+----------------------+-----------+------------+-------------+---------------------------+-------------+
Total: 12 | Done: 9 | Waiting: 3 | Actionable: 0
auto-fetch qTP1C60: step1a_PBE_opt → /home/wangchao/Fullerene_Network/C60/qTP1C60/result
auto-fetch qTP2C36-D2d: step1a_PBE_opt → /home/wangchao/Fullerene_Network/C36/qTP2C36-D2d/result
auto-fetch qTP2C60: step1a_PBE_opt → /home/wangchao/Fullerene_Network/C60/qTP2C60/result
auto-fetch qTPC20-b: step1a_PBE_opt → /home/wangchao/Fullerene_Network/C20/qTPC20-b/result
auto-fetch qTPC20-r: step1a_PBE_opt → /home/wangchao/Fullerene_Network/C20/qTPC20-r/result
auto-fetch qTPC24: step1a_PBE_opt → /home/wangchao/Fullerene_Network/C24/qTPC24/result
[23:14:25] 无变化
[23:19:27] 无变化
[23:24:29] 无变化
auto-fetch qTPC24: step1a_PBE_opt → /home/wangchao/Fullerene_Network/C24/qTPC24/result
[23:29:31] 无变化
[23:34:33] 无变化
[23:39:38] 无变化
+-------------+------+------+-----+----------------------+-----------+------------+-------------+-----------------------------------+-------------+
| Material    | tt   | hpc  | dim | S1_relax             | S2_static | S3_WAVECAR | S3.1_plot   | S4_HSE                            | S4.1_plot   |
+=============+======+======+=====+======================+===========+============+=============+===================================+=============+
| Mg2C60      | band | jzzn | 3D  | done                 | done      | done       | completed   | running                           | not started |
|             |      |      |     | -                    | -         | -          | -           | cu[25-26] 3578417 9:25:52         | -           |
| qHPC20      | band | jzzn | 2D  | done                 | done      | done       | completed   | done                              | completed   |
|             |      |      |     | -                    | -         | -          | -           | -                                 | -           |
| qHPC24      | band | jzzn | 2D  | done                 | done      | done       | completed   | done                              | completed   |
|             |      |      |     | -                    | -         | -          | -           | -                                 | -           |
| qHPC36-D6h  | band | jzzn | 2D  | done                 | done      | done       | completed   | done                              | completed   |
|             |      |      |     | -                    | -         | -          | -           | -                                 | -           |
| qHPC60      | band | jzzn | 2D  | done                 | done      | done       | completed   | pd                                | not started |
|             |      |      |     | -                    | -         | -          | -           | 3579431 ((QOSMaxNodePerJobLimit)) | -           |
| qTP1C60     | band | jzzn | 2D  | done                 | done      | done       | completed   | done                              | completed   |
|             |      |      |     | -                    | -         | -          | -           | -                                 | -           |
| qTP2C36-D2d | band | jzzn | 2D  | done                 | done      | done       | completed   | done                              | completed   |
|             |      |      |     | -                    | -         | -          | -           | -                                 | -           |
| qTP2C60     | band | jzzn | 2D  | done                 | done      | done       | completed   | done                              | completed   |
|             |      |      |     | -                    | -         | -          | -           | -                                 | -           |
| qTPC20-b    | band | jzzn | 2D  | done                 | done      | done       | completed   | done                              | completed   |
|             |      |      |     | -                    | -         | -          | -           | -                                 | -           |
| qTPC20-r    | band | jzzn | 2D  | done                 | done      | done       | completed   | done                              | completed   |
|             |      |      |     | -                    | -         | -          | -           | -                                 | -           |
| qTPC24      | band | jzzn | 2D  | done                 | done      | done       | completed   | done                              | completed   |
|             |      |      |     | -                    | -         | -          | -           | -                                 | -           |
| qTPC24-Mg1  | band | jzzn | 2D  | running              | waiting   | waiting    | not started | waiting                           | not started |
|             |      |      |     | cu03 3579217 1:36:01 | -         | -          | -           | -                                 | -           |
+-------------+------+------+-----+----------------------+-----------+------------+-------------+-----------------------------------+-------------+
Total: 12 | Done: 9 | Waiting: 3 | Actionable: 0
[23:49:42] 无变化
[23:54:44] 无变化
[23:59:45] 无变化
[00:04:47] 无变化
[00:09:49] 无变化
auto qTPC24-Mg1[band|S1b_cell]: gen 完成。[DONE] step1b_PBE_opt 已生成（阶段 b），可提交
auto qTPC24-Mg1[band|S1b_cell]: 已提交 qTPC24-Mg1-band-S1b_cell (jobid=3579509)
+-------------+------+------+-----+----------+-----------+------------+-------------+-----------------------------------+-------------+
| Material    | tt   | hpc  | dim | S1_relax | S2_static | S3_WAVECAR | S3.1_plot   | S4_HSE                            | S4.1_plot   |
+=============+======+======+=====+==========+===========+============+=============+===================================+=============+
| Mg2C60      | band | jzzn | 3D  | done     | done      | done       | completed   | running                           | not started |
|             |      |      |     | -        | -         | -          | -           | cu[25-26] 3578417 9:56:06         | -           |
| qHPC20      | band | jzzn | 2D  | done     | done      | done       | completed   | done                              | completed   |
|             |      |      |     | -        | -         | -          | -           | -                                 | -           |
| qHPC24      | band | jzzn | 2D  | done     | done      | done       | completed   | done                              | completed   |
|             |      |      |     | -        | -         | -          | -           | -                                 | -           |
| qHPC36-D6h  | band | jzzn | 2D  | done     | done      | done       | completed   | done                              | completed   |
|             |      |      |     | -        | -         | -          | -           | -                                 | -           |
| qHPC60      | band | jzzn | 2D  | done     | done      | done       | completed   | pd                                | not started |
|             |      |      |     | -        | -         | -          | -           | 3579431 ((QOSMaxNodePerJobLimit)) | -           |
| qTP1C60     | band | jzzn | 2D  | done     | done      | done       | completed   | done                              | completed   |
|             |      |      |     | -        | -         | -          | -           | -                                 | -           |
| qTP2C36-D2d | band | jzzn | 2D  | done     | done      | done       | completed   | done                              | completed   |
|             |      |      |     | -        | -         | -          | -           | -                                 | -           |
| qTP2C60     | band | jzzn | 2D  | done     | done      | done       | completed   | done                              | completed   |
|             |      |      |     | -        | -         | -          | -           | -                                 | -           |
| qTPC20-b    | band | jzzn | 2D  | done     | done      | done       | completed   | done                              | completed   |
|             |      |      |     | -        | -         | -          | -           | -                                 | -           |
| qTPC20-r    | band | jzzn | 2D  | done     | done      | done       | completed   | done                              | completed   |
|             |      |      |     | -        | -         | -          | -           | -                                 | -           |
| qTPC24      | band | jzzn | 2D  | done     | done      | done       | completed   | done                              | completed   |
|             |      |      |     | -        | -         | -          | -           | -                                 | -           |
| qTPC24-Mg1  | band | jzzn | 2D  | waiting  | waiting   | waiting    | not started | waiting                           | not started |
|             |      |      |     | S1b_cell | -         | -          | -           | -                                 | -           |
+-------------+------+------+-----+----------+-----------+------------+-------------+-----------------------------------+-------------+
Total: 12 | Done: 9 | Waiting: 2 | Actionable: 1
+-------------+------+------+-----+----------------------+-----------+------------+-------------+-----------------------------------+-------------+
| Material    | tt   | hpc  | dim | S1_relax             | S2_static | S3_WAVECAR | S3.1_plot   | S4_HSE                            | S4.1_plot   |
+=============+======+======+=====+======================+===========+============+=============+===================================+=============+
| Mg2C60      | band | jzzn | 3D  | done                 | done      | done       | completed   | running                           | not started |
|             |      |      |     | -                    | -         | -          | -           | cu[25-26] 3578417 10:01:16        | -           |
| qHPC20      | band | jzzn | 2D  | done                 | done      | done       | completed   | done                              | completed   |
|             |      |      |     | -                    | -         | -          | -           | -                                 | -           |
| qHPC24      | band | jzzn | 2D  | done                 | done      | done       | completed   | done                              | completed   |
|             |      |      |     | -                    | -         | -          | -           | -                                 | -           |
| qHPC36-D6h  | band | jzzn | 2D  | done                 | done      | done       | completed   | done                              | completed   |
|             |      |      |     | -                    | -         | -          | -           | -                                 | -           |
| qHPC60      | band | jzzn | 2D  | done                 | done      | done       | completed   | pd                                | not started |
|             |      |      |     | -                    | -         | -          | -           | 3579431 ((QOSMaxNodePerJobLimit)) | -           |
| qTP1C60     | band | jzzn | 2D  | done                 | done      | done       | completed   | done                              | completed   |
|             |      |      |     | -                    | -         | -          | -           | -                                 | -           |
| qTP2C36-D2d | band | jzzn | 2D  | done                 | done      | done       | completed   | done                              | completed   |
|             |      |      |     | -                    | -         | -          | -           | -                                 | -           |
| qTP2C60     | band | jzzn | 2D  | done                 | done      | done       | completed   | done                              | completed   |
|             |      |      |     | -                    | -         | -          | -           | -                                 | -           |
| qTPC20-b    | band | jzzn | 2D  | done                 | done      | done       | completed   | done                              | completed   |
|             |      |      |     | -                    | -         | -          | -           | -                                 | -           |
| qTPC20-r    | band | jzzn | 2D  | done                 | done      | done       | completed   | done                              | completed   |
|             |      |      |     | -                    | -         | -          | -           | -                                 | -           |
| qTPC24      | band | jzzn | 2D  | done                 | done      | done       | completed   | done                              | completed   |
|             |      |      |     | -                    | -         | -          | -           | -                                 | -           |
| qTPC24-Mg1  | band | jzzn | 2D  | pd                   | waiting   | waiting    | not started | waiting                           | not started |
|             |      |      |     | 3579509 ((Priority)) | -         | -          | -           | -                                 | -           |
+-------------+------+------+-----+----------------------+-----------+------------+-------------+-----------------------------------+-------------+
Total: 12 | Done: 9 | Waiting: 3 | Actionable: 0
[00:25:06] 无变化
+-------------+------+------+-----+-------------------+-----------+------------+-------------+-----------------------------------+-------------+
| Material    | tt   | hpc  | dim | S1_relax          | S2_static | S3_WAVECAR | S3.1_plot   | S4_HSE                            | S4.1_plot   |
+=============+======+======+=====+===================+===========+============+=============+===================================+=============+
| Mg2C60      | band | jzzn | 3D  | done              | done      | done       | completed   | running                           | not started |
|             |      |      |     | -                 | -         | -          | -           | cu[25-26] 3578417 10:11:21        | -           |
| qHPC20      | band | jzzn | 2D  | done              | done      | done       | completed   | done                              | completed   |
|             |      |      |     | -                 | -         | -          | -           | -                                 | -           |
| qHPC24      | band | jzzn | 2D  | done              | done      | done       | completed   | done                              | completed   |
|             |      |      |     | -                 | -         | -          | -           | -                                 | -           |
| qHPC36-D6h  | band | jzzn | 2D  | done              | done      | done       | completed   | done                              | completed   |
|             |      |      |     | -                 | -         | -          | -           | -                                 | -           |
| qHPC60      | band | jzzn | 2D  | done              | done      | done       | completed   | pd                                | not started |
|             |      |      |     | -                 | -         | -          | -           | 3579431 ((QOSMaxNodePerJobLimit)) | -           |
| qTP1C60     | band | jzzn | 2D  | done              | done      | done       | completed   | done                              | completed   |
|             |      |      |     | -                 | -         | -          | -           | -                                 | -           |
| qTP2C36-D2d | band | jzzn | 2D  | done              | done      | done       | completed   | done                              | completed   |
|             |      |      |     | -                 | -         | -          | -           | -                                 | -           |
| qTP2C60     | band | jzzn | 2D  | done              | done      | done       | completed   | done                              | completed   |
|             |      |      |     | -                 | -         | -          | -           | -                                 | -           |
| qTPC20-b    | band | jzzn | 2D  | done              | done      | done       | completed   | done                              | completed   |
|             |      |      |     | -                 | -         | -          | -           | -                                 | -           |
| qTPC20-r    | band | jzzn | 2D  | done              | done      | done       | completed   | done                              | completed   |
|             |      |      |     | -                 | -         | -          | -           | -                                 | -           |
| qTPC24      | band | jzzn | 2D  | done              | done      | done       | completed   | done                              | completed   |
|             |      |      |     | -                 | -         | -          | -           | -                                 | -           |
| qTPC24-Mg1  | band | jzzn | 2D  | running           | waiting   | waiting    | not started | waiting                           | not started |
|             |      |      |     | cu47 3579509 0:03 | -         | -          | -           | -                                 | -           |
+-------------+------+------+-----+-------------------+-----------+------------+-------------+-----------------------------------+-------------+
Total: 12 | Done: 9 | Waiting: 3 | Actionable: 0
[00:35:14] 无变化
[00:40:17] 无变化
[00:45:19] 无变化
[00:50:26] 无变化
[00:55:33] 无变化
[01:00:40] 无变化
[01:05:45] 无变化
[01:10:51] 无变化
[01:15:58] 无变化
[01:21:03] 无变化
[01:26:10] 无变化
[01:31:16] 无变化
[01:36:24] 无变化
[01:41:33] 无变化
[01:46:41] 无变化
[01:51:52] 无变化
[01:57:01] 无变化
[02:02:10] 无变化
[02:07:19] 无变化
[02:12:28] 无变化
[02:17:37] 无变化
[02:22:42] 无变化
[02:27:50] 无变化
[02:32:58] 无变化
[02:38:05] 无变化
[02:43:14] 无变化
[02:48:23] 无变化
[02:53:34] 无变化
[02:58:44] 无变化
[03:03:48] 无变化
[03:08:55] 无变化
[03:14:04] 无变化
[03:19:11] 无变化
[03:24:18] 无变化
[03:29:26] 无变化
[03:34:40] 无变化
[03:39:53] 无变化
auto-fetch Mg2C60: step4_HSE_band → /home/wangchao/Fullerene_Network/Mg2C60/result
auto Mg2C60[band|S4.1_plot]: 已生成 /public/home/wangchao/Fullerene_Network/work/Mg2C60/step4_band_plot（band_summary.json）
+-------------+------+------+-----+----------------------+-----------+------------+-------------+-----------------------------------+-------------+
| Material    | tt   | hpc  | dim | S1_relax             | S2_static | S3_WAVECAR | S3.1_plot   | S4_HSE                            | S4.1_plot   |
+=============+======+======+=====+======================+===========+============+=============+===================================+=============+
| Mg2C60      | band | jzzn | 3D  | done                 | done      | done       | completed   | done                              | not started |
|             |      |      |     | -                    | -         | -          | -           | -                                 | -           |
| qHPC20      | band | jzzn | 2D  | done                 | done      | done       | completed   | done                              | completed   |
|             |      |      |     | -                    | -         | -          | -           | -                                 | -           |
| qHPC24      | band | jzzn | 2D  | done                 | done      | done       | completed   | done                              | completed   |
|             |      |      |     | -                    | -         | -          | -           | -                                 | -           |
| qHPC36-D6h  | band | jzzn | 2D  | done                 | done      | done       | completed   | done                              | completed   |
|             |      |      |     | -                    | -         | -          | -           | -                                 | -           |
| qHPC60      | band | jzzn | 2D  | done                 | done      | done       | completed   | pd                                | not started |
|             |      |      |     | -                    | -         | -          | -           | 3579431 ((QOSMaxNodePerJobLimit)) | -           |
| qTP1C60     | band | jzzn | 2D  | done                 | done      | done       | completed   | done                              | completed   |
|             |      |      |     | -                    | -         | -          | -           | -                                 | -           |
| qTP2C36-D2d | band | jzzn | 2D  | done                 | done      | done       | completed   | done                              | completed   |
|             |      |      |     | -                    | -         | -          | -           | -                                 | -           |
| qTP2C60     | band | jzzn | 2D  | done                 | done      | done       | completed   | done                              | completed   |
|             |      |      |     | -                    | -         | -          | -           | -                                 | -           |
| qTPC20-b    | band | jzzn | 2D  | done                 | done      | done       | completed   | done                              | completed   |
|             |      |      |     | -                    | -         | -          | -           | -                                 | -           |
| qTPC20-r    | band | jzzn | 2D  | done                 | done      | done       | completed   | done                              | completed   |
|             |      |      |     | -                    | -         | -          | -           | -                                 | -           |
| qTPC24      | band | jzzn | 2D  | done                 | done      | done       | completed   | done                              | completed   |
|             |      |      |     | -                    | -         | -          | -           | -                                 | -           |
| qTPC24-Mg1  | band | jzzn | 2D  | running              | waiting   | waiting    | not started | waiting                           | not started |
|             |      |      |     | cu47 3579509 3:15:03 | -         | -          | -           | -                                 | -           |
+-------------+------+------+-----+----------------------+-----------+------------+-------------+-----------------------------------+-------------+
Total: 12 | Done: 9 | Waiting: 2 | Actionable: 1
auto-fetch Mg2C60: step4_band_plot → /home/wangchao/Fullerene_Network/Mg2C60/result
+-------------+------+------+-----+----------------------+-----------+------------+-------------+-----------------------------------+-------------+
| Material    | tt   | hpc  | dim | S1_relax             | S2_static | S3_WAVECAR | S3.1_plot   | S4_HSE                            | S4.1_plot   |
+=============+======+======+=====+======================+===========+============+=============+===================================+=============+
| Mg2C60      | band | jzzn | 3D  | done                 | done      | done       | completed   | done                              | completed   |
|             |      |      |     | -                    | -         | -          | -           | -                                 | -           |
| qHPC20      | band | jzzn | 2D  | done                 | done      | done       | completed   | done                              | completed   |
|             |      |      |     | -                    | -         | -          | -           | -                                 | -           |
| qHPC24      | band | jzzn | 2D  | done                 | done      | done       | completed   | done                              | completed   |
|             |      |      |     | -                    | -         | -          | -           | -                                 | -           |
| qHPC36-D6h  | band | jzzn | 2D  | done                 | done      | done       | completed   | done                              | completed   |
|             |      |      |     | -                    | -         | -          | -           | -                                 | -           |
| qHPC60      | band | jzzn | 2D  | done                 | done      | done       | completed   | pd                                | not started |
|             |      |      |     | -                    | -         | -          | -           | 3579431 ((QOSMaxNodePerJobLimit)) | -           |
| qTP1C60     | band | jzzn | 2D  | done                 | done      | done       | completed   | done                              | completed   |
|             |      |      |     | -                    | -         | -          | -           | -                                 | -           |
| qTP2C36-D2d | band | jzzn | 2D  | done                 | done      | done       | completed   | done                              | completed   |
|             |      |      |     | -                    | -         | -          | -           | -                                 | -           |
| qTP2C60     | band | jzzn | 2D  | done                 | done      | done       | completed   | done                              | completed   |
|             |      |      |     | -                    | -         | -          | -           | -                                 | -           |
| qTPC20-b    | band | jzzn | 2D  | done                 | done      | done       | completed   | done                              | completed   |
|             |      |      |     | -                    | -         | -          | -           | -                                 | -           |
| qTPC20-r    | band | jzzn | 2D  | done                 | done      | done       | completed   | done                              | completed   |
|             |      |      |     | -                    | -         | -          | -           | -                                 | -           |
| qTPC24      | band | jzzn | 2D  | done                 | done      | done       | completed   | done                              | completed   |
|             |      |      |     | -                    | -         | -          | -           | -                                 | -           |
| qTPC24-Mg1  | band | jzzn | 2D  | running              | waiting   | waiting    | not started | waiting                           | not started |
|             |      |      |     | cu47 3579509 3:20:23 | -         | -          | -           | -                                 | -           |
+-------------+------+------+-----+----------------------+-----------+------------+-------------+-----------------------------------+-------------+
Total: 12 | Done: 10 | Waiting: 2 | Actionable: 0
[03:55:40] 无变化
[04:00:49] 无变化
[04:05:58] 无变化
[04:11:09] 无变化
[04:16:17] 无变化
[04:21:26] 无变化
[04:26:34] 无变化
[04:31:43] 无变化
[04:36:52] 无变化
[04:42:02] 无变化
[04:47:13] 无变化
[04:52:24] 无变化
[04:57:35] 无变化
[05:02:45] 无变化
[05:07:54] 无变化
[05:13:05] 无变化
[05:18:18] 无变化
[05:23:30] 无变化
[05:28:43] 无变化
[05:33:56] 无变化
[05:39:08] 无变化
[05:44:17] 无变化
[05:49:28] 无变化
[05:54:38] 无变化
[05:59:50] 无变化
[06:05:02] 无变化
[06:10:13] 无变化
[06:15:27] 无变化
[06:20:40] 无变化
[06:25:54] 无变化
[06:31:06] 无变化
[06:36:16] 无变化
[06:41:27] 无变化
[06:46:37] 无变化
[06:51:48] 无变化
[06:57:03] 无变化
[07:02:18] 无变化
[07:07:34] 无变化
[07:12:49] 无变化
[07:18:04] 无变化
[07:23:17] 无变化
[07:28:28] 无变化
[07:33:40] 无变化
错误：远端采集失败。
mux_client_request_session: read from master failed: Broken pipe
ssh: connect to host 114.214.255.60 port 22: No route to host
监控模式：每 300 秒刷新（auto-fetch + auto-advance 开），Ctrl+C 退出。
auto qHPC20[band|S3.1_plot]: 已生成 /public/home/wangchao/Fullerene_Network/work/qHPC20/step3_band_plot（band_summary.json）
auto qHPC60[band|S1b_cell]: gen 失败。[OK] POSCAR 已经是原胞（空间群 P2/c (#13)，120 原子）
[..] 维度：2D — 自动判定：沿 c 轴真空 21.8 Å（各向真空 a=0.4, b=1.0, c=21.8 Å）
[..] 模板：incar_2d.tpl + submit_std_2d.tpl
[ERROR] /public/home/wangchao/Fullerene_Network/work/qHPC60/step1a_PBE_opt/CONTCAR 不完整：空文件（上一步还没写出结构）。
        上一段弛豫很可能还在跑（CONTCAR 写了一半）——
        等 tf 里上一段变 done 再生成；确认已正常结束就检查该文件内容。
auto qTP1C60[band|S3_WAVECAR]: gen 完成。[..] 展宽：ISMEAR=0 SIGMA=0.05 —— 自动判定：带隙 0.7427 eV -> 半导体/绝缘体
auto qTP1C60[band|S3_WAVECAR]: 已提交 qTP1C60-band-S3_WAVECAR (jobid=3580504)
auto qTP2C36-D2d[band|S3_WAVECAR]: gen 完成。[..] 展宽：ISMEAR=0 SIGMA=0.05 —— 自动判定：带隙 0.9556 eV -> 半导体/绝缘体
auto qTP2C36-D2d[band|S3_WAVECAR]: 已提交 qTP2C36-D2d-band-S3_WAVECAR (jobid=3580505)
auto qTP2C60[band|S3_WAVECAR]: gen 完成。[..] 展宽：ISMEAR=0 SIGMA=0.05 —— 自动判定：带隙 0.9363 eV -> 半导体/绝缘体
auto qTP2C60[band|S3_WAVECAR]: 已提交 qTP2C60-band-S3_WAVECAR (jobid=3580507)
auto qTPC20-b[band|S3_WAVECAR]: gen 完成。[..] 展宽：ISMEAR=0 SIGMA=0.05 —— 自动判定：带隙 0.8018 eV -> 半导体/绝缘体
auto qTPC20-b[band|S3_WAVECAR]: 已提交 qTPC20-b-band-S3_WAVECAR (jobid=3580508)
auto qTPC20-r[band|S3_WAVECAR]: gen 完成。[..] 展宽：ISMEAR=0 SIGMA=0.05 —— 自动判定：带隙 0.0843 eV -> 半导体/绝缘体
auto qTPC20-r[band|S3_WAVECAR]: 已提交 qTPC20-r-band-S3_WAVECAR (jobid=3580509)
auto qTPC24[band|S2_static]: gen 完成。[DONE] step2_PBE_static is ready (vasp_std)
auto qTPC24[band|S2_static]: 已提交 qTPC24-band-S2_static (jobid=3580510)
+-------------+------+------+-----+-----------------------+-----------+------------+-------------+---------+-------------+
| Material    | tt   | hpc  | dim | S1_relax              | S2_static | S3_WAVECAR | S3.1_plot   | S4_HSE  | S4.1_plot   |
+=============+======+======+=====+=======================+===========+============+=============+=========+=============+
| Mg2C60      | band | jzzn | 3D  | done                  | done      | done       | completed   | done    | completed   |
|             |      |      |     | -                     | -         | -          | -           | -       | -           |
| qHPC20      | band | jzzn | 2D  | done                  | done      | done       | not started | waiting | not started |
|             |      |      |     | -                     | -         | -          | -           | -       | -           |
| qHPC24      | band | jzzn | 2D  | done                  | done      | error      | not started | waiting | not started |
|             |      |      |     | -                     | -         | -          | -           | -       | -           |
| qHPC36-D6h  | band | jzzn | 2D  | done                  | done      | error      | not started | waiting | not started |
|             |      |      |     | -                     | -         | -          | -           | -       | -           |
| qHPC60      | band | jzzn | 2D  | waiting               | waiting   | waiting    | not started | waiting | not started |
|             |      |      |     | S1b_cell              | -         | -          | -           | -       | -           |
| qTP1C60     | band | jzzn | 2D  | done                  | done      | waiting    | not started | waiting | not started |
|             |      |      |     | -                     | -         | -          | -           | -       | -           |
| qTP2C36-D2d | band | jzzn | 2D  | done                  | done      | waiting    | not started | waiting | not started |
|             |      |      |     | -                     | -         | -          | -           | -       | -           |
| qTP2C60     | band | jzzn | 2D  | done                  | done      | waiting    | not started | waiting | not started |
|             |      |      |     | -                     | -         | -          | -           | -       | -           |
| qTPC20-b    | band | jzzn | 2D  | done                  | done      | waiting    | not started | waiting | not started |
|             |      |      |     | -                     | -         | -          | -           | -       | -           |
| qTPC20-r    | band | jzzn | 2D  | done                  | done      | waiting    | not started | waiting | not started |
|             |      |      |     | -                     | -         | -          | -           | -       | -           |
| qTPC24      | band | jzzn | 2D  | done                  | waiting   | waiting    | not started | waiting | not started |
|             |      |      |     | -                     | -         | -          | -           | -       | -           |
| qTPC24-Mg1  | band | jzzn | 2D  | running               | waiting   | waiting    | not started | waiting | not started |
|             |      |      |     | cu47 3579509 11:23:46 | -         | -          | -           | -       | -           |
+-------------+------+------+-----+-----------------------+-----------+------------+-------------+---------+-------------+
Total: 12 | Done: 1 | Waiting: 1 | Actionable: 10

FAILED / NEEDS ATTENTION:
  [band] qHPC24                 S3_WAVECAR WAVECAR too small (0B)
  [band] qHPC36-D6h             S3_WAVECAR WAVECAR too small (0B)
auto qHPC20[band|S4_HSE]: gen 完成。[..] 上游是 PBEsol，本步用 HSEsol（GGA=PS）保持泛函族一致。想与 HSE06 文献对比请把 HYBRID_FLAVOR 改成 'hse06'。
auto qHPC20[band|S4_HSE]: 已提交 qHPC20-band-S4_HSE (jobid=3580528)
auto qHPC60[band|S1b_cell]: gen 失败。[OK] POSCAR 已经是原胞（空间群 P2/c (#13)，120 原子）
[..] 维度：2D — 自动判定：沿 c 轴真空 21.8 Å（各向真空 a=0.4, b=1.0, c=21.8 Å）
[..] 模板：incar_2d.tpl + submit_std_2d.tpl
[ERROR] /public/home/wangchao/Fullerene_Network/work/qHPC60/step1a_PBE_opt/CONTCAR 不完整：空文件（上一步还没写出结构）。
        上一段弛豫很可能还在跑（CONTCAR 写了一半）——
        等 tf 里上一段变 done 再生成；确认已正常结束就检查该文件内容。
auto qTPC24[band|S3_WAVECAR]: gen 完成。[..] 展宽：ISMEAR=0 SIGMA=0.05 —— 自动判定：带隙 2.1586 eV -> 半导体/绝缘体
auto qTPC24[band|S3_WAVECAR]: 已提交 qTPC24-band-S3_WAVECAR (jobid=3580529)
+-------------+------+------+-----+-----------------------+-----------+-------------------+-------------+---------+-------------+
| Material    | tt   | hpc  | dim | S1_relax              | S2_static | S3_WAVECAR        | S3.1_plot   | S4_HSE  | S4.1_plot   |
+=============+======+======+=====+=======================+===========+===================+=============+=========+=============+
| Mg2C60      | band | jzzn | 3D  | done                  | done      | done              | completed   | done    | completed   |
|             |      |      |     | -                     | -         | -                 | -           | -       | -           |
| qHPC20      | band | jzzn | 2D  | done                  | done      | done              | completed   | waiting | not started |
|             |      |      |     | -                     | -         | -                 | -           | -       | -           |
| qHPC24      | band | jzzn | 2D  | done                  | done      | error             | not started | waiting | not started |
|             |      |      |     | -                     | -         | -                 | -           | -       | -           |
| qHPC36-D6h  | band | jzzn | 2D  | done                  | done      | error             | not started | waiting | not started |
|             |      |      |     | -                     | -         | -                 | -           | -       | -           |
| qHPC60      | band | jzzn | 2D  | waiting               | waiting   | waiting           | not started | waiting | not started |
|             |      |      |     | S1b_cell              | -         | -                 | -           | -       | -           |
| qTP1C60     | band | jzzn | 2D  | done                  | done      | running           | not started | waiting | not started |
|             |      |      |     | -                     | -         | cu20 3580504 5:22 | -           | -       | -           |
| qTP2C36-D2d | band | jzzn | 2D  | done                  | done      | running           | not started | waiting | not started |
|             |      |      |     | -                     | -         | cu46 3580505 4:52 | -           | -       | -           |
| qTP2C60     | band | jzzn | 2D  | done                  | done      | running           | not started | waiting | not started |
|             |      |      |     | -                     | -         | cu46 3580507 4:52 | -           | -       | -           |
| qTPC20-b    | band | jzzn | 2D  | done                  | done      | running           | not started | waiting | not started |
|             |      |      |     | -                     | -         | cu46 3580508 4:52 | -           | -       | -           |
| qTPC20-r    | band | jzzn | 2D  | done                  | done      | running           | not started | waiting | not started |
|             |      |      |     | -                     | -         | cu46 3580509 4:52 | -           | -       | -           |
| qTPC24      | band | jzzn | 2D  | done                  | done      | waiting           | not started | waiting | not started |
|             |      |      |     | -                     | -         | -                 | -           | -       | -           |
| qTPC24-Mg1  | band | jzzn | 2D  | running               | waiting   | waiting           | not started | waiting | not started |
|             |      |      |     | cu47 3579509 11:29:28 | -         | -                 | -           | -       | -           |
+-------------+------+------+-----+-----------------------+-----------+-------------------+-------------+---------+-------------+
Total: 12 | Done: 1 | Waiting: 6 | Actionable: 5

FAILED / NEEDS ATTENTION:
  [band] qHPC24                 S3_WAVECAR WAVECAR too small (0B)
  [band] qHPC36-D6h             S3_WAVECAR WAVECAR too small (0B)
auto qHPC60[band|S1b_cell]: gen 失败。[OK] POSCAR 已经是原胞（空间群 P2/c (#13)，120 原子）
[..] 维度：2D — 自动判定：沿 c 轴真空 21.8 Å（各向真空 a=0.4, b=1.0, c=21.8 Å）
[..] 模板：incar_2d.tpl + submit_std_2d.tpl
[ERROR] /public/home/wangchao/Fullerene_Network/work/qHPC60/step1a_PBE_opt/CONTCAR 不完整：空文件（上一步还没写出结构）。
        上一段弛豫很可能还在跑（CONTCAR 写了一半）——
        等 tf 里上一段变 done 再生成；确认已正常结束就检查该文件内容。
auto qTPC20-b[band|S3.1_plot]: 已生成 /public/home/wangchao/Fullerene_Network/work/qTPC20-b/step3_band_plot（band_summary.json）
auto qTPC20-r[band|S3.1_plot]: 已生成 /public/home/wangchao/Fullerene_Network/work/qTPC20-r/step3_band_plot（band_summary.json）
+-------------+------+------+-----+-----------------------+-----------+--------------------+-------------+-------------------+-------------+
| Material    | tt   | hpc  | dim | S1_relax              | S2_static | S3_WAVECAR         | S3.1_plot   | S4_HSE            | S4.1_plot   |
+=============+======+======+=====+=======================+===========+====================+=============+===================+=============+
| Mg2C60      | band | jzzn | 3D  | done                  | done      | done               | completed   | done              | completed   |
|             |      |      |     | -                     | -         | -                  | -           | -                 | -           |
| qHPC20      | band | jzzn | 2D  | done                  | done      | done               | completed   | running           | not started |
|             |      |      |     | -                     | -         | -                  | -           | cu12 3580528 5:04 | -           |
| qHPC24      | band | jzzn | 2D  | done                  | done      | error              | not started | waiting           | not started |
|             |      |      |     | -                     | -         | -                  | -           | -                 | -           |
| qHPC36-D6h  | band | jzzn | 2D  | done                  | done      | error              | not started | waiting           | not started |
|             |      |      |     | -                     | -         | -                  | -           | -                 | -           |
| qHPC60      | band | jzzn | 2D  | waiting               | waiting   | waiting            | not started | waiting           | not started |
|             |      |      |     | S1b_cell              | -         | -                  | -           | -                 | -           |
| qTP1C60     | band | jzzn | 2D  | done                  | done      | running            | not started | waiting           | not started |
|             |      |      |     | -                     | -         | cu20 3580504 10:36 | -           | -                 | -           |
| qTP2C36-D2d | band | jzzn | 2D  | done                  | done      | running            | not started | waiting           | not started |
|             |      |      |     | -                     | -         | cu46 3580505 10:06 | -           | -                 | -           |
| qTP2C60     | band | jzzn | 2D  | done                  | done      | running            | not started | waiting           | not started |
|             |      |      |     | -                     | -         | cu46 3580507 10:06 | -           | -                 | -           |
| qTPC20-b    | band | jzzn | 2D  | done                  | done      | done               | not started | waiting           | not started |
|             |      |      |     | -                     | -         | -                  | -           | -                 | -           |
| qTPC20-r    | band | jzzn | 2D  | done                  | done      | done               | not started | waiting           | not started |
|             |      |      |     | -                     | -         | -                  | -           | -                 | -           |
| qTPC24      | band | jzzn | 2D  | done                  | done      | running            | not started | waiting           | not started |
|             |      |      |     | -                     | -         | cu46 3580529 4:33  | -           | -                 | -           |
| qTPC24-Mg1  | band | jzzn | 2D  | running               | waiting   | waiting            | not started | waiting           | not started |
|             |      |      |     | cu47 3579509 11:34:42 | -         | -                  | -           | -                 | -           |
+-------------+------+------+-----+-----------------------+-----------+--------------------+-------------+-------------------+-------------+
Total: 12 | Done: 1 | Waiting: 6 | Actionable: 5

FAILED / NEEDS ATTENTION:
  [band] qHPC24                 S3_WAVECAR WAVECAR too small (0B)
  [band] qHPC36-D6h             S3_WAVECAR WAVECAR too small (0B)
auto qHPC60[band|S1b_cell]: gen 失败。[OK] POSCAR 已经是原胞（空间群 P2/c (#13)，120 原子）
[..] 维度：2D — 自动判定：沿 c 轴真空 21.8 Å（各向真空 a=0.4, b=1.0, c=21.8 Å）
[..] 模板：incar_2d.tpl + submit_std_2d.tpl
[ERROR] /public/home/wangchao/Fullerene_Network/work/qHPC60/step1a_PBE_opt/CONTCAR 不完整：空文件（上一步还没写出结构）。
        上一段弛豫很可能还在跑（CONTCAR 写了一半）——
        等 tf 里上一段变 done 再生成；确认已正常结束就检查该文件内容。
auto qTPC20-r[band|S4_HSE]: gen 完成。[..] 上游是 PBEsol，本步用 HSEsol（GGA=PS）保持泛函族一致。想与 HSE06 文献对比请把 HYBRID_FLAVOR 改成 'hse06'。
auto qTPC20-r[band|S4_HSE]: 已提交 qTPC20-r-band-S4_HSE (jobid=3580549)
+-------------+------+------+-----+-----------------------+-----------+------------+-------------+-------------------+-------------+
| Material    | tt   | hpc  | dim | S1_relax              | S2_static | S3_WAVECAR | S3.1_plot   | S4_HSE            | S4.1_plot   |
+=============+======+======+=====+=======================+===========+============+=============+===================+=============+
| Mg2C60      | band | jzzn | 3D  | done                  | done      | done       | completed   | done              | completed   |
|             |      |      |     | -                     | -         | -          | -           | -                 | -           |
| qHPC20      | band | jzzn | 2D  | done                  | done      | done       | completed   | error             | not started |
|             |      |      |     | -                     | -         | -          | -           | -                 | -           |
| qHPC24      | band | jzzn | 2D  | done                  | done      | error      | not started | waiting           | not started |
|             |      |      |     | -                     | -         | -          | -           | -                 | -           |
| qHPC36-D6h  | band | jzzn | 2D  | done                  | done      | error      | not started | waiting           | not started |
|             |      |      |     | -                     | -         | -          | -           | -                 | -           |
| qHPC60      | band | jzzn | 2D  | waiting               | waiting   | waiting    | not started | waiting           | not started |
|             |      |      |     | S1b_cell              | -         | -          | -           | -                 | -           |
| qTP1C60     | band | jzzn | 2D  | done                  | done      | error      | not started | waiting           | not started |
|             |      |      |     | -                     | -         | -          | -           | -                 | -           |
| qTP2C36-D2d | band | jzzn | 2D  | done                  | done      | error      | not started | waiting           | not started |
|             |      |      |     | -                     | -         | -          | -           | -                 | -           |
| qTP2C60     | band | jzzn | 2D  | done                  | done      | error      | not started | waiting           | not started |
|             |      |      |     | -                     | -         | -          | -           | -                 | -           |
| qTPC20-b    | band | jzzn | 2D  | done                  | done      | done       | completed   | error             | not started |
|             |      |      |     | -                     | -         | -          | -           | -                 | -           |
| qTPC20-r    | band | jzzn | 2D  | done                  | done      | done       | completed   | waiting           | not started |
|             |      |      |     | -                     | -         | -          | -           | -                 | -           |
| qTPC24      | band | jzzn | 2D  | done                  | done      | done       | completed   | running           | not started |
|             |      |      |     | -                     | -         | -          | -           | cu12 3580539 2:20 | -           |
| qTPC24-Mg1  | band | jzzn | 2D  | running               | waiting   | waiting    | not started | waiting           | not started |
|             |      |      |     | cu47 3579509 11:40:01 | -         | -          | -           | -                 | -           |
+-------------+------+------+-----+-----------------------+-----------+------------+-------------+-------------------+-------------+
Total: 12 | Done: 1 | Waiting: 2 | Actionable: 9

FAILED / NEEDS ATTENTION:
  [band] qHPC20                 S4_HSE     OUTCAR incomplete
  [band] qHPC24                 S3_WAVECAR WAVECAR too small (0B)
  [band] qHPC36-D6h             S3_WAVECAR WAVECAR too small (0B)
  [band] qTP1C60                S3_WAVECAR WAVECAR too small (0B)
  [band] qTP2C36-D2d            S3_WAVECAR WAVECAR too small (0B)
  [band] qTP2C60                S3_WAVECAR WAVECAR too small (0B)
  [band] qTPC20-b               S4_HSE     OUTCAR incomplete
auto qHPC60[band|S1b_cell]: gen 失败。[OK] POSCAR 已经是原胞（空间群 P2/c (#13)，120 原子）
[..] 维度：2D — 自动判定：沿 c 轴真空 21.8 Å（各向真空 a=0.4, b=1.0, c=21.8 Å）
[..] 模板：incar_2d.tpl + submit_std_2d.tpl
[ERROR] /public/home/wangchao/Fullerene_Network/work/qHPC60/step1a_PBE_opt/CONTCAR 不完整：空文件（上一步还没写出结构）。
        上一段弛豫很可能还在跑（CONTCAR 写了一半）——
        等 tf 里上一段变 done 再生成；确认已正常结束就检查该文件内容。
+-------------+------+------+-----+-----------------------+-----------+------------+-------------+-------------------+-------------+
| Material    | tt   | hpc  | dim | S1_relax              | S2_static | S3_WAVECAR | S3.1_plot   | S4_HSE            | S4.1_plot   |
+=============+======+======+=====+=======================+===========+============+=============+===================+=============+
| Mg2C60      | band | jzzn | 3D  | done                  | done      | done       | completed   | done              | completed   |
|             |      |      |     | -                     | -         | -          | -           | -                 | -           |
| qHPC20      | band | jzzn | 2D  | done                  | done      | done       | completed   | error             | not started |
|             |      |      |     | -                     | -         | -          | -           | -                 | -           |
| qHPC24      | band | jzzn | 2D  | done                  | done      | error      | not started | waiting           | not started |
|             |      |      |     | -                     | -         | -          | -           | -                 | -           |
| qHPC36-D6h  | band | jzzn | 2D  | done                  | done      | error      | not started | waiting           | not started |
|             |      |      |     | -                     | -         | -          | -           | -                 | -           |
| qHPC60      | band | jzzn | 2D  | waiting               | waiting   | waiting    | not started | waiting           | not started |
|             |      |      |     | S1b_cell              | -         | -          | -           | -                 | -           |
| qTP1C60     | band | jzzn | 2D  | done                  | done      | error      | not started | waiting           | not started |
|             |      |      |     | -                     | -         | -          | -           | -                 | -           |
| qTP2C36-D2d | band | jzzn | 2D  | done                  | done      | error      | not started | waiting           | not started |
|             |      |      |     | -                     | -         | -          | -           | -                 | -           |
| qTP2C60     | band | jzzn | 2D  | done                  | done      | error      | not started | waiting           | not started |
|             |      |      |     | -                     | -         | -          | -           | -                 | -           |
| qTPC20-b    | band | jzzn | 2D  | done                  | done      | done       | completed   | error             | not started |
|             |      |      |     | -                     | -         | -          | -           | -                 | -           |
| qTPC20-r    | band | jzzn | 2D  | done                  | done      | done       | completed   | running           | not started |
|             |      |      |     | -                     | -         | -          | -           | cu46 3580549 4:57 | -           |
| qTPC24      | band | jzzn | 2D  | done                  | done      | done       | completed   | running           | not started |
|             |      |      |     | -                     | -         | -          | -           | cu12 3580539 7:28 | -           |
| qTPC24-Mg1  | band | jzzn | 2D  | running               | waiting   | waiting    | not started | waiting           | not started |
|             |      |      |     | cu47 3579509 11:45:09 | -         | -          | -           | -                 | -           |
+-------------+------+------+-----+-----------------------+-----------+------------+-------------+-------------------+-------------+
Total: 12 | Done: 1 | Waiting: 3 | Actionable: 8

FAILED / NEEDS ATTENTION:
  [band] qHPC20                 S4_HSE     OUTCAR incomplete
  [band] qHPC24                 S3_WAVECAR WAVECAR too small (0B)
  [band] qHPC36-D6h             S3_WAVECAR WAVECAR too small (0B)
  [band] qTP1C60                S3_WAVECAR WAVECAR too small (0B)
  [band] qTP2C36-D2d            S3_WAVECAR WAVECAR too small (0B)
  [band] qTP2C60                S3_WAVECAR WAVECAR too small (0B)
  [band] qTPC20-b               S4_HSE     OUTCAR incomplete
auto Mg2C60[band|S1a_ion]: gen 完成。[DONE] step1a_PBE_opt 已生成（阶段 a），可提交
auto Mg2C60[band|S1a_ion]: 已提交 Mg2C60-band-S1a_ion (jobid=3580563)
auto qHPC60[band|S1b_cell]: gen 失败。[OK] POSCAR 已经是原胞（空间群 P2/c (#13)，120 原子）
[..] 维度：2D — 自动判定：沿 c 轴真空 21.8 Å（各向真空 a=0.4, b=1.0, c=21.8 Å）
[..] 模板：incar_2d.tpl + submit_std_2d.tpl
[ERROR] /public/home/wangchao/Fullerene_Network/work/qHPC60/step1a_PBE_opt/CONTCAR 不完整：空文件（上一步还没写出结构）。
        上一段弛豫很可能还在跑（CONTCAR 写了一半）——
        等 tf 里上一段变 done 再生成；确认已正常结束就检查该文件内容。
+-------------+------+------+-----+-----------------------+-----------+------------+-------------+--------------------+-------------+
| Material    | tt   | hpc  | dim | S1_relax              | S2_static | S3_WAVECAR | S3.1_plot   | S4_HSE             | S4.1_plot   |
+=============+======+======+=====+=======================+===========+============+=============+====================+=============+
| Mg2C60      | band | jzzn | -   | waiting               | waiting   | waiting    | not started | waiting            | not started |
|             |      |      |     | S1a_ion               | -         | -          | -           | -                  | -           |
| qHPC20      | band | jzzn | 2D  | done                  | done      | done       | completed   | error              | not started |
|             |      |      |     | -                     | -         | -          | -           | -                  | -           |
| qHPC24      | band | jzzn | 2D  | done                  | done      | error      | not started | waiting            | not started |
|             |      |      |     | -                     | -         | -          | -           | -                  | -           |
| qHPC36-D6h  | band | jzzn | 2D  | done                  | done      | error      | not started | waiting            | not started |
|             |      |      |     | -                     | -         | -          | -           | -                  | -           |
| qHPC60      | band | jzzn | 2D  | waiting               | waiting   | waiting    | not started | waiting            | not started |
|             |      |      |     | S1b_cell              | -         | -          | -           | -                  | -           |
| qTP1C60     | band | jzzn | 2D  | done                  | done      | error      | not started | waiting            | not started |
|             |      |      |     | -                     | -         | -          | -           | -                  | -           |
| qTP2C36-D2d | band | jzzn | 2D  | done                  | done      | error      | not started | waiting            | not started |
|             |      |      |     | -                     | -         | -          | -           | -                  | -           |
| qTP2C60     | band | jzzn | 2D  | done                  | done      | error      | not started | waiting            | not started |
|             |      |      |     | -                     | -         | -          | -           | -                  | -           |
| qTPC20-b    | band | jzzn | 2D  | done                  | done      | done       | completed   | error              | not started |
|             |      |      |     | -                     | -         | -          | -           | -                  | -           |
| qTPC20-r    | band | jzzn | 2D  | done                  | done      | done       | completed   | running            | not started |
|             |      |      |     | -                     | -         | -          | -           | cu46 3580549 10:01 | -           |
| qTPC24      | band | jzzn | 2D  | done                  | done      | done       | completed   | running            | not started |
|             |      |      |     | -                     | -         | -          | -           | cu12 3580539 12:32 | -           |
| qTPC24-Mg1  | band | jzzn | 2D  | running               | waiting   | waiting    | not started | waiting            | not started |
|             |      |      |     | cu47 3579509 11:50:13 | -         | -          | -           | -                  | -           |
+-------------+------+------+-----+-----------------------+-----------+------------+-------------+--------------------+-------------+
Total: 12 | Done: 0 | Waiting: 3 | Actionable: 9

FAILED / NEEDS ATTENTION:
  [band] qHPC20                 S4_HSE     OUTCAR incomplete
  [band] qHPC24                 S3_WAVECAR WAVECAR too small (0B)
  [band] qHPC36-D6h             S3_WAVECAR WAVECAR too small (0B)
  [band] qTP1C60                S3_WAVECAR WAVECAR too small (0B)
  [band] qTP2C36-D2d            S3_WAVECAR WAVECAR too small (0B)
  [band] qTP2C60                S3_WAVECAR WAVECAR too small (0B)
  [band] qTPC20-b               S4_HSE     OUTCAR incomplete
auto qHPC60[band|S1b_cell]: gen 失败。[OK] POSCAR 已经是原胞（空间群 P2/c (#13)，120 原子）
[..] 维度：2D — 自动判定：沿 c 轴真空 21.8 Å（各向真空 a=0.4, b=1.0, c=21.8 Å）
[..] 模板：incar_2d.tpl + submit_std_2d.tpl
[ERROR] /public/home/wangchao/Fullerene_Network/work/qHPC60/step1a_PBE_opt/CONTCAR 不完整：空文件（上一步还没写出结构）。
        上一段弛豫很可能还在跑（CONTCAR 写了一半）——
        等 tf 里上一段变 done 再生成；确认已正常结束就检查该文件内容。
+-------------+------+------+-----+-----------------------+-----------+------------+-------------+--------------------+-------------+
| Material    | tt   | hpc  | dim | S1_relax              | S2_static | S3_WAVECAR | S3.1_plot   | S4_HSE             | S4.1_plot   |
+=============+======+======+=====+=======================+===========+============+=============+====================+=============+
| Mg2C60      | band | jzzn | 3D  | running               | waiting   | waiting    | not started | waiting            | not started |
|             |      |      |     | cu28 3580563 4:36     | -         | -          | -           | -                  | -           |
| qHPC20      | band | jzzn | 2D  | done                  | done      | done       | completed   | error              | not started |
|             |      |      |     | -                     | -         | -          | -           | -                  | -           |
| qHPC24      | band | jzzn | 2D  | done                  | done      | error      | not started | waiting            | not started |
|             |      |      |     | -                     | -         | -          | -           | -                  | -           |
| qHPC36-D6h  | band | jzzn | 2D  | done                  | done      | error      | not started | waiting            | not started |
|             |      |      |     | -                     | -         | -          | -           | -                  | -           |
| qHPC60      | band | jzzn | 2D  | waiting               | waiting   | waiting    | not started | waiting            | not started |
|             |      |      |     | S1b_cell              | -         | -          | -           | -                  | -           |
| qTP1C60     | band | jzzn | 2D  | done                  | done      | error      | not started | waiting            | not started |
|             |      |      |     | -                     | -         | -          | -           | -                  | -           |
| qTP2C36-D2d | band | jzzn | 2D  | done                  | done      | error      | not started | waiting            | not started |
|             |      |      |     | -                     | -         | -          | -           | -                  | -           |
| qTP2C60     | band | jzzn | 2D  | done                  | done      | error      | not started | waiting            | not started |
|             |      |      |     | -                     | -         | -          | -           | -                  | -           |
| qTPC20-b    | band | jzzn | 2D  | done                  | done      | done       | completed   | error              | not started |
|             |      |      |     | -                     | -         | -          | -           | -                  | -           |
| qTPC20-r    | band | jzzn | 2D  | done                  | done      | done       | completed   | running            | not started |
|             |      |      |     | -                     | -         | -          | -           | cu46 3580549 15:11 | -           |
| qTPC24      | band | jzzn | 2D  | done                  | done      | done       | completed   | running            | not started |
|             |      |      |     | -                     | -         | -          | -           | cu12 3580539 17:42 | -           |
| qTPC24-Mg1  | band | jzzn | 2D  | running               | waiting   | waiting    | not started | waiting            | not started |
|             |      |      |     | cu47 3579509 11:55:23 | -         | -          | -           | -                  | -           |
+-------------+------+------+-----+-----------------------+-----------+------------+-------------+--------------------+-------------+
Total: 12 | Done: 0 | Waiting: 4 | Actionable: 8

FAILED / NEEDS ATTENTION:
  [band] qHPC20                 S4_HSE     OUTCAR incomplete
  [band] qHPC24                 S3_WAVECAR WAVECAR too small (0B)
  [band] qHPC36-D6h             S3_WAVECAR WAVECAR too small (0B)
  [band] qTP1C60                S3_WAVECAR WAVECAR too small (0B)
  [band] qTP2C36-D2d            S3_WAVECAR WAVECAR too small (0B)
  [band] qTP2C60                S3_WAVECAR WAVECAR too small (0B)
  [band] qTPC20-b               S4_HSE     OUTCAR incomplete
auto qHPC60[band|S1b_cell]: gen 失败。[OK] POSCAR 已经是原胞（空间群 P2/c (#13)，120 原子）
[..] 维度：2D — 自动判定：沿 c 轴真空 21.8 Å（各向真空 a=0.4, b=1.0, c=21.8 Å）
[..] 模板：incar_2d.tpl + submit_std_2d.tpl
[ERROR] /public/home/wangchao/Fullerene_Network/work/qHPC60/step1a_PBE_opt/CONTCAR 不完整：空文件（上一步还没写出结构）。
        上一段弛豫很可能还在跑（CONTCAR 写了一半）——
        等 tf 里上一段变 done 再生成；确认已正常结束就检查该文件内容。
[12:30:36] 无变化
auto qHPC60[band|S1b_cell]: gen 失败。[OK] POSCAR 已经是原胞（空间群 P2/c (#13)，120 原子）
[..] 维度：2D — 自动判定：沿 c 轴真空 21.8 Å（各向真空 a=0.4, b=1.0, c=21.8 Å）
[..] 模板：incar_2d.tpl + submit_std_2d.tpl
[ERROR] /public/home/wangchao/Fullerene_Network/work/qHPC60/step1a_PBE_opt/CONTCAR 不完整：空文件（上一步还没写出结构）。
        上一段弛豫很可能还在跑（CONTCAR 写了一半）——
        等 tf 里上一段变 done 再生成；确认已正常结束就检查该文件内容。
+------------+------+------+-----+-----------------------+-----------+------------+-------------+---------+-------------+
| Material   | tt   | hpc  | dim | S1_relax              | S2_static | S3_WAVECAR | S3.1_plot   | S4_HSE  | S4.1_plot   |
+============+======+======+=====+=======================+===========+============+=============+=========+=============+
| qHPC60     | band | jzzn | 2D  | waiting               | waiting   | waiting    | not started | waiting | not started |
|            |      |      |     | S1b_cell              | -         | -          | -           | -       | -           |
| qTP1C60    | band | jzzn | 2D  | done                  | done      | error      | not started | waiting | not started |
|            |      |      |     | -                     | -         | -          | -           | -       | -           |
| qTP2C60    | band | jzzn | 2D  | done                  | done      | error      | not started | waiting | not started |
|            |      |      |     | -                     | -         | -          | -           | -       | -           |
| qTPC24-Mg1 | band | jzzn | 2D  | running               | waiting   | waiting    | not started | waiting | not started |
|            |      |      |     | cu47 3579509 12:05:32 | -         | -          | -           | -       | -           |
+------------+------+------+-----+-----------------------+-----------+------------+-------------+---------+-------------+
Total: 4 | Done: 0 | Waiting: 1 | Actionable: 3

FAILED / NEEDS ATTENTION:
  [band] qTP1C60                S3_WAVECAR WAVECAR too small (0B)
  [band] qTP2C60                S3_WAVECAR WAVECAR too small (0B)
auto qHPC60[band|S1b_cell]: gen 失败。[OK] POSCAR 已经是原胞（空间群 P2/c (#13)，120 原子）
[..] 维度：2D — 自动判定：沿 c 轴真空 21.8 Å（各向真空 a=0.4, b=1.0, c=21.8 Å）
[..] 模板：incar_2d.tpl + submit_std_2d.tpl
[ERROR] /public/home/wangchao/Fullerene_Network/work/qHPC60/step1a_PBE_opt/CONTCAR 不完整：空文件（上一步还没写出结构）。
        上一段弛豫很可能还在跑（CONTCAR 写了一半）——
        等 tf 里上一段变 done 再生成；确认已正常结束就检查该文件内容。
auto qTPC24-Mg1[band|S1c_fine]: gen 完成。[DONE] step1c_PBE_opt 已生成（阶段 c），可提交
auto qTPC24-Mg1[band|S1c_fine]: 已提交 qTPC24-Mg1-band-S1c_fine (jobid=3580591)
+------------+------+------+-----+----------+-----------+------------+-------------+---------+-------------+
| Material   | tt   | hpc  | dim | S1_relax | S2_static | S3_WAVECAR | S3.1_plot   | S4_HSE  | S4.1_plot   |
+============+======+======+=====+==========+===========+============+=============+=========+=============+
| qHPC60     | band | jzzn | 2D  | waiting  | waiting   | waiting    | not started | waiting | not started |
|            |      |      |     | S1b_cell | -         | -          | -           | -       | -           |
| qTP1C60    | band | jzzn | 2D  | done     | done      | error      | not started | waiting | not started |
|            |      |      |     | -        | -         | -          | -           | -       | -           |
| qTP2C60    | band | jzzn | 2D  | done     | done      | error      | not started | waiting | not started |
|            |      |      |     | -        | -         | -          | -           | -       | -           |
| qTPC24-Mg1 | band | jzzn | 2D  | waiting  | waiting   | waiting    | not started | waiting | not started |
|            |      |      |     | S1c_fine | -         | -          | -           | -       | -           |
+------------+------+------+-----+----------+-----------+------------+-------------+---------+-------------+
Total: 4 | Done: 0 | Waiting: 0 | Actionable: 4

FAILED / NEEDS ATTENTION:
  [band] qTP1C60                S3_WAVECAR WAVECAR too small (0B)
  [band] qTP2C60                S3_WAVECAR WAVECAR too small (0B)
auto qHPC60[band|S1b_cell]: gen 失败。[OK] POSCAR 已经是原胞（空间群 P2/c (#13)，120 原子）
[..] 维度：2D — 自动判定：沿 c 轴真空 21.8 Å（各向真空 a=0.4, b=1.0, c=21.8 Å）
[..] 模板：incar_2d.tpl + submit_std_2d.tpl
[ERROR] /public/home/wangchao/Fullerene_Network/work/qHPC60/step1a_PBE_opt/CONTCAR 不完整：空文件（上一步还没写出结构）。
        上一段弛豫很可能还在跑（CONTCAR 写了一半）——
        等 tf 里上一段变 done 再生成；确认已正常结束就检查该文件内容。
+------------+------+------+-----+-------------------+-----------+------------+-------------+---------+-------------+
| Material   | tt   | hpc  | dim | S1_relax          | S2_static | S3_WAVECAR | S3.1_plot   | S4_HSE  | S4.1_plot   |
+============+======+======+=====+===================+===========+============+=============+=========+=============+
| qHPC60     | band | jzzn | 2D  | waiting           | waiting   | waiting    | not started | waiting | not started |
|            |      |      |     | S1b_cell          | -         | -          | -           | -       | -           |
| qTP1C60    | band | jzzn | 2D  | done              | done      | error      | not started | waiting | not started |
|            |      |      |     | -                 | -         | -          | -           | -       | -           |
| qTP2C60    | band | jzzn | 2D  | done              | done      | error      | not started | waiting | not started |
|            |      |      |     | -                 | -         | -          | -           | -       | -           |
| qTPC24-Mg1 | band | jzzn | 2D  | running           | waiting   | waiting    | not started | waiting | not started |
|            |      |      |     | cu12 3580591 4:55 | -         | -          | -           | -       | -           |
+------------+------+------+-----+-------------------+-----------+------------+-------------+---------+-------------+
Total: 4 | Done: 0 | Waiting: 1 | Actionable: 3

FAILED / NEEDS ATTENTION:
  [band] qTP1C60                S3_WAVECAR WAVECAR too small (0B)
  [band] qTP2C60                S3_WAVECAR WAVECAR too small (0B)
auto qHPC60[band|S1b_cell]: gen 失败。[OK] POSCAR 已经是原胞（空间群 P2/c (#13)，120 原子）
[..] 维度：2D — 自动判定：沿 c 轴真空 21.8 Å（各向真空 a=0.4, b=1.0, c=21.8 Å）
[..] 模板：incar_2d.tpl + submit_std_2d.tpl
[ERROR] /public/home/wangchao/Fullerene_Network/work/qHPC60/step1a_PBE_opt/CONTCAR 不完整：空文件（上一步还没写出结构）。
        上一段弛豫很可能还在跑（CONTCAR 写了一半）——
        等 tf 里上一段变 done 再生成；确认已正常结束就检查该文件内容。
+------------+------+------+-----+----------+-----------+------------+-------------+---------+-------------+
| Material   | tt   | hpc  | dim | S1_relax | S2_static | S3_WAVECAR | S3.1_plot   | S4_HSE  | S4.1_plot   |
+============+======+======+=====+==========+===========+============+=============+=========+=============+
| qHPC60     | band | jzzn | 2D  | waiting  | waiting   | waiting    | not started | waiting | not started |
|            |      |      |     | S1b_cell | -         | -          | -           | -       | -           |
| qTPC24-Mg1 | band | jzzn | 2D  | error    | waiting   | waiting    | not started | waiting | not started |
|            |      |      |     | S1c_fine | -         | -          | -           | -       | -           |
+------------+------+------+-----+----------+-----------+------------+-------------+---------+-------------+
Total: 2 | Done: 0 | Waiting: 0 | Actionable: 2

FAILED / NEEDS ATTENTION:
  [band] qTPC24-Mg1             S1c_fine   c 未收敛 [unknown] 还没有完成的离子步
auto qHPC60[band|S1b_cell]: gen 失败。[OK] POSCAR 已经是原胞（空间群 P2/c (#13)，120 原子）
[..] 维度：2D — 自动判定：沿 c 轴真空 21.8 Å（各向真空 a=0.4, b=1.0, c=21.8 Å）
[..] 模板：incar_2d.tpl + submit_std_2d.tpl
[ERROR] /public/home/wangchao/Fullerene_Network/work/qHPC60/step1a_PBE_opt/CONTCAR 不完整：空文件（上一步还没写出结构）。
        上一段弛豫很可能还在跑（CONTCAR 写了一半）——
        等 tf 里上一段变 done 再生成；确认已正常结束就检查该文件内容。
[12:56:12] 无变化
auto qHPC60[band|S1b_cell]: gen 失败。[OK] POSCAR 已经是原胞（空间群 P2/c (#13)，120 原子）
[..] 维度：2D — 自动判定：沿 c 轴真空 21.8 Å（各向真空 a=0.4, b=1.0, c=21.8 Å）
[..] 模板：incar_2d.tpl + submit_std_2d.tpl
[ERROR] /public/home/wangchao/Fullerene_Network/work/qHPC60/step1a_PBE_opt/CONTCAR 不完整：空文件（上一步还没写出结构）。
        上一段弛豫很可能还在跑（CONTCAR 写了一半）——
        等 tf 里上一段变 done 再生成；确认已正常结束就检查该文件内容。
[13:01:16] 无变化
auto qHPC60[band|S1b_cell]: gen 失败。[OK] POSCAR 已经是原胞（空间群 P2/c (#13)，120 原子）
[..] 维度：2D — 自动判定：沿 c 轴真空 21.8 Å（各向真空 a=0.4, b=1.0, c=21.8 Å）
[..] 模板：incar_2d.tpl + submit_std_2d.tpl
[ERROR] /public/home/wangchao/Fullerene_Network/work/qHPC60/step1a_PBE_opt/CONTCAR 不完整：空文件（上一步还没写出结构）。
        上一段弛豫很可能还在跑（CONTCAR 写了一半）——
        等 tf 里上一段变 done 再生成；确认已正常结束就检查该文件内容。
[13:06:21] 无变化
auto qHPC60[band|S1b_cell]: gen 失败。[OK] POSCAR 已经是原胞（空间群 P2/c (#13)，120 原子）
[..] 维度：2D — 自动判定：沿 c 轴真空 21.8 Å（各向真空 a=0.4, b=1.0, c=21.8 Å）
[..] 模板：incar_2d.tpl + submit_std_2d.tpl
[ERROR] /public/home/wangchao/Fullerene_Network/work/qHPC60/step1a_PBE_opt/CONTCAR 不完整：空文件（上一步还没写出结构）。
        上一段弛豫很可能还在跑（CONTCAR 写了一半）——
        等 tf 里上一段变 done 再生成；确认已正常结束就检查该文件内容。
[13:11:26] 无变化
auto qHPC60[band|S1b_cell]: gen 失败。[OK] POSCAR 已经是原胞（空间群 P2/c (#13)，120 原子）
[..] 维度：2D — 自动判定：沿 c 轴真空 21.8 Å（各向真空 a=0.4, b=1.0, c=21.8 Å）
[..] 模板：incar_2d.tpl + submit_std_2d.tpl
[ERROR] /public/home/wangchao/Fullerene_Network/work/qHPC60/step1a_PBE_opt/CONTCAR 不完整：空文件（上一步还没写出结构）。
        上一段弛豫很可能还在跑（CONTCAR 写了一半）——
        等 tf 里上一段变 done 再生成；确认已正常结束就检查该文件内容。
[13:16:34] 无变化
auto qHPC60[band|S1b_cell]: gen 失败。[OK] POSCAR 已经是原胞（空间群 P2/c (#13)，120 原子）
[..] 维度：2D — 自动判定：沿 c 轴真空 21.8 Å（各向真空 a=0.4, b=1.0, c=21.8 Å）
[..] 模板：incar_2d.tpl + submit_std_2d.tpl
[ERROR] /public/home/wangchao/Fullerene_Network/work/qHPC60/step1a_PBE_opt/CONTCAR 不完整：空文件（上一步还没写出结构）。
        上一段弛豫很可能还在跑（CONTCAR 写了一半）——
        等 tf 里上一段变 done 再生成；确认已正常结束就检查该文件内容。
[13:21:41] 无变化
auto qHPC60[band|S1b_cell]: gen 失败。[OK] POSCAR 已经是原胞（空间群 P2/c (#13)，120 原子）
[..] 维度：2D — 自动判定：沿 c 轴真空 21.8 Å（各向真空 a=0.4, b=1.0, c=21.8 Å）
[..] 模板：incar_2d.tpl + submit_std_2d.tpl
[ERROR] /public/home/wangchao/Fullerene_Network/work/qHPC60/step1a_PBE_opt/CONTCAR 不完整：空文件（上一步还没写出结构）。
        上一段弛豫很可能还在跑（CONTCAR 写了一半）——
        等 tf 里上一段变 done 再生成；确认已正常结束就检查该文件内容。
[13:26:46] 无变化
auto qHPC60[band|S1b_cell]: gen 失败。[OK] POSCAR 已经是原胞（空间群 P2/c (#13)，120 原子）
[..] 维度：2D — 自动判定：沿 c 轴真空 21.8 Å（各向真空 a=0.4, b=1.0, c=21.8 Å）
[..] 模板：incar_2d.tpl + submit_std_2d.tpl
[ERROR] /public/home/wangchao/Fullerene_Network/work/qHPC60/step1a_PBE_opt/CONTCAR 不完整：空文件（上一步还没写出结构）。
        上一段弛豫很可能还在跑（CONTCAR 写了一半）——
        等 tf 里上一段变 done 再生成；确认已正常结束就检查该文件内容。
[13:31:50] 无变化
auto qHPC60[band|S1b_cell]: gen 失败。[OK] POSCAR 已经是原胞（空间群 P2/c (#13)，120 原子）
[..] 维度：2D — 自动判定：沿 c 轴真空 21.8 Å（各向真空 a=0.4, b=1.0, c=21.8 Å）
[..] 模板：incar_2d.tpl + submit_std_2d.tpl
[ERROR] /public/home/wangchao/Fullerene_Network/work/qHPC60/step1a_PBE_opt/CONTCAR 不完整：空文件（上一步还没写出结构）。
        上一段弛豫很可能还在跑（CONTCAR 写了一半）——
        等 tf 里上一段变 done 再生成；确认已正常结束就检查该文件内容。
[13:36:57] 无变化
auto qHPC60[band|S1b_cell]: gen 失败。[OK] POSCAR 已经是原胞（空间群 P2/c (#13)，120 原子）
[..] 维度：2D — 自动判定：沿 c 轴真空 21.8 Å（各向真空 a=0.4, b=1.0, c=21.8 Å）
[..] 模板：incar_2d.tpl + submit_std_2d.tpl
[ERROR] /public/home/wangchao/Fullerene_Network/work/qHPC60/step1a_PBE_opt/CONTCAR 不完整：空文件（上一步还没写出结构）。
        上一段弛豫很可能还在跑（CONTCAR 写了一半）——
        等 tf 里上一段变 done 再生成；确认已正常结束就检查该文件内容。
[13:42:03] 无变化
auto qHPC60[band|S1b_cell]: gen 失败。[OK] POSCAR 已经是原胞（空间群 P2/c (#13)，120 原子）
[..] 维度：2D — 自动判定：沿 c 轴真空 21.8 Å（各向真空 a=0.4, b=1.0, c=21.8 Å）
[..] 模板：incar_2d.tpl + submit_std_2d.tpl
[ERROR] /public/home/wangchao/Fullerene_Network/work/qHPC60/step1a_PBE_opt/CONTCAR 不完整：空文件（上一步还没写出结构）。
        上一段弛豫很可能还在跑（CONTCAR 写了一半）——
        等 tf 里上一段变 done 再生成；确认已正常结束就检查该文件内容。
[13:47:10] 无变化
auto qHPC60[band|S1b_cell]: gen 失败。[OK] POSCAR 已经是原胞（空间群 P2/c (#13)，120 原子）
[..] 维度：2D — 自动判定：沿 c 轴真空 21.8 Å（各向真空 a=0.4, b=1.0, c=21.8 Å）
[..] 模板：incar_2d.tpl + submit_std_2d.tpl
[ERROR] /public/home/wangchao/Fullerene_Network/work/qHPC60/step1a_PBE_opt/CONTCAR 不完整：空文件（上一步还没写出结构）。
        上一段弛豫很可能还在跑（CONTCAR 写了一半）——
        等 tf 里上一段变 done 再生成；确认已正常结束就检查该文件内容。
[13:52:16] 无变化
auto qHPC60[band|S1b_cell]: gen 失败。[OK] POSCAR 已经是原胞（空间群 P2/c (#13)，120 原子）
[..] 维度：2D — 自动判定：沿 c 轴真空 21.8 Å（各向真空 a=0.4, b=1.0, c=21.8 Å）
[..] 模板：incar_2d.tpl + submit_std_2d.tpl
[ERROR] /public/home/wangchao/Fullerene_Network/work/qHPC60/step1a_PBE_opt/CONTCAR 不完整：空文件（上一步还没写出结构）。
        上一段弛豫很可能还在跑（CONTCAR 写了一半）——
        等 tf 里上一段变 done 再生成；确认已正常结束就检查该文件内容。
[13:57:21] 无变化
auto qHPC60[band|S1b_cell]: gen 失败。[OK] POSCAR 已经是原胞（空间群 P2/c (#13)，120 原子）
[..] 维度：2D — 自动判定：沿 c 轴真空 21.8 Å（各向真空 a=0.4, b=1.0, c=21.8 Å）
[..] 模板：incar_2d.tpl + submit_std_2d.tpl
[ERROR] /public/home/wangchao/Fullerene_Network/work/qHPC60/step1a_PBE_opt/CONTCAR 不完整：空文件（上一步还没写出结构）。
        上一段弛豫很可能还在跑（CONTCAR 写了一半）——
        等 tf 里上一段变 done 再生成；确认已正常结束就检查该文件内容。
[14:02:26] 无变化
auto qHPC60[band|S1b_cell]: gen 失败。[OK] POSCAR 已经是原胞（空间群 P2/c (#13)，120 原子）
[..] 维度：2D — 自动判定：沿 c 轴真空 21.8 Å（各向真空 a=0.4, b=1.0, c=21.8 Å）
[..] 模板：incar_2d.tpl + submit_std_2d.tpl
[ERROR] /public/home/wangchao/Fullerene_Network/work/qHPC60/step1a_PBE_opt/CONTCAR 不完整：空文件（上一步还没写出结构）。
        上一段弛豫很可能还在跑（CONTCAR 写了一半）——
        等 tf 里上一段变 done 再生成；确认已正常结束就检查该文件内容。
[14:07:33] 无变化
auto qHPC60[band|S1b_cell]: gen 失败。[OK] POSCAR 已经是原胞（空间群 P2/c (#13)，120 原子）
[..] 维度：2D — 自动判定：沿 c 轴真空 21.8 Å（各向真空 a=0.4, b=1.0, c=21.8 Å）
[..] 模板：incar_2d.tpl + submit_std_2d.tpl
[ERROR] /public/home/wangchao/Fullerene_Network/work/qHPC60/step1a_PBE_opt/CONTCAR 不完整：空文件（上一步还没写出结构）。
        上一段弛豫很可能还在跑（CONTCAR 写了一半）——
        等 tf 里上一段变 done 再生成；确认已正常结束就检查该文件内容。
[14:12:44] 无变化
auto qHPC60[band|S1b_cell]: gen 失败。[OK] POSCAR 已经是原胞（空间群 P2/c (#13)，120 原子）
[..] 维度：2D — 自动判定：沿 c 轴真空 21.8 Å（各向真空 a=0.4, b=1.0, c=21.8 Å）
[..] 模板：incar_2d.tpl + submit_std_2d.tpl
[ERROR] /public/home/wangchao/Fullerene_Network/work/qHPC60/step1a_PBE_opt/CONTCAR 不完整：空文件（上一步还没写出结构）。
        上一段弛豫很可能还在跑（CONTCAR 写了一半）——
        等 tf 里上一段变 done 再生成；确认已正常结束就检查该文件内容。
[14:17:48] 无变化
auto qHPC60[band|S1b_cell]: gen 失败。[OK] POSCAR 已经是原胞（空间群 P2/c (#13)，120 原子）
[..] 维度：2D — 自动判定：沿 c 轴真空 21.8 Å（各向真空 a=0.4, b=1.0, c=21.8 Å）
[..] 模板：incar_2d.tpl + submit_std_2d.tpl
[ERROR] /public/home/wangchao/Fullerene_Network/work/qHPC60/step1a_PBE_opt/CONTCAR 不完整：空文件（上一步还没写出结构）。
        上一段弛豫很可能还在跑（CONTCAR 写了一半）——
        等 tf 里上一段变 done 再生成；确认已正常结束就检查该文件内容。
[14:22:53] 无变化
auto qHPC60[band|S1b_cell]: gen 失败。[OK] POSCAR 已经是原胞（空间群 P2/c (#13)，120 原子）
[..] 维度：2D — 自动判定：沿 c 轴真空 21.8 Å（各向真空 a=0.4, b=1.0, c=21.8 Å）
[..] 模板：incar_2d.tpl + submit_std_2d.tpl
[ERROR] /public/home/wangchao/Fullerene_Network/work/qHPC60/step1a_PBE_opt/CONTCAR 不完整：空文件（上一步还没写出结构）。
        上一段弛豫很可能还在跑（CONTCAR 写了一半）——
        等 tf 里上一段变 done 再生成；确认已正常结束就检查该文件内容。
[14:27:57] 无变化
auto qHPC60[band|S1b_cell]: gen 失败。[OK] POSCAR 已经是原胞（空间群 P2/c (#13)，120 原子）
[..] 维度：2D — 自动判定：沿 c 轴真空 21.8 Å（各向真空 a=0.4, b=1.0, c=21.8 Å）
[..] 模板：incar_2d.tpl + submit_std_2d.tpl
[ERROR] /public/home/wangchao/Fullerene_Network/work/qHPC60/step1a_PBE_opt/CONTCAR 不完整：空文件（上一步还没写出结构）。
        上一段弛豫很可能还在跑（CONTCAR 写了一半）——
        等 tf 里上一段变 done 再生成；确认已正常结束就检查该文件内容。
[14:33:02] 无变化
auto qHPC60[band|S1b_cell]: gen 失败。[OK] POSCAR 已经是原胞（空间群 P2/c (#13)，120 原子）
[..] 维度：2D — 自动判定：沿 c 轴真空 21.8 Å（各向真空 a=0.4, b=1.0, c=21.8 Å）
[..] 模板：incar_2d.tpl + submit_std_2d.tpl
[ERROR] /public/home/wangchao/Fullerene_Network/work/qHPC60/step1a_PBE_opt/CONTCAR 不完整：空文件（上一步还没写出结构）。
        上一段弛豫很可能还在跑（CONTCAR 写了一半）——
        等 tf 里上一段变 done 再生成；确认已正常结束就检查该文件内容。
[14:38:08] 无变化
auto qHPC60[band|S1b_cell]: gen 失败。[OK] POSCAR 已经是原胞（空间群 P2/c (#13)，120 原子）
[..] 维度：2D — 自动判定：沿 c 轴真空 21.8 Å（各向真空 a=0.4, b=1.0, c=21.8 Å）
[..] 模板：incar_2d.tpl + submit_std_2d.tpl
[ERROR] /public/home/wangchao/Fullerene_Network/work/qHPC60/step1a_PBE_opt/CONTCAR 不完整：空文件（上一步还没写出结构）。
        上一段弛豫很可能还在跑（CONTCAR 写了一半）——
        等 tf 里上一段变 done 再生成；确认已正常结束就检查该文件内容。
[14:43:17] 无变化
auto qHPC60[band|S1b_cell]: gen 失败。[OK] POSCAR 已经是原胞（空间群 P2/c (#13)，120 原子）
[..] 维度：2D — 自动判定：沿 c 轴真空 21.8 Å（各向真空 a=0.4, b=1.0, c=21.8 Å）
[..] 模板：incar_2d.tpl + submit_std_2d.tpl
[ERROR] /public/home/wangchao/Fullerene_Network/work/qHPC60/step1a_PBE_opt/CONTCAR 不完整：空文件（上一步还没写出结构）。
        上一段弛豫很可能还在跑（CONTCAR 写了一半）——
        等 tf 里上一段变 done 再生成；确认已正常结束就检查该文件内容。
[14:48:26] 无变化
auto qHPC60[band|S1b_cell]: gen 失败。[OK] POSCAR 已经是原胞（空间群 P2/c (#13)，120 原子）
[..] 维度：2D — 自动判定：沿 c 轴真空 21.8 Å（各向真空 a=0.4, b=1.0, c=21.8 Å）
[..] 模板：incar_2d.tpl + submit_std_2d.tpl
[ERROR] /public/home/wangchao/Fullerene_Network/work/qHPC60/step1a_PBE_opt/CONTCAR 不完整：空文件（上一步还没写出结构）。
        上一段弛豫很可能还在跑（CONTCAR 写了一半）——
        等 tf 里上一段变 done 再生成；确认已正常结束就检查该文件内容。
[14:53:37] 无变化
auto qHPC60[band|S1b_cell]: gen 失败。[OK] POSCAR 已经是原胞（空间群 P2/c (#13)，120 原子）
[..] 维度：2D — 自动判定：沿 c 轴真空 21.8 Å（各向真空 a=0.4, b=1.0, c=21.8 Å）
[..] 模板：incar_2d.tpl + submit_std_2d.tpl
[ERROR] /public/home/wangchao/Fullerene_Network/work/qHPC60/step1a_PBE_opt/CONTCAR 不完整：空文件（上一步还没写出结构）。
        上一段弛豫很可能还在跑（CONTCAR 写了一半）——
        等 tf 里上一段变 done 再生成；确认已正常结束就检查该文件内容。
[14:58:49] 无变化
auto qHPC60[band|S1b_cell]: gen 失败。[OK] POSCAR 已经是原胞（空间群 P2/c (#13)，120 原子）
[..] 维度：2D — 自动判定：沿 c 轴真空 21.8 Å（各向真空 a=0.4, b=1.0, c=21.8 Å）
[..] 模板：incar_2d.tpl + submit_std_2d.tpl
[ERROR] /public/home/wangchao/Fullerene_Network/work/qHPC60/step1a_PBE_opt/CONTCAR 不完整：空文件（上一步还没写出结构）。
        上一段弛豫很可能还在跑（CONTCAR 写了一半）——
        等 tf 里上一段变 done 再生成；确认已正常结束就检查该文件内容。
[15:04:02] 无变化
auto qHPC60[band|S1b_cell]: gen 失败。[OK] POSCAR 已经是原胞（空间群 P2/c (#13)，120 原子）
[..] 维度：2D — 自动判定：沿 c 轴真空 21.8 Å（各向真空 a=0.4, b=1.0, c=21.8 Å）
[..] 模板：incar_2d.tpl + submit_std_2d.tpl
[ERROR] /public/home/wangchao/Fullerene_Network/work/qHPC60/step1a_PBE_opt/CONTCAR 不完整：空文件（上一步还没写出结构）。
        上一段弛豫很可能还在跑（CONTCAR 写了一半）——
        等 tf 里上一段变 done 再生成；确认已正常结束就检查该文件内容。
[15:09:31] 无变化
auto qHPC60[band|S1b_cell]: gen 失败。[OK] POSCAR 已经是原胞（空间群 P2/c (#13)，120 原子）
[..] 维度：2D — 自动判定：沿 c 轴真空 21.8 Å（各向真空 a=0.4, b=1.0, c=21.8 Å）
[..] 模板：incar_2d.tpl + submit_std_2d.tpl
[ERROR] /public/home/wangchao/Fullerene_Network/work/qHPC60/step1a_PBE_opt/CONTCAR 不完整：空文件（上一步还没写出结构）。
        上一段弛豫很可能还在跑（CONTCAR 写了一半）——
        等 tf 里上一段变 done 再生成；确认已正常结束就检查该文件内容。
[15:14:42] 无变化
auto qHPC60[band|S1b_cell]: gen 失败。[OK] POSCAR 已经是原胞（空间群 P2/c (#13)，120 原子）
[..] 维度：2D — 自动判定：沿 c 轴真空 21.8 Å（各向真空 a=0.4, b=1.0, c=21.8 Å）
[..] 模板：incar_2d.tpl + submit_std_2d.tpl
[ERROR] /public/home/wangchao/Fullerene_Network/work/qHPC60/step1a_PBE_opt/CONTCAR 不完整：空文件（上一步还没写出结构）。
        上一段弛豫很可能还在跑（CONTCAR 写了一半）——
        等 tf 里上一段变 done 再生成；确认已正常结束就检查该文件内容。
[15:19:53] 无变化
auto qHPC60[band|S1b_cell]: gen 失败。[OK] POSCAR 已经是原胞（空间群 P2/c (#13)，120 原子）
[..] 维度：2D — 自动判定：沿 c 轴真空 21.8 Å（各向真空 a=0.4, b=1.0, c=21.8 Å）
[..] 模板：incar_2d.tpl + submit_std_2d.tpl
[ERROR] /public/home/wangchao/Fullerene_Network/work/qHPC60/step1a_PBE_opt/CONTCAR 不完整：空文件（上一步还没写出结构）。
        上一段弛豫很可能还在跑（CONTCAR 写了一半）——
        等 tf 里上一段变 done 再生成；确认已正常结束就检查该文件内容。
[15:25:04] 无变化
监控模式：每 300 秒刷新（auto-fetch + auto-advance 开），Ctrl+C 退出。
auto qHPC60[band|S1b_cell]: gen 失败。[OK] POSCAR 已经是原胞（空间群 P2/c (#13)，120 原子）
[..] 维度：2D — 自动判定：沿 c 轴真空 21.8 Å（各向真空 a=0.4, b=1.0, c=21.8 Å）
[..] 模板：incar_2d.tpl + submit_std_2d.tpl
[ERROR] /public/home/wangchao/Fullerene_Network/work/qHPC60/step1a_PBE_opt/CONTCAR 不完整：空文件（上一步还没写出结构）。
        上一段弛豫很可能还在跑（CONTCAR 写了一半）——
        等 tf 里上一段变 done 再生成；确认已正常结束就检查该文件内容。
+------------+------+------+-----+----------+-----------+------------+-------------+---------+-------------+
| Material   | tt   | hpc  | dim | S1_relax | S2_static | S3_WAVECAR | S3.1_plot   | S4_HSE  | S4.1_plot   |
+============+======+======+=====+==========+===========+============+=============+=========+=============+
| qHPC60     | band | jzzn | 2D  | waiting  | waiting   | waiting    | not started | waiting | not started |
|            |      |      |     | S1b_cell | -         | -          | -           | -       | -           |
| qTPC24-Mg1 | band | jzzn | 2D  | scancel  | waiting   | waiting    | not started | waiting | not started |
|            |      |      |     | S1c_fine | -         | -          | -           | -       | -           |
+------------+------+------+-----+----------+-----------+------------+-------------+---------+-------------+
Total: 2 | Done: 0 | Waiting: 0 | Actionable: 2 | Scancel: 1

SCANCELLED（tf stop 取消，auto 不会重跑；重跑用 -status scancel start / rerun）:
  [band] qTPC24-Mg1             S1c_fine
auto qHPC60[band|S1b_cell]: gen 失败。[OK] POSCAR 已经是原胞（空间群 P2/c (#13)，120 原子）
[..] 维度：2D — 自动判定：沿 c 轴真空 21.8 Å（各向真空 a=0.4, b=1.0, c=21.8 Å）
[..] 模板：incar_2d.tpl + submit_std_2d.tpl
[ERROR] /public/home/wangchao/Fullerene_Network/work/qHPC60/step1a_PBE_opt/CONTCAR 不完整：空文件（上一步还没写出结构）。
        上一段弛豫很可能还在跑（CONTCAR 写了一半）——
        等 tf 里上一段变 done 再生成；确认已正常结束就检查该文件内容。
[16:36:57] 无变化
auto qHPC60[band|S1b_cell]: gen 失败。[OK] POSCAR 已经是原胞（空间群 P2/c (#13)，120 原子）
[..] 维度：2D — 自动判定：沿 c 轴真空 21.8 Å（各向真空 a=0.4, b=1.0, c=21.8 Å）
[..] 模板：incar_2d.tpl + submit_std_2d.tpl
[ERROR] /public/home/wangchao/Fullerene_Network/work/qHPC60/step1a_PBE_opt/CONTCAR 不完整：空文件（上一步还没写出结构）。
        上一段弛豫很可能还在跑（CONTCAR 写了一半）——
        等 tf 里上一段变 done 再生成；确认已正常结束就检查该文件内容。
[16:42:23] 无变化
auto C20/qTPC20-b[band|S1a_ion]: gen 完成。[DONE] step1a_PBE_opt 已生成（阶段 a），可提交
auto C20/qTPC20-b[band|S1a_ion]: 已提交 qTPC20-b-band-S1a_ion (jobid=3580990)
auto C20/qTPC20-r[band|S1a_ion]: gen 完成。[DONE] step1a_PBE_opt 已生成（阶段 a），可提交
auto C20/qTPC20-r[band|S1a_ion]: 已提交 qTPC20-r-band-S1a_ion (jobid=3580991)
auto all/Mg2C60[band|S1a_ion]: gen 完成。[DONE] step1a_PBE_opt 已生成（阶段 a），可提交
auto all/Mg2C60[band|S1a_ion]: 已提交 Mg2C60-band-S1a_ion (jobid=3580992)
auto qHPC60[band|S1b_cell]: gen 失败。[OK] POSCAR 已经是原胞（空间群 P2/c (#13)，120 原子）
[..] 维度：2D — 自动判定：沿 c 轴真空 21.8 Å（各向真空 a=0.4, b=1.0, c=21.8 Å）
[..] 模板：incar_2d.tpl + submit_std_2d.tpl
[ERROR] /public/home/wangchao/Fullerene_Network/work/qHPC60/step1a_PBE_opt/CONTCAR 不完整：空文件（上一步还没写出结构）。
        上一段弛豫很可能还在跑（CONTCAR 写了一半）——
        等 tf 里上一段变 done 再生成；确认已正常结束就检查该文件内容。
+--------------+------+------+-----+----------+-----------+------------+-------------+---------+-------------+
| Material     | tt   | hpc  | dim | S1_relax | S2_static | S3_WAVECAR | S3.1_plot   | S4_HSE  | S4.1_plot   |
+==============+======+======+=====+==========+===========+============+=============+=========+=============+
| C20/qTPC20-b | band | jzzn | -   | waiting  | waiting   | waiting    | not started | waiting | not started |
|              |      |      |     | S1a_ion  | -         | -          | -           | -       | -           |
| C20/qTPC20-r | band | jzzn | -   | waiting  | waiting   | waiting    | not started | waiting | not started |
|              |      |      |     | S1a_ion  | -         | -          | -           | -       | -           |
| all/Mg2C60   | band | jzzn | -   | waiting  | waiting   | waiting    | not started | waiting | not started |
|              |      |      |     | S1a_ion  | -         | -          | -           | -       | -           |
| qHPC60       | band | jzzn | 2D  | waiting  | waiting   | waiting    | not started | waiting | not started |
|              |      |      |     | S1b_cell | -         | -          | -           | -       | -           |
| qTPC24-Mg1   | band | jzzn | 2D  | scancel  | waiting   | waiting    | not started | waiting | not started |
|              |      |      |     | S1c_fine | -         | -          | -           | -       | -           |
+--------------+------+------+-----+----------+-----------+------------+-------------+---------+-------------+
Total: 5 | Done: 0 | Waiting: 0 | Actionable: 5 | Scancel: 1

SCANCELLED（tf stop 取消，auto 不会重跑；重跑用 -status scancel start / rerun）:
  [band] qTPC24-Mg1             S1c_fine
警告：任务类型 band 里有重复的 basename：band，-p 时请写完整名。
auto-fetch Mg2C60/band: step4_HSE_band,step4_band_plot → /home/wangchao/Fullerene_Network/Mg2C60/band/result
auto qHPC60/band[band|S1a_ion]: gen 完成。[DONE] step1a_PBE_opt 已生成（阶段 a），可提交
auto qHPC60/band[band|S1a_ion]: 已提交 band-band-S1a_ion (jobid=3581005)
auto qTP1C60/band[band|S1a_ion]: gen 完成。[DONE] step1a_PBE_opt 已生成（阶段 a），可提交
auto qTP1C60/band[band|S1a_ion]: 已提交 band-band-S1a_ion (jobid=3581006)
auto qTP2C60/band[band|S1a_ion]: gen 完成。[DONE] step1a_PBE_opt 已生成（阶段 a），可提交
auto qTP2C60/band[band|S1a_ion]: 已提交 band-band-S1a_ion (jobid=3581008)
+--------------+------+------+-----+----------------------+-----------+--------------+-------------+---------+-------------+
| Material     | tt   | hpc  | dim | S1_relax             | S2_static | S3_WAVECAR   | S3.1_plot   | S4_HSE  | S4.1_plot   |
+==============+======+======+=====+======================+===========+==============+=============+=========+=============+
| Mg2C60/band  | band | jzzn | 3D  | done                 | done      | done         | completed   | done    | completed   |
|              |      |      |     | -                    | -         | -            | -           | -       | -           |
| all/Mg2C60   | band | jzzn | 3D  | pd                   | waiting   | waiting      | not started | waiting | not started |
|              |      |      |     | 3580992 ((Priority)) | -         | -            | -           | -       | -           |
| qHPC60/band  | band | jzzn | -   | waiting              | waiting   | waiting      | not started | waiting | not started |
|              |      |      |     | S1a_ion              | -         | -            | -           | -       | -           |
| qTP1C60      | band | jzzn | 2D  | done                 | done      | scancel      | not started | waiting | not started |
|              |      |      |     | -                    | -         | 已取消(3580504) | -           | -       | -           |
| qTP1C60/band | band | jzzn | -   | waiting              | waiting   | waiting      | not started | waiting | not started |
|              |      |      |     | S1a_ion              | -         | -            | -           | -       | -           |
| qTP2C60/band | band | jzzn | -   | waiting              | waiting   | waiting      | not started | waiting | not started |
|              |      |      |     | S1a_ion              | -         | -            | -           | -       | -           |
| qTPC24-Mg1   | band | jzzn | 2D  | scancel              | waiting   | waiting      | not started | waiting | not started |
|              |      |      |     | S1c_fine             | -         | -            | -           | -       | -           |
+--------------+------+------+-----+----------------------+-----------+--------------+-------------+---------+-------------+
Total: 7 | Done: 1 | Waiting: 1 | Actionable: 5 | Scancel: 2

SCANCELLED（tf stop 取消，auto 不会重跑；重跑用 -status scancel start / rerun）:
  [band] qTP1C60                S3_WAVECAR
  [band] qTPC24-Mg1             S1c_fine
警告：任务类型 band 里有重复的 basename：band，-p 时请写完整名。
错误：
任务类型 band 下项目名称重复：qTP1C60/band
警告：任务类型 band 里有重复的 basename：band，-p 时请写完整名。
错误：
任务类型 band 下项目名称重复：band
警告：任务类型 band 里有重复的 basename：band，-p 时请写完整名。
错误：
任务类型 band 下项目名称重复：band
监控模式：每 300 秒刷新（auto-fetch + auto-advance 开），Ctrl+C 退出。
auto-fetch Mg2C60: step1a_PBE_opt,step1b_PBE_opt,step1c_PBE_opt → /home/wangchao/Fullerene_Network/Mg2C60/result
auto-fetch qHPC20: step1a_PBE_opt,step1b_PBE_opt,step1c_PBE_opt,step2_PBE_static,step3_PBE_WAVECAR,step3_band_plot → /home/wangchao/Fullerene_Network/C20/qHPC20/result
auto-fetch qHPC24: step1a_PBE_opt,step1b_PBE_opt,step1c_PBE_opt,step2_PBE_static → /home/wangchao/Fullerene_Network/C24/qHPC24/result
auto-fetch qHPC36-D6h: step1a_PBE_opt,step1b_PBE_opt,step1c_PBE_opt,step2_PBE_static → /home/wangchao/Fullerene_Network/C36/qHPC36-D6h/result
auto-fetch qHPC60: step1a_PBE_opt → /home/wangchao/Fullerene_Network/C60/qHPC60/result
auto-fetch qTP1C60: step1a_PBE_opt,step1b_PBE_opt,step1c_PBE_opt,step2_PBE_static → /home/wangchao/Fullerene_Network/C60/qTP1C60/result
auto-fetch qTP2C36-D2d: step1a_PBE_opt,step1b_PBE_opt,step1c_PBE_opt,step2_PBE_static → /home/wangchao/Fullerene_Network/C36/qTP2C36-D2d/result
auto-fetch qTP2C60: step1a_PBE_opt,step1b_PBE_opt,step1c_PBE_opt,step2_PBE_static → /home/wangchao/Fullerene_Network/C60/qTP2C60/result
auto-fetch qTPC20-b: step1a_PBE_opt,step1b_PBE_opt,step1c_PBE_opt,step2_PBE_static,step3_PBE_WAVECAR,step3_band_plot → /home/wangchao/Fullerene_Network/C20/qTPC20-b/result
auto-fetch qTPC20-r: step1a_PBE_opt,step1b_PBE_opt,step1c_PBE_opt,step2_PBE_static,step3_PBE_WAVECAR,step3_band_plot → /home/wangchao/Fullerene_Network/C20/qTPC20-r/result
auto-fetch qTPC24: step1a_PBE_opt,step1b_PBE_opt,step1c_PBE_opt,step2_PBE_static,step3_PBE_WAVECAR,step3_band_plot → /home/wangchao/Fullerene_Network/C24/qTPC24/result
auto-fetch qTPC24-Mg1: step1a_PBE_opt,step1b_PBE_opt → /home/wangchao/Fullerene_Network/qTPC24-Mg1/result
qTPC24-Mg1: fetch S1a_ion 失败。tar: This does not look like a tar archive
tar: Exiting with failure status due to previous errors

auto Mg2C60[band|S2_static]: gen 完成。[DONE] step2_PBE_static is ready (vasp_std)
auto Mg2C60[band|S2_static]: 已提交 Mg2C60-band-S2_static (jobid=3581127)
auto qHPC60[band|S1b_cell]: gen 失败。[OK] POSCAR 已经是原胞（空间群 P2/c (#13)，120 原子）
[..] 维度：2D — 自动判定：沿 c 轴真空 21.8 Å（各向真空 a=0.4, b=1.0, c=21.8 Å）
[..] 模板：incar_2d.tpl + submit_std_2d.tpl
[ERROR] /public/home/wangchao/Fullerene_Network/work/qHPC60/step1a_PBE_opt/CONTCAR 不完整：空文件（上一步还没写出结构）。
        上一段弛豫很可能还在跑（CONTCAR 写了一半）——
        等 tf 里上一段变 done 再生成；确认已正常结束就检查该文件内容。
+-------------+------+------+-----+----------+-----------+------------+-------------+---------+-------------+
| Material    | tt   | hpc  | dim | S1_relax | S2_static | S3_WAVECAR | S3.1_plot   | S4_HSE  | S4.1_plot   |
+=============+======+======+=====+==========+===========+============+=============+=========+=============+
| Mg2C60      | band | jzzn | 3D  | done     | waiting   | waiting    | not started | waiting | not started |
|             |      |      |     | -        | -         | -          | -           | -       | -           |
| qHPC20      | band | jzzn | 2D  | done     | done      | done       | completed   | error   | not started |
|             |      |      |     | -        | -         | -          | -           | -       | -           |
| qHPC24      | band | jzzn | 2D  | done     | done      | error      | not started | waiting | not started |
|             |      |      |     | -        | -         | -          | -           | -       | -           |
| qHPC36-D6h  | band | jzzn | 2D  | done     | done      | error      | not started | waiting | not started |
|             |      |      |     | -        | -         | -          | -           | -       | -           |
| qHPC60      | band | jzzn | 2D  | waiting  | waiting   | waiting    | not started | waiting | not started |
|             |      |      |     | S1b_cell | -         | -          | -           | -       | -           |
| qTP1C60     | band | jzzn | 2D  | done     | done      | error      | not started | waiting | not started |
|             |      |      |     | -        | -         | -          | -           | -       | -           |
| qTP2C36-D2d | band | jzzn | 2D  | done     | done      | error      | not started | waiting | not started |
|             |      |      |     | -        | -         | -          | -           | -       | -           |
| qTP2C60     | band | jzzn | 2D  | done     | done      | error      | not started | waiting | not started |
|             |      |      |     | -        | -         | -          | -           | -       | -           |
| qTPC20-b    | band | jzzn | 2D  | done     | done      | done       | completed   | error   | not started |
|             |      |      |     | -        | -         | -          | -           | -       | -           |
| qTPC20-r    | band | jzzn | 2D  | done     | done      | done       | completed   | error   | not started |
|             |      |      |     | -        | -         | -          | -           | -       | -           |
| qTPC24      | band | jzzn | 2D  | done     | done      | done       | completed   | error   | not started |
|             |      |      |     | -        | -         | -          | -           | -       | -           |
| qTPC24-Mg1  | band | jzzn | 2D  | error    | waiting   | waiting    | not started | waiting | not started |
|             |      |      |     | S1c_fine | -         | -          | -           | -       | -           |
+-------------+------+------+-----+----------+-----------+------------+-------------+---------+-------------+
Total: 12 | Done: 0 | Waiting: 0 | Actionable: 12

FAILED / NEEDS ATTENTION:
  [band] qHPC20                 S4_HSE     OUTCAR incomplete
  [band] qHPC24                 S3_WAVECAR WAVECAR too small (0B)
  [band] qHPC36-D6h             S3_WAVECAR WAVECAR too small (0B)
  [band] qTP1C60                S3_WAVECAR WAVECAR too small (0B)
  [band] qTP2C36-D2d            S3_WAVECAR WAVECAR too small (0B)
  [band] qTP2C60                S3_WAVECAR WAVECAR too small (0B)
  [band] qTPC20-b               S4_HSE     OUTCAR incomplete
  [band] qTPC20-r               S4_HSE     OUTCAR incomplete
  [band] qTPC24                 S4_HSE     OUTCAR incomplete
  [band] qTPC24-Mg1             S1c_fine   c 未收敛 [unknown] 还没有完成的离子步
auto qHPC20[band|S1a_ion]: gen 完成。[DONE] step1a_PBE_opt 已生成（阶段 a），可提交
auto qHPC20[band|S1a_ion]: 已提交 qHPC20-band-S1a_ion (jobid=3581136)
auto qHPC24[band|S1a_ion]: gen 完成。[DONE] step1a_PBE_opt 已生成（阶段 a），可提交
auto qHPC24[band|S1a_ion]: 已提交 qHPC24-band-S1a_ion (jobid=3581137)
auto qHPC36-D6h[band|S1a_ion]: gen 完成。[DONE] step1a_PBE_opt 已生成（阶段 a），可提交
auto qHPC36-D6h[band|S1a_ion]: 已提交 qHPC36-D6h-band-S1a_ion (jobid=3581138)
auto qHPC60[band|S1a_ion]: gen 完成。[DONE] step1a_PBE_opt 已生成（阶段 a），可提交
auto qHPC60[band|S1a_ion]: 已提交 qHPC60-band-S1a_ion (jobid=3581139)
auto qTP1C60[band|S1a_ion]: gen 完成。[DONE] step1a_PBE_opt 已生成（阶段 a），可提交
auto qTP1C60[band|S1a_ion]: 已提交 qTP1C60-band-S1a_ion (jobid=3581140)
auto qTP2C36-D2d[band|S1a_ion]: gen 完成。[DONE] step1a_PBE_opt 已生成（阶段 a），可提交
auto qTP2C36-D2d[band|S1a_ion]: 已提交 qTP2C36-D2d-band-S1a_ion (jobid=3581141)
auto qTP2C60[band|S1a_ion]: gen 完成。[DONE] step1a_PBE_opt 已生成（阶段 a），可提交
auto qTP2C60[band|S1a_ion]: 已提交 qTP2C60-band-S1a_ion (jobid=3581142)
auto qTPC20-b[band|S1a_ion]: gen 完成。[DONE] step1a_PBE_opt 已生成（阶段 a），可提交
auto qTPC20-b[band|S1a_ion]: 已提交 qTPC20-b-band-S1a_ion (jobid=3581143)
auto qTPC20-r[band|S1a_ion]: gen 完成。[DONE] step1a_PBE_opt 已生成（阶段 a），可提交
auto qTPC20-r[band|S1a_ion]: 已提交 qTPC20-r-band-S1a_ion (jobid=3581144)
auto qTPC24[band|S1a_ion]: gen 完成。[DONE] step1a_PBE_opt 已生成（阶段 a），可提交
auto qTPC24[band|S1a_ion]: 已提交 qTPC24-band-S1a_ion (jobid=3581146)
auto qTPC24-Mg1[band|S1a_ion]: gen 完成。[DONE] step1a_PBE_opt 已生成（阶段 a），可提交
auto qTPC24-Mg1[band|S1a_ion]: 已提交 qTPC24-Mg1-band-S1a_ion (jobid=3581147)
+-------------+------+------+-----+----------+----------------------+------------+-------------+---------+-------------+
| Material    | tt   | hpc  | dim | S1_relax | S2_static            | S3_WAVECAR | S3.1_plot   | S4_HSE  | S4.1_plot   |
+=============+======+======+=====+==========+======================+============+=============+=========+=============+
| Mg2C60      | band | jzzn | 3D  | done     | pd                   | waiting    | not started | waiting | not started |
|             |      |      |     | -        | 3581127 ((Priority)) | -          | -           | -       | -           |
| qHPC20      | band | jzzn | -   | waiting  | waiting              | waiting    | not started | waiting | not started |
|             |      |      |     | S1a_ion  | -                    | -          | -           | -       | -           |
| qHPC24      | band | jzzn | -   | waiting  | waiting              | waiting    | not started | waiting | not started |
|             |      |      |     | S1a_ion  | -                    | -          | -           | -       | -           |
| qHPC36-D6h  | band | jzzn | -   | waiting  | waiting              | waiting    | not started | waiting | not started |
|             |      |      |     | S1a_ion  | -                    | -          | -           | -       | -           |
| qHPC60      | band | jzzn | -   | waiting  | waiting              | waiting    | not started | waiting | not started |
|             |      |      |     | S1a_ion  | -                    | -          | -           | -       | -           |
| qTP1C60     | band | jzzn | -   | waiting  | waiting              | waiting    | not started | waiting | not started |
|             |      |      |     | S1a_ion  | -                    | -          | -           | -       | -           |
| qTP2C36-D2d | band | jzzn | -   | waiting  | waiting              | waiting    | not started | waiting | not started |
|             |      |      |     | S1a_ion  | -                    | -          | -           | -       | -           |
| qTP2C60     | band | jzzn | -   | waiting  | waiting              | waiting    | not started | waiting | not started |
|             |      |      |     | S1a_ion  | -                    | -          | -           | -       | -           |
| qTPC20-b    | band | jzzn | -   | waiting  | waiting              | waiting    | not started | waiting | not started |
|             |      |      |     | S1a_ion  | -                    | -          | -           | -       | -           |
| qTPC20-r    | band | jzzn | -   | waiting  | waiting              | waiting    | not started | waiting | not started |
|             |      |      |     | S1a_ion  | -                    | -          | -           | -       | -           |
| qTPC24      | band | jzzn | -   | waiting  | waiting              | waiting    | not started | waiting | not started |
|             |      |      |     | S1a_ion  | -                    | -          | -           | -       | -           |
| qTPC24-Mg1  | band | jzzn | -   | waiting  | waiting              | waiting    | not started | waiting | not started |
|             |      |      |     | S1a_ion  | -                    | -          | -           | -       | -           |
+-------------+------+------+-----+----------+----------------------+------------+-------------+---------+-------------+
Total: 12 | Done: 0 | Waiting: 1 | Actionable: 11
+-------------+------+------+-----+----------------------+----------------------+------------+-------------+---------+-------------+
| Material    | tt   | hpc  | dim | S1_relax             | S2_static            | S3_WAVECAR | S3.1_plot   | S4_HSE  | S4.1_plot   |
+=============+======+======+=====+======================+======================+============+=============+=========+=============+
| Mg2C60      | band | jzzn | 3D  | done                 | pd                   | waiting    | not started | waiting | not started |
|             |      |      |     | -                    | 3581127 ((Priority)) | -          | -           | -       | -           |
| qHPC20      | band | jzzn | 2D  | pd                   | waiting              | waiting    | not started | waiting | not started |
|             |      |      |     | 3581136 ((Priority)) | -                    | -          | -           | -       | -           |
| qHPC24      | band | jzzn | 2D  | pd                   | waiting              | waiting    | not started | waiting | not started |
|             |      |      |     | 3581137 ((Priority)) | -                    | -          | -           | -       | -           |
| qHPC36-D6h  | band | jzzn | 2D  | pd                   | waiting              | waiting    | not started | waiting | not started |
|             |      |      |     | 3581138 ((Priority)) | -                    | -          | -           | -       | -           |
| qHPC60      | band | jzzn | 2D  | pd                   | waiting              | waiting    | not started | waiting | not started |
|             |      |      |     | 3581139 ((Priority)) | -                    | -          | -           | -       | -           |
| qTP1C60     | band | jzzn | 2D  | pd                   | waiting              | waiting    | not started | waiting | not started |
|             |      |      |     | 3581140 ((Priority)) | -                    | -          | -           | -       | -           |
| qTP2C36-D2d | band | jzzn | 2D  | pd                   | waiting              | waiting    | not started | waiting | not started |
|             |      |      |     | 3581141 ((Priority)) | -                    | -          | -           | -       | -           |
| qTP2C60     | band | jzzn | 2D  | pd                   | waiting              | waiting    | not started | waiting | not started |
|             |      |      |     | 3581142 ((Priority)) | -                    | -          | -           | -       | -           |
| qTPC20-b    | band | jzzn | 2D  | pd                   | waiting              | waiting    | not started | waiting | not started |
|             |      |      |     | 3581143 ((Priority)) | -                    | -          | -           | -       | -           |
| qTPC20-r    | band | jzzn | 2D  | pd                   | waiting              | waiting    | not started | waiting | not started |
|             |      |      |     | 3581144 ((Priority)) | -                    | -          | -           | -       | -           |
| qTPC24      | band | jzzn | 2D  | pd                   | waiting              | waiting    | not started | waiting | not started |
|             |      |      |     | 3581146 ((Priority)) | -                    | -          | -           | -       | -           |
| qTPC24-Mg1  | band | jzzn | 2D  | pd                   | waiting              | waiting    | not started | waiting | not started |
|             |      |      |     | 3581147 ((Priority)) | -                    | -          | -           | -       | -           |
+-------------+------+------+-----+----------------------+----------------------+------------+-------------+---------+-------------+
Total: 12 | Done: 0 | Waiting: 12 | Actionable: 0
+-------------+------+------+-----+----------------------+----------------------+------------+-------------+---------+-------------+
| Material    | tt   | hpc  | dim | S1_relax             | S2_static            | S3_WAVECAR | S3.1_plot   | S4_HSE  | S4.1_plot   |
+=============+======+======+=====+======================+======================+============+=============+=========+=============+
| Mg2C60      | band | jzzn | 3D  | done                 | pd                   | waiting    | not started | waiting | not started |
|             |      |      |     | -                    | 3581127 ((Priority)) | -          | -           | -       | -           |
| qHPC20      | band | jzzn | 2D  | scancel              | waiting              | waiting    | not started | waiting | not started |
|             |      |      |     | S1a_ion              | -                    | -          | -           | -       | -           |
| qHPC24      | band | jzzn | 2D  | scancel              | waiting              | waiting    | not started | waiting | not started |
|             |      |      |     | S1a_ion              | -                    | -          | -           | -       | -           |
| qHPC36-D6h  | band | jzzn | 2D  | scancel              | waiting              | waiting    | not started | waiting | not started |
|             |      |      |     | S1a_ion              | -                    | -          | -           | -       | -           |
| qHPC60      | band | jzzn | 2D  | scancel              | waiting              | waiting    | not started | waiting | not started |
|             |      |      |     | S1a_ion              | -                    | -          | -           | -       | -           |
| qTP1C60     | band | jzzn | 2D  | scancel              | waiting              | waiting    | not started | waiting | not started |
|             |      |      |     | S1a_ion              | -                    | -          | -           | -       | -           |
| qTP2C36-D2d | band | jzzn | 2D  | scancel              | waiting              | waiting    | not started | waiting | not started |
|             |      |      |     | S1a_ion              | -                    | -          | -           | -       | -           |
| qTP2C60     | band | jzzn | 2D  | scancel              | waiting              | waiting    | not started | waiting | not started |
|             |      |      |     | S1a_ion              | -                    | -          | -           | -       | -           |
| qTPC20-b    | band | jzzn | 2D  | scancel              | waiting              | waiting    | not started | waiting | not started |
|             |      |      |     | S1a_ion              | -                    | -          | -           | -       | -           |
| qTPC20-r    | band | jzzn | 2D  | scancel              | waiting              | waiting    | not started | waiting | not started |
|             |      |      |     | S1a_ion              | -                    | -          | -           | -       | -           |
| qTPC24      | band | jzzn | 2D  | scancel              | waiting              | waiting    | not started | waiting | not started |
|             |      |      |     | S1a_ion              | -                    | -          | -           | -       | -           |
| qTPC24-Mg1  | band | jzzn | 2D  | pd                   | waiting              | waiting    | not started | waiting | not started |
|             |      |      |     | 3581147 ((Priority)) | -                    | -          | -           | -       | -           |
+-------------+------+------+-----+----------------------+----------------------+------------+-------------+---------+-------------+
Total: 12 | Done: 0 | Waiting: 2 | Actionable: 10 | Scancel: 10

SCANCELLED（tf stop 取消，auto 不会重跑；重跑用 -status scancel start / rerun）:
  [band] qHPC20                 S1a_ion
  [band] qHPC24                 S1a_ion
  [band] qHPC36-D6h             S1a_ion
  [band] qHPC60                 S1a_ion
  [band] qTP1C60                S1a_ion
  [band] qTP2C36-D2d            S1a_ion
  [band] qTP2C60                S1a_ion
  [band] qTPC20-b               S1a_ion
  [band] qTPC20-r               S1a_ion
  [band] qTPC24                 S1a_ion
[18:39:41] 无变化
[18:45:08] 无变化
[18:50:39] 无变化
auto Mg2C60[band|S1a_ion]: gen 完成。[DONE] step1a_PBE_opt 已生成（阶段 a），可提交
auto Mg2C60[band|S1a_ion]: 已提交 Mg2C60-band-S1a_ion (jobid=3581188)
+-------------+------+------+-----+----------------------+----------------------+------------+-------------+---------+-------------+
| Material    | tt   | hpc  | dim | S1_relax             | S2_static            | S3_WAVECAR | S3.1_plot   | S4_HSE  | S4.1_plot   |
+=============+======+======+=====+======================+======================+============+=============+=========+=============+
| Mg2C60      | band | jzzn | -   | waiting              | pd                   | waiting    | not started | waiting | not started |
|             |      |      |     | S1a_ion              | 3581127 ((Priority)) | -          | -           | -       | -           |
| qHPC20      | band | jzzn | -   | scancel              | waiting              | waiting    | not started | waiting | not started |
|             |      |      |     | S1a_ion              | -                    | -          | -           | -       | -           |
| qHPC24      | band | jzzn | -   | scancel              | waiting              | waiting    | not started | waiting | not started |
|             |      |      |     | S1a_ion              | -                    | -          | -           | -       | -           |
| qHPC36-D6h  | band | jzzn | -   | scancel              | waiting              | waiting    | not started | waiting | not started |
|             |      |      |     | S1a_ion              | -                    | -          | -           | -       | -           |
| qHPC60      | band | jzzn | -   | scancel              | waiting              | waiting    | not started | waiting | not started |
|             |      |      |     | S1a_ion              | -                    | -          | -           | -       | -           |
| qTP1C60     | band | jzzn | -   | scancel              | waiting              | waiting    | not started | waiting | not started |
|             |      |      |     | S1a_ion              | -                    | -          | -           | -       | -           |
| qTP2C36-D2d | band | jzzn | -   | scancel              | waiting              | waiting    | not started | waiting | not started |
|             |      |      |     | S1a_ion              | -                    | -          | -           | -       | -           |
| qTP2C60     | band | jzzn | -   | scancel              | waiting              | waiting    | not started | waiting | not started |
|             |      |      |     | S1a_ion              | -                    | -          | -           | -       | -           |
| qTPC20-b    | band | jzzn | -   | scancel              | waiting              | waiting    | not started | waiting | not started |
|             |      |      |     | S1a_ion              | -                    | -          | -           | -       | -           |
| qTPC20-r    | band | jzzn | -   | scancel              | waiting              | waiting    | not started | waiting | not started |
|             |      |      |     | S1a_ion              | -                    | -          | -           | -       | -           |
| qTPC24      | band | jzzn | -   | scancel              | waiting              | waiting    | not started | waiting | not started |
|             |      |      |     | S1a_ion              | -                    | -          | -           | -       | -           |
| qTPC24-Mg1  | band | jzzn | -   | pd                   | waiting              | waiting    | not started | waiting | not started |
|             |      |      |     | 3581147 ((Priority)) | -                    | -          | -           | -       | -           |
+-------------+------+------+-----+----------------------+----------------------+------------+-------------+---------+-------------+
Total: 12 | Done: 0 | Waiting: 2 | Actionable: 11 | Scancel: 10

SCANCELLED（tf stop 取消，auto 不会重跑；重跑用 -status scancel start / rerun）:
  [band] qHPC20                 S1a_ion
  [band] qHPC24                 S1a_ion
  [band] qHPC36-D6h             S1a_ion
  [band] qHPC60                 S1a_ion
  [band] qTP1C60                S1a_ion
  [band] qTP2C36-D2d            S1a_ion
  [band] qTP2C60                S1a_ion
  [band] qTPC20-b               S1a_ion
  [band] qTPC20-r               S1a_ion
  [band] qTPC24                 S1a_ion
auto qTP1C60[band|S1a_ion]: gen 完成。[DONE] step1a_PBE_opt 已生成（阶段 a），可提交
auto qTP1C60[band|S1a_ion]: 已提交 qTP1C60-band-S1a_ion (jobid=3581199)
auto qTP2C60[band|S1a_ion]: gen 完成。[DONE] step1a_PBE_opt 已生成（阶段 a），可提交
auto qTP2C60[band|S1a_ion]: 已提交 qTP2C60-band-S1a_ion (jobid=3581200)
+-------------+------+------+-----+----------------------+----------------------+------------+-------------+---------+-------------+
| Material    | tt   | hpc  | dim | S1_relax             | S2_static            | S3_WAVECAR | S3.1_plot   | S4_HSE  | S4.1_plot   |
+=============+======+======+=====+======================+======================+============+=============+=========+=============+
| Mg2C60      | band | jzzn | 3D  | pd                   | pd                   | waiting    | not started | waiting | not started |
|             |      |      |     | 3581188 ((Priority)) | 3581127 ((Priority)) | -          | -           | -       | -           |
| qHPC20      | band | jzzn | -   | scancel              | waiting              | waiting    | not started | waiting | not started |
|             |      |      |     | S1a_ion              | -                    | -          | -           | -       | -           |
| qHPC24      | band | jzzn | -   | scancel              | waiting              | waiting    | not started | waiting | not started |
|             |      |      |     | S1a_ion              | -                    | -          | -           | -       | -           |
| qHPC36-D6h  | band | jzzn | -   | scancel              | waiting              | waiting    | not started | waiting | not started |
|             |      |      |     | S1a_ion              | -                    | -          | -           | -       | -           |
| qHPC60      | band | jzzn | -   | scancel              | waiting              | waiting    | not started | waiting | not started |
|             |      |      |     | S1a_ion              | -                    | -          | -           | -       | -           |
| qTP1C60     | band | jzzn | -   | waiting              | waiting              | waiting    | not started | waiting | not started |
|             |      |      |     | S1a_ion              | -                    | -          | -           | -       | -           |
| qTP2C36-D2d | band | jzzn | -   | scancel              | waiting              | waiting    | not started | waiting | not started |
|             |      |      |     | S1a_ion              | -                    | -          | -           | -       | -           |
| qTP2C60     | band | jzzn | -   | waiting              | waiting              | waiting    | not started | waiting | not started |
|             |      |      |     | S1a_ion              | -                    | -          | -           | -       | -           |
| qTPC20-b    | band | jzzn | -   | scancel              | waiting              | waiting    | not started | waiting | not started |
|             |      |      |     | S1a_ion              | -                    | -          | -           | -       | -           |
| qTPC20-r    | band | jzzn | -   | scancel              | waiting              | waiting    | not started | waiting | not started |
|             |      |      |     | S1a_ion              | -                    | -          | -           | -       | -           |
| qTPC24      | band | jzzn | -   | scancel              | waiting              | waiting    | not started | waiting | not started |
|             |      |      |     | S1a_ion              | -                    | -          | -           | -       | -           |
| qTPC24-Mg1  | band | jzzn | -   | pd                   | waiting              | waiting    | not started | waiting | not started |
|             |      |      |     | 3581147 ((Priority)) | -                    | -          | -           | -       | -           |
+-------------+------+------+-----+----------------------+----------------------+------------+-------------+---------+-------------+
Total: 12 | Done: 0 | Waiting: 2 | Actionable: 10 | Scancel: 8

SCANCELLED（tf stop 取消，auto 不会重跑；重跑用 -status scancel start / rerun）:
  [band] qHPC20                 S1a_ion
  [band] qHPC24                 S1a_ion
  [band] qHPC36-D6h             S1a_ion
  [band] qHPC60                 S1a_ion
  [band] qTP2C36-D2d            S1a_ion
  [band] qTPC20-b               S1a_ion
  [band] qTPC20-r               S1a_ion
  [band] qTPC24                 S1a_ion
+-------------+------+------+-----+----------------------+-----------+------------+-------------+---------+-------------+
| Material    | tt   | hpc  | dim | S1_relax             | S2_static | S3_WAVECAR | S3.1_plot   | S4_HSE  | S4.1_plot   |
+=============+======+======+=====+======================+===========+============+=============+=========+=============+
| Mg2C60      | band | jzzn | 3D  | running              | waiting   | waiting    | not started | waiting | not started |
|             |      |      |     | cu57 3581188 0:49    | -         | -          | -           | -       | -           |
| qHPC20      | band | jzzn | -   | scancel              | waiting   | waiting    | not started | waiting | not started |
|             |      |      |     | S1a_ion              | -         | -          | -           | -       | -           |
| qHPC24      | band | jzzn | -   | scancel              | waiting   | waiting    | not started | waiting | not started |
|             |      |      |     | S1a_ion              | -         | -          | -           | -       | -           |
| qHPC36-D6h  | band | jzzn | -   | scancel              | waiting   | waiting    | not started | waiting | not started |
|             |      |      |     | S1a_ion              | -         | -          | -           | -       | -           |
| qHPC60      | band | jzzn | -   | scancel              | waiting   | waiting    | not started | waiting | not started |
|             |      |      |     | S1a_ion              | -         | -          | -           | -       | -           |
| qTP1C60     | band | jzzn | 2D  | pd                   | waiting   | waiting    | not started | waiting | not started |
|             |      |      |     | 3581199 ((Priority)) | -         | -          | -           | -       | -           |
| qTP2C36-D2d | band | jzzn | -   | scancel              | waiting   | waiting    | not started | waiting | not started |
|             |      |      |     | S1a_ion              | -         | -          | -           | -       | -           |
| qTP2C60     | band | jzzn | 2D  | pd                   | waiting   | waiting    | not started | waiting | not started |
|             |      |      |     | 3581200 ((Priority)) | -         | -          | -           | -       | -           |
| qTPC20-b    | band | jzzn | -   | scancel              | waiting   | waiting    | not started | waiting | not started |
|             |      |      |     | S1a_ion              | -         | -          | -           | -       | -           |
| qTPC20-r    | band | jzzn | -   | scancel              | waiting   | waiting    | not started | waiting | not started |
|             |      |      |     | S1a_ion              | -         | -          | -           | -       | -           |
| qTPC24      | band | jzzn | -   | scancel              | waiting   | waiting    | not started | waiting | not started |
|             |      |      |     | S1a_ion              | -         | -          | -           | -       | -           |
| qTPC24-Mg1  | band | jzzn | -   | pd                   | waiting   | waiting    | not started | waiting | not started |
|             |      |      |     | 3581147 ((Priority)) | -         | -          | -           | -       | -           |
+-------------+------+------+-----+----------------------+-----------+------------+-------------+---------+-------------+
Total: 12 | Done: 0 | Waiting: 4 | Actionable: 8 | Scancel: 8

SCANCELLED（tf stop 取消，auto 不会重跑；重跑用 -status scancel start / rerun）:
  [band] qHPC20                 S1a_ion
  [band] qHPC24                 S1a_ion
  [band] qHPC36-D6h             S1a_ion
  [band] qHPC60                 S1a_ion
  [band] qTP2C36-D2d            S1a_ion
  [band] qTPC20-b               S1a_ion
  [band] qTPC20-r               S1a_ion
  [band] qTPC24                 S1a_ion
[19:12:56] 无变化
auto Mg2C60[band|S1a_ion]: gen 完成。[DONE] step1a_PBE_opt 已生成（阶段 a），可提交
auto Mg2C60[band|S1a_ion]: 已提交 Mg2C60-band-S1a_ion (jobid=3581235)
auto qHPC20[band|S1a_ion]: gen 完成。[DONE] step1a_PBE_opt 已生成（阶段 a），可提交
auto qHPC20[band|S1a_ion]: 已提交 qHPC20-band-S1a_ion (jobid=3581237)
auto qHPC24[band|S1a_ion]: gen 完成。[DONE] step1a_PBE_opt 已生成（阶段 a），可提交
auto qHPC24[band|S1a_ion]: 已提交 qHPC24-band-S1a_ion (jobid=3581238)
auto qHPC36-D6h[band|S1a_ion]: gen 完成。[DONE] step1a_PBE_opt 已生成（阶段 a），可提交
auto qHPC36-D6h[band|S1a_ion]: 已提交 qHPC36-D6h-band-S1a_ion (jobid=3581239)
auto qHPC60[band|S1a_ion]: gen 完成。[DONE] step1a_PBE_opt 已生成（阶段 a），可提交
auto qHPC60[band|S1a_ion]: 已提交 qHPC60-band-S1a_ion (jobid=3581240)
auto qTP2C36-D2d[band|S1a_ion]: gen 完成。[DONE] step1a_PBE_opt 已生成（阶段 a），可提交
auto qTP2C36-D2d[band|S1a_ion]: 已提交 qTP2C36-D2d-band-S1a_ion (jobid=3581242)
auto qTPC20-b[band|S1a_ion]: gen 完成。[DONE] step1a_PBE_opt 已生成（阶段 a），可提交
auto qTPC20-b[band|S1a_ion]: 已提交 qTPC20-b-band-S1a_ion (jobid=3581243)
auto qTPC20-r[band|S1a_ion]: gen 完成。[DONE] step1a_PBE_opt 已生成（阶段 a），可提交
auto qTPC20-r[band|S1a_ion]: 已提交 qTPC20-r-band-S1a_ion (jobid=3581244)
auto qTPC24[band|S1a_ion]: gen 完成。[DONE] step1a_PBE_opt 已生成（阶段 a），可提交
auto qTPC24[band|S1a_ion]: 已提交 qTPC24-band-S1a_ion (jobid=3581245)
+-------------+------+------+-----+----------------------+-----------+------------+-------------+---------+-------------+
| Material    | tt   | hpc  | dim | S1_relax             | S2_static | S3_WAVECAR | S3.1_plot   | S4_HSE  | S4.1_plot   |
+=============+======+======+=====+======================+===========+============+=============+=========+=============+
| Mg2C60      | band | jzzn | -   | waiting              | waiting   | waiting    | not started | waiting | not started |
|             |      |      |     | S1a_ion              | -         | -          | -           | -       | -           |
| qHPC20      | band | jzzn | -   | waiting              | waiting   | waiting    | not started | waiting | not started |
|             |      |      |     | S1a_ion              | -         | -          | -           | -       | -           |
| qHPC24      | band | jzzn | -   | waiting              | waiting   | waiting    | not started | waiting | not started |
|             |      |      |     | S1a_ion              | -         | -          | -           | -       | -           |
| qHPC36-D6h  | band | jzzn | -   | waiting              | waiting   | waiting    | not started | waiting | not started |
|             |      |      |     | S1a_ion              | -         | -          | -           | -       | -           |
| qHPC60      | band | jzzn | -   | waiting              | waiting   | waiting    | not started | waiting | not started |
|             |      |      |     | S1a_ion              | -         | -          | -           | -       | -           |
| qTP1C60     | band | jzzn | -   | pd                   | waiting   | waiting    | not started | waiting | not started |
|             |      |      |     | 3581199 ((Priority)) | -         | -          | -           | -       | -           |
| qTP2C36-D2d | band | jzzn | -   | waiting              | waiting   | waiting    | not started | waiting | not started |
|             |      |      |     | S1a_ion              | -         | -          | -           | -       | -           |
| qTP2C60     | band | jzzn | -   | pd                   | waiting   | waiting    | not started | waiting | not started |
|             |      |      |     | 3581200 ((Priority)) | -         | -          | -           | -       | -           |
| qTPC20-b    | band | jzzn | -   | waiting              | waiting   | waiting    | not started | waiting | not started |
|             |      |      |     | S1a_ion              | -         | -          | -           | -       | -           |
| qTPC20-r    | band | jzzn | -   | waiting              | waiting   | waiting    | not started | waiting | not started |
|             |      |      |     | S1a_ion              | -         | -          | -           | -       | -           |
| qTPC24      | band | jzzn | -   | waiting              | waiting   | waiting    | not started | waiting | not started |
|             |      |      |     | S1a_ion              | -         | -          | -           | -       | -           |
| qTPC24-Mg1  | band | jzzn | -   | pd                   | waiting   | waiting    | not started | waiting | not started |
|             |      |      |     | 3581147 ((Priority)) | -         | -          | -           | -       | -           |
+-------------+------+------+-----+----------------------+-----------+------------+-------------+---------+-------------+
Total: 12 | Done: 0 | Waiting: 3 | Actionable: 9
+-------------+------+------+-----+----------------------+-----------+------------+-------------+---------+-------------+
| Material    | tt   | hpc  | dim | S1_relax             | S2_static | S3_WAVECAR | S3.1_plot   | S4_HSE  | S4.1_plot   |
+=============+======+======+=====+======================+===========+============+=============+=========+=============+
| Mg2C60      | band | jzzn | 3D  | pd                   | waiting   | waiting    | not started | waiting | not started |
|             |      |      |     | 3581235 ((Priority)) | -         | -          | -           | -       | -           |
| qHPC20      | band | jzzn | 2D  | pd                   | waiting   | waiting    | not started | waiting | not started |
|             |      |      |     | 3581237 ((Priority)) | -         | -          | -           | -       | -           |
| qHPC24      | band | jzzn | 2D  | pd                   | waiting   | waiting    | not started | waiting | not started |
|             |      |      |     | 3581238 ((Priority)) | -         | -          | -           | -       | -           |
| qHPC36-D6h  | band | jzzn | 2D  | pd                   | waiting   | waiting    | not started | waiting | not started |
|             |      |      |     | 3581239 ((Priority)) | -         | -          | -           | -       | -           |
| qHPC60      | band | jzzn | 2D  | pd                   | waiting   | waiting    | not started | waiting | not started |
|             |      |      |     | 3581240 ((Priority)) | -         | -          | -           | -       | -           |
| qTP1C60     | band | jzzn | -   | pd                   | waiting   | waiting    | not started | waiting | not started |
|             |      |      |     | 3581199 ((Priority)) | -         | -          | -           | -       | -           |
| qTP2C36-D2d | band | jzzn | 2D  | pd                   | waiting   | waiting    | not started | waiting | not started |
|             |      |      |     | 3581242 ((Priority)) | -         | -          | -           | -       | -           |
| qTP2C60     | band | jzzn | -   | pd                   | waiting   | waiting    | not started | waiting | not started |
|             |      |      |     | 3581200 ((Priority)) | -         | -          | -           | -       | -           |
| qTPC20-b    | band | jzzn | 2D  | pd                   | waiting   | waiting    | not started | waiting | not started |
|             |      |      |     | 3581243 ((Priority)) | -         | -          | -           | -       | -           |
| qTPC20-r    | band | jzzn | 2D  | pd                   | waiting   | waiting    | not started | waiting | not started |
|             |      |      |     | 3581244 ((Priority)) | -         | -          | -           | -       | -           |
| qTPC24      | band | jzzn | 2D  | pd                   | waiting   | waiting    | not started | waiting | not started |
|             |      |      |     | 3581245 ((Priority)) | -         | -          | -           | -       | -           |
| qTPC24-Mg1  | band | jzzn | -   | pd                   | waiting   | waiting    | not started | waiting | not started |
|             |      |      |     | 3581147 ((Priority)) | -         | -          | -           | -       | -           |
+-------------+------+------+-----+----------------------+-----------+------------+-------------+---------+-------------+
Total: 12 | Done: 0 | Waiting: 12 | Actionable: 0
[19:29:55] 无变化
[19:35:16] 无变化
[19:41:32] 无变化
[19:46:53] 无变化
[19:52:11] 无变化
[19:57:31] 无变化
auto qHPC20[band|S1a_ion]: gen 完成。[DONE] step1a_PBE_opt 已生成（阶段 a），可提交
auto qHPC20[band|S1a_ion]: 已提交 qHPC20-band-S1a_ion (jobid=3581333)
auto qHPC24[band|S1a_ion]: gen 完成。[DONE] step1a_PBE_opt 已生成（阶段 a），可提交
auto qHPC24[band|S1a_ion]: 已提交 qHPC24-band-S1a_ion (jobid=3581334)
auto qHPC36-D6h[band|S1a_ion]: gen 完成。[DONE] step1a_PBE_opt 已生成（阶段 a），可提交
auto qHPC36-D6h[band|S1a_ion]: 已提交 qHPC36-D6h-band-S1a_ion (jobid=3581335)
auto qHPC60[band|S1a_ion]: gen 完成。[DONE] step1a_PBE_opt 已生成（阶段 a），可提交
auto qHPC60[band|S1a_ion]: 已提交 qHPC60-band-S1a_ion (jobid=3581336)
auto qTP1C60[band|S1a_ion]: gen 完成。[DONE] step1a_PBE_opt 已生成（阶段 a），可提交
auto qTP1C60[band|S1a_ion]: 已提交 qTP1C60-band-S1a_ion (jobid=3581337)
auto qTP2C36-D2d[band|S1a_ion]: gen 完成。[DONE] step1a_PBE_opt 已生成（阶段 a），可提交
auto qTP2C36-D2d[band|S1a_ion]: 已提交 qTP2C36-D2d-band-S1a_ion (jobid=3581338)
auto qTP2C60[band|S1a_ion]: gen 完成。[DONE] step1a_PBE_opt 已生成（阶段 a），可提交
auto qTP2C60[band|S1a_ion]: 已提交 qTP2C60-band-S1a_ion (jobid=3581339)
auto qTPC20-b[band|S1a_ion]: gen 完成。[DONE] step1a_PBE_opt 已生成（阶段 a），可提交
auto qTPC20-b[band|S1a_ion]: 已提交 qTPC20-b-band-S1a_ion (jobid=3581340)
auto qTPC20-r[band|S1a_ion]: gen 完成。[DONE] step1a_PBE_opt 已生成（阶段 a），可提交
auto qTPC20-r[band|S1a_ion]: 已提交 qTPC20-r-band-S1a_ion (jobid=3581341)
auto qTPC24[band|S1a_ion]: gen 完成。[DONE] step1a_PBE_opt 已生成（阶段 a），可提交
auto qTPC24[band|S1a_ion]: 已提交 qTPC24-band-S1a_ion (jobid=3581342)
auto qTPC24-Mg1[band|S1a_ion]: gen 完成。[DONE] step1a_PBE_opt 已生成（阶段 a），可提交
auto qTPC24-Mg1[band|S1a_ion]: 已提交 qTPC24-Mg1-band-S1a_ion (jobid=3581343)
+-------------+------+------+-----+----------------------+-----------+------------+-------------+---------+-------------+
| Material    | tt   | hpc  | dim | S1_relax             | S2_static | S3_WAVECAR | S3.1_plot   | S4_HSE  | S4.1_plot   |
+=============+======+======+=====+======================+===========+============+=============+=========+=============+
| Mg2C60      | band | jzzn | -   | pd                   | waiting   | waiting    | not started | waiting | not started |
|             |      |      |     | 3581235 ((Priority)) | -         | -          | -           | -       | -           |
| qHPC20      | band | jzzn | -   | waiting              | waiting   | waiting    | not started | waiting | not started |
|             |      |      |     | S1a_ion              | -         | -          | -           | -       | -           |
| qHPC24      | band | jzzn | -   | waiting              | waiting   | waiting    | not started | waiting | not started |
|             |      |      |     | S1a_ion              | -         | -          | -           | -       | -           |
| qHPC36-D6h  | band | jzzn | -   | waiting              | waiting   | waiting    | not started | waiting | not started |
|             |      |      |     | S1a_ion              | -         | -          | -           | -       | -           |
| qHPC60      | band | jzzn | -   | waiting              | waiting   | waiting    | not started | waiting | not started |
|             |      |      |     | S1a_ion              | -         | -          | -           | -       | -           |
| qTP1C60     | band | jzzn | -   | waiting              | waiting   | waiting    | not started | waiting | not started |
|             |      |      |     | S1a_ion              | -         | -          | -           | -       | -           |
| qTP2C36-D2d | band | jzzn | -   | waiting              | waiting   | waiting    | not started | waiting | not started |
|             |      |      |     | S1a_ion              | -         | -          | -           | -       | -           |
| qTP2C60     | band | jzzn | -   | waiting              | waiting   | waiting    | not started | waiting | not started |
|             |      |      |     | S1a_ion              | -         | -          | -           | -       | -           |
| qTPC20-b    | band | jzzn | -   | waiting              | waiting   | waiting    | not started | waiting | not started |
|             |      |      |     | S1a_ion              | -         | -          | -           | -       | -           |
| qTPC20-r    | band | jzzn | -   | waiting              | waiting   | waiting    | not started | waiting | not started |
|             |      |      |     | S1a_ion              | -         | -          | -           | -       | -           |
| qTPC24      | band | jzzn | -   | waiting              | waiting   | waiting    | not started | waiting | not started |
|             |      |      |     | S1a_ion              | -         | -          | -           | -       | -           |
| qTPC24-Mg1  | band | jzzn | -   | waiting              | waiting   | waiting    | not started | waiting | not started |
|             |      |      |     | S1a_ion              | -         | -          | -           | -       | -           |
+-------------+------+------+-----+----------------------+-----------+------------+-------------+---------+-------------+
Total: 12 | Done: 0 | Waiting: 1 | Actionable: 11
+-------------+------+------+-----+----------------------+-----------+------------+-------------+---------+-------------+
| Material    | tt   | hpc  | dim | S1_relax             | S2_static | S3_WAVECAR | S3.1_plot   | S4_HSE  | S4.1_plot   |
+=============+======+======+=====+======================+===========+============+=============+=========+=============+
| Mg2C60      | band | jzzn | -   | pd                   | waiting   | waiting    | not started | waiting | not started |
|             |      |      |     | 3581235 ((Priority)) | -         | -          | -           | -       | -           |
| qHPC20      | band | jzzn | 2D  | pd                   | waiting   | waiting    | not started | waiting | not started |
|             |      |      |     | 3581333 ((Priority)) | -         | -          | -           | -       | -           |
| qHPC24      | band | jzzn | 2D  | pd                   | waiting   | waiting    | not started | waiting | not started |
|             |      |      |     | 3581334 ((Priority)) | -         | -          | -           | -       | -           |
| qHPC36-D6h  | band | jzzn | 2D  | pd                   | waiting   | waiting    | not started | waiting | not started |
|             |      |      |     | 3581335 ((Priority)) | -         | -          | -           | -       | -           |
| qHPC60      | band | jzzn | 2D  | pd                   | waiting   | waiting    | not started | waiting | not started |
|             |      |      |     | 3581336 ((Priority)) | -         | -          | -           | -       | -           |
| qTP1C60     | band | jzzn | 2D  | pd                   | waiting   | waiting    | not started | waiting | not started |
|             |      |      |     | 3581337 ((Priority)) | -         | -          | -           | -       | -           |
| qTP2C36-D2d | band | jzzn | 2D  | pd                   | waiting   | waiting    | not started | waiting | not started |
|             |      |      |     | 3581338 ((Priority)) | -         | -          | -           | -       | -           |
| qTP2C60     | band | jzzn | 2D  | pd                   | waiting   | waiting    | not started | waiting | not started |
|             |      |      |     | 3581339 ((Priority)) | -         | -          | -           | -       | -           |
| qTPC20-b    | band | jzzn | 2D  | pd                   | waiting   | waiting    | not started | waiting | not started |
|             |      |      |     | 3581340 ((Priority)) | -         | -          | -           | -       | -           |
| qTPC20-r    | band | jzzn | 2D  | pd                   | waiting   | waiting    | not started | waiting | not started |
|             |      |      |     | 3581341 ((Priority)) | -         | -          | -           | -       | -           |
| qTPC24      | band | jzzn | 2D  | pd                   | waiting   | waiting    | not started | waiting | not started |
|             |      |      |     | 3581342 ((Priority)) | -         | -          | -           | -       | -           |
| qTPC24-Mg1  | band | jzzn | 2D  | pd                   | waiting   | waiting    | not started | waiting | not started |
|             |      |      |     | 3581343 ((Priority)) | -         | -          | -           | -       | -           |
+-------------+------+------+-----+----------------------+-----------+------------+-------------+---------+-------------+
Total: 12 | Done: 0 | Waiting: 12 | Actionable: 0
[20:14:38] 无变化
[20:20:03] 无变化
[20:25:23] 无变化
[20:30:47] 无变化
[20:36:13] 无变化
[20:41:38] 无变化
[20:47:04] 无变化
[20:52:34] 无变化
[20:57:51] 无变化
[21:03:13] 无变化
[21:08:36] 无变化
[21:13:59] 无变化
[21:19:14] 无变化
[21:24:37] 无变化
[21:29:57] 无变化
[21:35:15] 无变化
[21:40:41] 无变化
[21:46:08] 无变化
[21:51:35] 无变化
[21:56:54] 无变化
[22:02:17] 无变化
[22:07:47] 无变化
[22:13:13] 无变化
[22:18:38] 无变化
[22:24:07] 无变化
[22:29:36] 无变化
[22:35:05] 无变化
[22:40:25] 无变化
[22:45:48] 无变化
[22:51:12] 无变化
[22:56:35] 无变化
[23:01:58] 无变化
[23:07:24] 无变化
[23:12:47] 无变化
[23:18:09] 无变化
[23:23:35] 无变化
[23:28:59] 无变化
[23:34:23] 无变化
[23:39:48] 无变化
[23:45:12] 无变化
[23:50:36] 无变化
[23:56:02] 无变化
[00:01:27] 无变化
[00:06:48] 无变化
auto Mg2C60[band|S1a_ion]: gen 完成。[DONE] step1a_PBE_opt 已生成（阶段 a），可提交
auto Mg2C60[band|S1a_ion]: 已提交 Mg2C60-band-S1a_ion (jobid=3581530)
+-------------+------+------+-----+----------------------+-----------+------------+-------------+---------+-------------+
| Material    | tt   | hpc  | dim | S1_relax             | S2_static | S3_WAVECAR | S3.1_plot   | S4_HSE  | S4.1_plot   |
+=============+======+======+=====+======================+===========+============+=============+=========+=============+
| Mg2C60      | band | jzzn | -   | waiting              | waiting   | waiting    | not started | waiting | not started |
|             |      |      |     | S1a_ion              | -         | -          | -           | -       | -           |
| qHPC20      | band | jzzn | -   | pd                   | waiting   | waiting    | not started | waiting | not started |
|             |      |      |     | 3581333 ((Priority)) | -         | -          | -           | -       | -           |
| qHPC24      | band | jzzn | -   | pd                   | waiting   | waiting    | not started | waiting | not started |
|             |      |      |     | 3581334 ((Priority)) | -         | -          | -           | -       | -           |
| qHPC36-D6h  | band | jzzn | -   | pd                   | waiting   | waiting    | not started | waiting | not started |
|             |      |      |     | 3581335 ((Priority)) | -         | -          | -           | -       | -           |
| qHPC60      | band | jzzn | -   | pd                   | waiting   | waiting    | not started | waiting | not started |
|             |      |      |     | 3581336 ((Priority)) | -         | -          | -           | -       | -           |
| qTP1C60     | band | jzzn | -   | pd                   | waiting   | waiting    | not started | waiting | not started |
|             |      |      |     | 3581337 ((Priority)) | -         | -          | -           | -       | -           |
| qTP2C36-D2d | band | jzzn | -   | pd                   | waiting   | waiting    | not started | waiting | not started |
|             |      |      |     | 3581338 ((Priority)) | -         | -          | -           | -       | -           |
| qTP2C60     | band | jzzn | -   | pd                   | waiting   | waiting    | not started | waiting | not started |
|             |      |      |     | 3581339 ((Priority)) | -         | -          | -           | -       | -           |
| qTPC20-b    | band | jzzn | -   | pd                   | waiting   | waiting    | not started | waiting | not started |
|             |      |      |     | 3581340 ((Priority)) | -         | -          | -           | -       | -           |
| qTPC20-r    | band | jzzn | -   | pd                   | waiting   | waiting    | not started | waiting | not started |
|             |      |      |     | 3581341 ((Priority)) | -         | -          | -           | -       | -           |
| qTPC24      | band | jzzn | -   | pd                   | waiting   | waiting    | not started | waiting | not started |
|             |      |      |     | 3581342 ((Priority)) | -         | -          | -           | -       | -           |
| qTPC24-Mg1  | band | jzzn | -   | pd                   | waiting   | waiting    | not started | waiting | not started |
|             |      |      |     | 3581343 ((Priority)) | -         | -          | -           | -       | -           |
+-------------+------+------+-----+----------------------+-----------+------------+-------------+---------+-------------+
Total: 12 | Done: 0 | Waiting: 11 | Actionable: 1
+-------------+------+------+-----+----------------------+-----------+------------+-------------+---------+-------------+
| Material    | tt   | hpc  | dim | S1_relax             | S2_static | S3_WAVECAR | S3.1_plot   | S4_HSE  | S4.1_plot   |
+=============+======+======+=====+======================+===========+============+=============+=========+=============+
| Mg2C60      | band | jzzn | 3D  | pd                   | waiting   | waiting    | not started | waiting | not started |
|             |      |      |     | 3581530 ((Priority)) | -         | -          | -           | -       | -           |
| qHPC20      | band | jzzn | -   | pd                   | waiting   | waiting    | not started | waiting | not started |
|             |      |      |     | 3581333 ((Priority)) | -         | -          | -           | -       | -           |
| qHPC24      | band | jzzn | -   | pd                   | waiting   | waiting    | not started | waiting | not started |
|             |      |      |     | 3581334 ((Priority)) | -         | -          | -           | -       | -           |
| qHPC36-D6h  | band | jzzn | -   | pd                   | waiting   | waiting    | not started | waiting | not started |
|             |      |      |     | 3581335 ((Priority)) | -         | -          | -           | -       | -           |
| qHPC60      | band | jzzn | -   | pd                   | waiting   | waiting    | not started | waiting | not started |
|             |      |      |     | 3581336 ((Priority)) | -         | -          | -           | -       | -           |
| qTP1C60     | band | jzzn | -   | pd                   | waiting   | waiting    | not started | waiting | not started |
|             |      |      |     | 3581337 ((Priority)) | -         | -          | -           | -       | -           |
| qTP2C36-D2d | band | jzzn | -   | pd                   | waiting   | waiting    | not started | waiting | not started |
|             |      |      |     | 3581338 ((Priority)) | -         | -          | -           | -       | -           |
| qTP2C60     | band | jzzn | -   | pd                   | waiting   | waiting    | not started | waiting | not started |
|             |      |      |     | 3581339 ((Priority)) | -         | -          | -           | -       | -           |
| qTPC20-b    | band | jzzn | -   | pd                   | waiting   | waiting    | not started | waiting | not started |
|             |      |      |     | 3581340 ((Priority)) | -         | -          | -           | -       | -           |
| qTPC20-r    | band | jzzn | -   | pd                   | waiting   | waiting    | not started | waiting | not started |
|             |      |      |     | 3581341 ((Priority)) | -         | -          | -           | -       | -           |
| qTPC24      | band | jzzn | -   | pd                   | waiting   | waiting    | not started | waiting | not started |
|             |      |      |     | 3581342 ((Priority)) | -         | -          | -           | -       | -           |
| qTPC24-Mg1  | band | jzzn | -   | pd                   | waiting   | waiting    | not started | waiting | not started |
|             |      |      |     | 3581343 ((Priority)) | -         | -          | -           | -       | -           |
+-------------+------+------+-----+----------------------+-----------+------------+-------------+---------+-------------+
Total: 12 | Done: 0 | Waiting: 12 | Actionable: 0
[00:23:23] 无变化
[00:28:50] 无变化
[00:34:18] 无变化
[00:39:48] 无变化
[00:45:14] 无变化
[00:50:40] 无变化
[00:56:13] 无变化
[01:01:41] 无变化
[01:07:09] 无变化
[01:12:42] 无变化
[01:18:12] 无变化
[01:23:39] 无变化
[01:29:11] 无变化
[01:34:41] 无变化
[01:40:10] 无变化
+-------------+------+------+-----+----------------------+-----------+------------+-------------+---------+-------------+
| Material    | tt   | hpc  | dim | S1_relax             | S2_static | S3_WAVECAR | S3.1_plot   | S4_HSE  | S4.1_plot   |
+=============+======+======+=====+======================+===========+============+=============+=========+=============+
| Mg2C60      | band | jzzn | 3D  | running              | waiting   | waiting    | not started | waiting | not started |
|             |      |      |     | cu32 3581530 4:01    | -         | -          | -           | -       | -           |
| qHPC20      | band | jzzn | -   | pd                   | waiting   | waiting    | not started | waiting | not started |
|             |      |      |     | 3581333 ((Priority)) | -         | -          | -           | -       | -           |
| qHPC24      | band | jzzn | -   | pd                   | waiting   | waiting    | not started | waiting | not started |
|             |      |      |     | 3581334 ((Priority)) | -         | -          | -           | -       | -           |
| qHPC36-D6h  | band | jzzn | -   | pd                   | waiting   | waiting    | not started | waiting | not started |
|             |      |      |     | 3581335 ((Priority)) | -         | -          | -           | -       | -           |
| qHPC60      | band | jzzn | -   | pd                   | waiting   | waiting    | not started | waiting | not started |
|             |      |      |     | 3581336 ((Priority)) | -         | -          | -           | -       | -           |
| qTP1C60     | band | jzzn | -   | pd                   | waiting   | waiting    | not started | waiting | not started |
|             |      |      |     | 3581337 ((Priority)) | -         | -          | -           | -       | -           |
| qTP2C36-D2d | band | jzzn | -   | pd                   | waiting   | waiting    | not started | waiting | not started |
|             |      |      |     | 3581338 ((Priority)) | -         | -          | -           | -       | -           |
| qTP2C60     | band | jzzn | -   | pd                   | waiting   | waiting    | not started | waiting | not started |
|             |      |      |     | 3581339 ((Priority)) | -         | -          | -           | -       | -           |
| qTPC20-b    | band | jzzn | -   | pd                   | waiting   | waiting    | not started | waiting | not started |
|             |      |      |     | 3581340 ((Priority)) | -         | -          | -           | -       | -           |
| qTPC20-r    | band | jzzn | -   | pd                   | waiting   | waiting    | not started | waiting | not started |
|             |      |      |     | 3581341 ((Priority)) | -         | -          | -           | -       | -           |
| qTPC24      | band | jzzn | -   | pd                   | waiting   | waiting    | not started | waiting | not started |
|             |      |      |     | 3581342 ((Priority)) | -         | -          | -           | -       | -           |
| qTPC24-Mg1  | band | jzzn | -   | pd                   | waiting   | waiting    | not started | waiting | not started |
|             |      |      |     | 3581343 ((Priority)) | -         | -          | -           | -       | -           |
+-------------+------+------+-----+----------------------+-----------+------------+-------------+---------+-------------+
Total: 12 | Done: 0 | Waiting: 12 | Actionable: 0
[01:51:11] 无变化
auto-fetch Mg2C60: step1a_PBE_opt,step1b_PBE_opt,step1c_PBE_opt → /home/wangchao/Fullerene_Network/Mg2C60/result
auto Mg2C60[band|S2_static]: gen 完成。[DONE] step2_PBE_static is ready (vasp_std)
auto Mg2C60[band|S2_static]: 已提交 Mg2C60-band-S2_static (jobid=3581535)
+-------------+------+------+-----+----------------------+-----------+------------+-------------+---------+-------------+
| Material    | tt   | hpc  | dim | S1_relax             | S2_static | S3_WAVECAR | S3.1_plot   | S4_HSE  | S4.1_plot   |
+=============+======+======+=====+======================+===========+============+=============+=========+=============+
| Mg2C60      | band | jzzn | 3D  | done                 | waiting   | waiting    | not started | waiting | not started |
|             |      |      |     | -                    | -         | -          | -           | -       | -           |
| qHPC20      | band | jzzn | -   | pd                   | waiting   | waiting    | not started | waiting | not started |
|             |      |      |     | 3581333 ((Priority)) | -         | -          | -           | -       | -           |
| qHPC24      | band | jzzn | -   | pd                   | waiting   | waiting    | not started | waiting | not started |
|             |      |      |     | 3581334 ((Priority)) | -         | -          | -           | -       | -           |
| qHPC36-D6h  | band | jzzn | -   | pd                   | waiting   | waiting    | not started | waiting | not started |
|             |      |      |     | 3581335 ((Priority)) | -         | -          | -           | -       | -           |
| qHPC60      | band | jzzn | -   | pd                   | waiting   | waiting    | not started | waiting | not started |
|             |      |      |     | 3581336 ((Priority)) | -         | -          | -           | -       | -           |
| qTP1C60     | band | jzzn | -   | pd                   | waiting   | waiting    | not started | waiting | not started |
|             |      |      |     | 3581337 ((Priority)) | -         | -          | -           | -       | -           |
| qTP2C36-D2d | band | jzzn | -   | pd                   | waiting   | waiting    | not started | waiting | not started |
|             |      |      |     | 3581338 ((Priority)) | -         | -          | -           | -       | -           |
| qTP2C60     | band | jzzn | -   | pd                   | waiting   | waiting    | not started | waiting | not started |
|             |      |      |     | 3581339 ((Priority)) | -         | -          | -           | -       | -           |
| qTPC20-b    | band | jzzn | -   | pd                   | waiting   | waiting    | not started | waiting | not started |
|             |      |      |     | 3581340 ((Priority)) | -         | -          | -           | -       | -           |
| qTPC20-r    | band | jzzn | -   | pd                   | waiting   | waiting    | not started | waiting | not started |
|             |      |      |     | 3581341 ((Priority)) | -         | -          | -           | -       | -           |
| qTPC24      | band | jzzn | -   | pd                   | waiting   | waiting    | not started | waiting | not started |
|             |      |      |     | 3581342 ((Priority)) | -         | -          | -           | -       | -           |
| qTPC24-Mg1  | band | jzzn | -   | pd                   | waiting   | waiting    | not started | waiting | not started |
|             |      |      |     | 3581343 ((Priority)) | -         | -          | -           | -       | -           |
+-------------+------+------+-----+----------------------+-----------+------------+-------------+---------+-------------+
Total: 12 | Done: 0 | Waiting: 11 | Actionable: 1
+-------------+------+------+-----+----------------------+----------------------+------------+-------------+---------+-------------+
| Material    | tt   | hpc  | dim | S1_relax             | S2_static            | S3_WAVECAR | S3.1_plot   | S4_HSE  | S4.1_plot   |
+=============+======+======+=====+======================+======================+============+=============+=========+=============+
| Mg2C60      | band | jzzn | 3D  | done                 | pd                   | waiting    | not started | waiting | not started |
|             |      |      |     | -                    | 3581535 ((Priority)) | -          | -           | -       | -           |
| qHPC20      | band | jzzn | -   | pd                   | waiting              | waiting    | not started | waiting | not started |
|             |      |      |     | 3581333 ((Priority)) | -                    | -          | -           | -       | -           |
| qHPC24      | band | jzzn | -   | pd                   | waiting              | waiting    | not started | waiting | not started |
|             |      |      |     | 3581334 ((Priority)) | -                    | -          | -           | -       | -           |
| qHPC36-D6h  | band | jzzn | -   | pd                   | waiting              | waiting    | not started | waiting | not started |
|             |      |      |     | 3581335 ((Priority)) | -                    | -          | -           | -       | -           |
| qHPC60      | band | jzzn | -   | pd                   | waiting              | waiting    | not started | waiting | not started |
|             |      |      |     | 3581336 ((Priority)) | -                    | -          | -           | -       | -           |
| qTP1C60     | band | jzzn | -   | pd                   | waiting              | waiting    | not started | waiting | not started |
|             |      |      |     | 3581337 ((Priority)) | -                    | -          | -           | -       | -           |
| qTP2C36-D2d | band | jzzn | -   | pd                   | waiting              | waiting    | not started | waiting | not started |
|             |      |      |     | 3581338 ((Priority)) | -                    | -          | -           | -       | -           |
| qTP2C60     | band | jzzn | -   | pd                   | waiting              | waiting    | not started | waiting | not started |
|             |      |      |     | 3581339 ((Priority)) | -                    | -          | -           | -       | -           |
| qTPC20-b    | band | jzzn | -   | pd                   | waiting              | waiting    | not started | waiting | not started |
|             |      |      |     | 3581340 ((Priority)) | -                    | -          | -           | -       | -           |
| qTPC20-r    | band | jzzn | -   | pd                   | waiting              | waiting    | not started | waiting | not started |
|             |      |      |     | 3581341 ((Priority)) | -                    | -          | -           | -       | -           |
| qTPC24      | band | jzzn | -   | pd                   | waiting              | waiting    | not started | waiting | not started |
|             |      |      |     | 3581342 ((Priority)) | -                    | -          | -           | -       | -           |
| qTPC24-Mg1  | band | jzzn | -   | pd                   | waiting              | waiting    | not started | waiting | not started |
|             |      |      |     | 3581343 ((Priority)) | -                    | -          | -           | -       | -           |
+-------------+------+------+-----+----------------------+----------------------+------------+-------------+---------+-------------+
Total: 12 | Done: 0 | Waiting: 12 | Actionable: 0
[02:08:41] 无变化
[02:14:10] 无变化
[02:19:44] 无变化
[02:25:12] 无变化
[02:30:41] 无变化
[02:36:14] 无变化
[02:41:46] 无变化
[02:47:17] 无变化
[02:52:51] 无变化
[02:58:22] 无变化
[03:03:56] 无变化
[03:09:26] 无变化
[03:14:53] 无变化
[03:20:24] 无变化
[03:25:52] 无变化
[03:31:17] 无变化
[03:36:47] 无变化
[03:42:17] 无变化
[03:47:47] 无变化
auto-fetch Mg2C60: step2_PBE_static → /home/wangchao/Fullerene_Network/Mg2C60/result
auto Mg2C60[band|S3_WAVECAR]: gen 完成。[..] 展宽：ISMEAR=0 SIGMA=0.05 —— 自动判定：带隙 0.0580 eV -> 半导体/绝缘体
auto Mg2C60[band|S3_WAVECAR]: 已提交 Mg2C60-band-S3_WAVECAR (jobid=3581536)
+-------------+------+------+-----+----------------------+-----------+------------+-------------+---------+-------------+
| Material    | tt   | hpc  | dim | S1_relax             | S2_static | S3_WAVECAR | S3.1_plot   | S4_HSE  | S4.1_plot   |
+=============+======+======+=====+======================+===========+============+=============+=========+=============+
| Mg2C60      | band | jzzn | 3D  | done                 | done      | waiting    | not started | waiting | not started |
|             |      |      |     | -                    | -         | -          | -           | -       | -           |
| qHPC20      | band | jzzn | -   | pd                   | waiting   | waiting    | not started | waiting | not started |
|             |      |      |     | 3581333 ((Priority)) | -         | -          | -           | -       | -           |
| qHPC24      | band | jzzn | -   | pd                   | waiting   | waiting    | not started | waiting | not started |
|             |      |      |     | 3581334 ((Priority)) | -         | -          | -           | -       | -           |
| qHPC36-D6h  | band | jzzn | -   | pd                   | waiting   | waiting    | not started | waiting | not started |
|             |      |      |     | 3581335 ((Priority)) | -         | -          | -           | -       | -           |
| qHPC60      | band | jzzn | -   | pd                   | waiting   | waiting    | not started | waiting | not started |
|             |      |      |     | 3581336 ((Priority)) | -         | -          | -           | -       | -           |
| qTP1C60     | band | jzzn | -   | pd                   | waiting   | waiting    | not started | waiting | not started |
|             |      |      |     | 3581337 ((Priority)) | -         | -          | -           | -       | -           |
| qTP2C36-D2d | band | jzzn | -   | pd                   | waiting   | waiting    | not started | waiting | not started |
|             |      |      |     | 3581338 ((Priority)) | -         | -          | -           | -       | -           |
| qTP2C60     | band | jzzn | -   | pd                   | waiting   | waiting    | not started | waiting | not started |
|             |      |      |     | 3581339 ((Priority)) | -         | -          | -           | -       | -           |
| qTPC20-b    | band | jzzn | -   | pd                   | waiting   | waiting    | not started | waiting | not started |
|             |      |      |     | 3581340 ((Priority)) | -         | -          | -           | -       | -           |
| qTPC20-r    | band | jzzn | -   | pd                   | waiting   | waiting    | not started | waiting | not started |
|             |      |      |     | 3581341 ((Priority)) | -         | -          | -           | -       | -           |
| qTPC24      | band | jzzn | -   | pd                   | waiting   | waiting    | not started | waiting | not started |
|             |      |      |     | 3581342 ((Priority)) | -         | -          | -           | -       | -           |
| qTPC24-Mg1  | band | jzzn | -   | pd                   | waiting   | waiting    | not started | waiting | not started |
|             |      |      |     | 3581343 ((Priority)) | -         | -          | -           | -       | -           |
+-------------+------+------+-----+----------------------+-----------+------------+-------------+---------+-------------+
Total: 12 | Done: 0 | Waiting: 11 | Actionable: 1
+-------------+------+------+-----+----------------------+-----------+-------------------+-------------+---------+-------------+
| Material    | tt   | hpc  | dim | S1_relax             | S2_static | S3_WAVECAR        | S3.1_plot   | S4_HSE  | S4.1_plot   |
+=============+======+======+=====+======================+===========+===================+=============+=========+=============+
| Mg2C60      | band | jzzn | 3D  | done                 | done      | running           | not started | waiting | not started |
|             |      |      |     | -                    | -         | cu02 3581536 5:28 | -           | -       | -           |
| qHPC20      | band | jzzn | -   | pd                   | waiting   | waiting           | not started | waiting | not started |
|             |      |      |     | 3581333 ((Priority)) | -         | -                 | -           | -       | -           |
| qHPC24      | band | jzzn | -   | pd                   | waiting   | waiting           | not started | waiting | not started |
|             |      |      |     | 3581334 ((Priority)) | -         | -                 | -           | -       | -           |
| qHPC36-D6h  | band | jzzn | -   | pd                   | waiting   | waiting           | not started | waiting | not started |
|             |      |      |     | 3581335 ((Priority)) | -         | -                 | -           | -       | -           |
| qHPC60      | band | jzzn | -   | pd                   | waiting   | waiting           | not started | waiting | not started |
|             |      |      |     | 3581336 ((Priority)) | -         | -                 | -           | -       | -           |
| qTP1C60     | band | jzzn | -   | pd                   | waiting   | waiting           | not started | waiting | not started |
|             |      |      |     | 3581337 ((Priority)) | -         | -                 | -           | -       | -           |
| qTP2C36-D2d | band | jzzn | -   | pd                   | waiting   | waiting           | not started | waiting | not started |
|             |      |      |     | 3581338 ((Priority)) | -         | -                 | -           | -       | -           |
| qTP2C60     | band | jzzn | -   | pd                   | waiting   | waiting           | not started | waiting | not started |
|             |      |      |     | 3581339 ((Priority)) | -         | -                 | -           | -       | -           |
| qTPC20-b    | band | jzzn | -   | pd                   | waiting   | waiting           | not started | waiting | not started |
|             |      |      |     | 3581340 ((Priority)) | -         | -                 | -           | -       | -           |
| qTPC20-r    | band | jzzn | -   | pd                   | waiting   | waiting           | not started | waiting | not started |
|             |      |      |     | 3581341 ((Priority)) | -         | -                 | -           | -       | -           |
| qTPC24      | band | jzzn | -   | pd                   | waiting   | waiting           | not started | waiting | not started |
|             |      |      |     | 3581342 ((Priority)) | -         | -                 | -           | -       | -           |
| qTPC24-Mg1  | band | jzzn | -   | pd                   | waiting   | waiting           | not started | waiting | not started |
|             |      |      |     | 3581343 ((Priority)) | -         | -                 | -           | -       | -           |
+-------------+------+------+-----+----------------------+-----------+-------------------+-------------+---------+-------------+
Total: 12 | Done: 0 | Waiting: 12 | Actionable: 0
[04:05:30] 无变化
[04:11:57] 无变化
[04:17:32] 无变化
[04:23:04] 无变化
auto-fetch Mg2C60: step3_PBE_WAVECAR → /home/wangchao/Fullerene_Network/Mg2C60/result
auto Mg2C60[band|S3.1_plot]: 已生成 /public/home/wangchao/Fullerene_Network/work/Mg2C60/step3_band_plot（band_summary.json）
+-------------+------+------+-----+----------------------+-----------+------------+-------------+---------+-------------+
| Material    | tt   | hpc  | dim | S1_relax             | S2_static | S3_WAVECAR | S3.1_plot   | S4_HSE  | S4.1_plot   |
+=============+======+======+=====+======================+===========+============+=============+=========+=============+
| Mg2C60      | band | jzzn | 3D  | done                 | done      | done       | not started | waiting | not started |
|             |      |      |     | -                    | -         | -          | -           | -       | -           |
| qHPC20      | band | jzzn | -   | pd                   | waiting   | waiting    | not started | waiting | not started |
|             |      |      |     | 3581333 ((Priority)) | -         | -          | -           | -       | -           |
| qHPC24      | band | jzzn | -   | pd                   | waiting   | waiting    | not started | waiting | not started |
|             |      |      |     | 3581334 ((Priority)) | -         | -          | -           | -       | -           |
| qHPC36-D6h  | band | jzzn | -   | pd                   | waiting   | waiting    | not started | waiting | not started |
|             |      |      |     | 3581335 ((Priority)) | -         | -          | -           | -       | -           |
| qHPC60      | band | jzzn | -   | pd                   | waiting   | waiting    | not started | waiting | not started |
|             |      |      |     | 3581336 ((Priority)) | -         | -          | -           | -       | -           |
| qTP1C60     | band | jzzn | -   | pd                   | waiting   | waiting    | not started | waiting | not started |
|             |      |      |     | 3581337 ((Priority)) | -         | -          | -           | -       | -           |
| qTP2C36-D2d | band | jzzn | -   | pd                   | waiting   | waiting    | not started | waiting | not started |
|             |      |      |     | 3581338 ((Priority)) | -         | -          | -           | -       | -           |
| qTP2C60     | band | jzzn | -   | pd                   | waiting   | waiting    | not started | waiting | not started |
|             |      |      |     | 3581339 ((Priority)) | -         | -          | -           | -       | -           |
| qTPC20-b    | band | jzzn | -   | pd                   | waiting   | waiting    | not started | waiting | not started |
|             |      |      |     | 3581340 ((Priority)) | -         | -          | -           | -       | -           |
| qTPC20-r    | band | jzzn | -   | pd                   | waiting   | waiting    | not started | waiting | not started |
|             |      |      |     | 3581341 ((Priority)) | -         | -          | -           | -       | -           |
| qTPC24      | band | jzzn | -   | pd                   | waiting   | waiting    | not started | waiting | not started |
|             |      |      |     | 3581342 ((Priority)) | -         | -          | -           | -       | -           |
| qTPC24-Mg1  | band | jzzn | -   | pd                   | waiting   | waiting    | not started | waiting | not started |
|             |      |      |     | 3581343 ((Priority)) | -         | -          | -           | -       | -           |
+-------------+------+------+-----+----------------------+-----------+------------+-------------+---------+-------------+
Total: 12 | Done: 0 | Waiting: 11 | Actionable: 1
auto-fetch Mg2C60: step3_band_plot → /home/wangchao/Fullerene_Network/Mg2C60/result
auto Mg2C60[band|S4_HSE]: gen 完成。[..] 上游是 PBEsol，本步用 HSEsol（GGA=PS）保持泛函族一致。想与 HSE06 文献对比请传 --hybrid-flavor hse06。
auto Mg2C60[band|S4_HSE]: 已提交 Mg2C60-band-S4_HSE (jobid=3582054)
+-------------+------+------+-----+----------------------+-----------+------------+-------------+---------+-------------+
| Material    | tt   | hpc  | dim | S1_relax             | S2_static | S3_WAVECAR | S3.1_plot   | S4_HSE  | S4.1_plot   |
+=============+======+======+=====+======================+===========+============+=============+=========+=============+
| Mg2C60      | band | jzzn | 3D  | done                 | done      | done       | completed   | waiting | not started |
|             |      |      |     | -                    | -         | -          | -           | -       | -           |
| qHPC20      | band | jzzn | -   | pd                   | waiting   | waiting    | not started | waiting | not started |
|             |      |      |     | 3581333 ((Priority)) | -         | -          | -           | -       | -           |
| qHPC24      | band | jzzn | -   | pd                   | waiting   | waiting    | not started | waiting | not started |
|             |      |      |     | 3581334 ((Priority)) | -         | -          | -           | -       | -           |
| qHPC36-D6h  | band | jzzn | -   | pd                   | waiting   | waiting    | not started | waiting | not started |
|             |      |      |     | 3581335 ((Priority)) | -         | -          | -           | -       | -           |
| qHPC60      | band | jzzn | -   | pd                   | waiting   | waiting    | not started | waiting | not started |
|             |      |      |     | 3581336 ((Priority)) | -         | -          | -           | -       | -           |
| qTP1C60     | band | jzzn | -   | pd                   | waiting   | waiting    | not started | waiting | not started |
|             |      |      |     | 3581337 ((Priority)) | -         | -          | -           | -       | -           |
| qTP2C36-D2d | band | jzzn | -   | pd                   | waiting   | waiting    | not started | waiting | not started |
|             |      |      |     | 3581338 ((Priority)) | -         | -          | -           | -       | -           |
| qTP2C60     | band | jzzn | -   | pd                   | waiting   | waiting    | not started | waiting | not started |
|             |      |      |     | 3581339 ((Priority)) | -         | -          | -           | -       | -           |
| qTPC20-b    | band | jzzn | -   | pd                   | waiting   | waiting    | not started | waiting | not started |
|             |      |      |     | 3581340 ((Priority)) | -         | -          | -           | -       | -           |
| qTPC20-r    | band | jzzn | -   | pd                   | waiting   | waiting    | not started | waiting | not started |
|             |      |      |     | 3581341 ((Priority)) | -         | -          | -           | -       | -           |
| qTPC24      | band | jzzn | -   | pd                   | waiting   | waiting    | not started | waiting | not started |
|             |      |      |     | 3581342 ((Priority)) | -         | -          | -           | -       | -           |
| qTPC24-Mg1  | band | jzzn | -   | pd                   | waiting   | waiting    | not started | waiting | not started |
|             |      |      |     | 3581343 ((Priority)) | -         | -          | -           | -       | -           |
+-------------+------+------+-----+----------------------+-----------+------------+-------------+---------+-------------+
Total: 12 | Done: 0 | Waiting: 11 | Actionable: 1
+-------------+------+------+-----+----------------------+-----------+------------+-------------+----------------------+-------------+
| Material    | tt   | hpc  | dim | S1_relax             | S2_static | S3_WAVECAR | S3.1_plot   | S4_HSE               | S4.1_plot   |
+=============+======+======+=====+======================+===========+============+=============+======================+=============+
| Mg2C60      | band | jzzn | 3D  | done                 | done      | done       | completed   | pd                   | not started |
|             |      |      |     | -                    | -         | -          | -           | 3582054 ((Priority)) | -           |
| qHPC20      | band | jzzn | -   | pd                   | waiting   | waiting    | not started | waiting              | not started |
|             |      |      |     | 3581333 ((Priority)) | -         | -          | -           | -                    | -           |
| qHPC24      | band | jzzn | -   | pd                   | waiting   | waiting    | not started | waiting              | not started |
|             |      |      |     | 3581334 ((Priority)) | -         | -          | -           | -                    | -           |
| qHPC36-D6h  | band | jzzn | -   | pd                   | waiting   | waiting    | not started | waiting              | not started |
|             |      |      |     | 3581335 ((Priority)) | -         | -          | -           | -                    | -           |
| qHPC60      | band | jzzn | -   | pd                   | waiting   | waiting    | not started | waiting              | not started |
|             |      |      |     | 3581336 ((Priority)) | -         | -          | -           | -                    | -           |
| qTP1C60     | band | jzzn | -   | pd                   | waiting   | waiting    | not started | waiting              | not started |
|             |      |      |     | 3581337 ((Priority)) | -         | -          | -           | -                    | -           |
| qTP2C36-D2d | band | jzzn | -   | pd                   | waiting   | waiting    | not started | waiting              | not started |
|             |      |      |     | 3581338 ((Priority)) | -         | -          | -           | -                    | -           |
| qTP2C60     | band | jzzn | -   | pd                   | waiting   | waiting    | not started | waiting              | not started |
|             |      |      |     | 3581339 ((Priority)) | -         | -          | -           | -                    | -           |
| qTPC20-b    | band | jzzn | -   | pd                   | waiting   | waiting    | not started | waiting              | not started |
|             |      |      |     | 3581340 ((Priority)) | -         | -          | -           | -                    | -           |
| qTPC20-r    | band | jzzn | -   | pd                   | waiting   | waiting    | not started | waiting              | not started |
|             |      |      |     | 3581341 ((Priority)) | -         | -          | -           | -                    | -           |
| qTPC24      | band | jzzn | -   | pd                   | waiting   | waiting    | not started | waiting              | not started |
|             |      |      |     | 3581342 ((Priority)) | -         | -          | -           | -                    | -           |
| qTPC24-Mg1  | band | jzzn | -   | pd                   | waiting   | waiting    | not started | waiting              | not started |
|             |      |      |     | 3581343 ((Priority)) | -         | -          | -           | -                    | -           |
+-------------+------+------+-----+----------------------+-----------+------------+-------------+----------------------+-------------+
Total: 12 | Done: 0 | Waiting: 12 | Actionable: 0
[04:45:31] 无变化
[04:51:03] 无变化
[04:56:35] 无变化
[05:02:04] 无变化
[05:07:36] 无变化
[05:13:10] 无变化
[05:18:40] 无变化
[05:24:12] 无变化
[05:29:48] 无变化
[05:35:20] 无变化
[05:40:51] 无变化
[05:46:27] 无变化
[05:51:59] 无变化
[05:57:33] 无变化
[06:03:04] 无变化
[06:08:37] 无变化
[06:14:13] 无变化
[06:19:43] 无变化
[06:25:15] 无变化
[06:30:51] 无变化
[06:36:23] 无变化
[06:41:53] 无变化
[06:47:29] 无变化
[06:53:03] 无变化
[06:58:35] 无变化
[07:04:08] 无变化
[07:09:39] 无变化
[07:15:15] 无变化
[07:20:48] 无变化
[07:26:20] 无变化
[07:31:57] 无变化
[07:37:31] 无变化
[07:43:03] 无变化
[07:48:40] 无变化
[07:54:13] 无变化
[07:59:47] 无变化
[08:05:22] 无变化
[08:10:50] 无变化
[08:16:19] 无变化
[08:21:50] 无变化
[08:27:18] 无变化
[08:32:48] 无变化
[08:38:15] 无变化
[08:43:46] 无变化
[08:49:21] 无变化
[08:54:54] 无变化
[09:00:28] 无变化
[09:06:03] 无变化
[09:11:33] 无变化
[09:17:04] 无变化
[09:22:39] 无变化
[09:28:12] 无变化
[09:33:43] 无变化
[09:39:19] 无变化
[09:44:52] 无变化
+-------------+------+------+-----+----------------------+-----------+------------+-------------+-------------------+-------------+
| Material    | tt   | hpc  | dim | S1_relax             | S2_static | S3_WAVECAR | S3.1_plot   | S4_HSE            | S4.1_plot   |
+=============+======+======+=====+======================+===========+============+=============+===================+=============+
| Mg2C60      | band | jzzn | 3D  | done                 | done      | done       | completed   | running           | not started |
|             |      |      |     | -                    | -         | -          | -           | cu50 3582054 5:55 | -           |
| qHPC20      | band | jzzn | -   | pd                   | waiting   | waiting    | not started | waiting           | not started |
|             |      |      |     | 3581333 ((Priority)) | -         | -          | -           | -                 | -           |
| qHPC24      | band | jzzn | -   | pd                   | waiting   | waiting    | not started | waiting           | not started |
|             |      |      |     | 3581334 ((Priority)) | -         | -          | -           | -                 | -           |
| qHPC36-D6h  | band | jzzn | -   | pd                   | waiting   | waiting    | not started | waiting           | not started |
|             |      |      |     | 3581335 ((Priority)) | -         | -          | -           | -                 | -           |
| qHPC60      | band | jzzn | -   | pd                   | waiting   | waiting    | not started | waiting           | not started |
|             |      |      |     | 3581336 ((Priority)) | -         | -          | -           | -                 | -           |
| qTP1C60     | band | jzzn | -   | pd                   | waiting   | waiting    | not started | waiting           | not started |
|             |      |      |     | 3581337 ((Priority)) | -         | -          | -           | -                 | -           |
| qTP2C36-D2d | band | jzzn | -   | pd                   | waiting   | waiting    | not started | waiting           | not started |
|             |      |      |     | 3581338 ((Priority)) | -         | -          | -           | -                 | -           |
| qTP2C60     | band | jzzn | -   | pd                   | waiting   | waiting    | not started | waiting           | not started |
|             |      |      |     | 3581339 ((Priority)) | -         | -          | -           | -                 | -           |
| qTPC20-b    | band | jzzn | -   | pd                   | waiting   | waiting    | not started | waiting           | not started |
|             |      |      |     | 3581340 ((Priority)) | -         | -          | -           | -                 | -           |
| qTPC20-r    | band | jzzn | -   | pd                   | waiting   | waiting    | not started | waiting           | not started |
|             |      |      |     | 3581341 ((Priority)) | -         | -          | -           | -                 | -           |
| qTPC24      | band | jzzn | -   | pd                   | waiting   | waiting    | not started | waiting           | not started |
|             |      |      |     | 3581342 ((Priority)) | -         | -          | -           | -                 | -           |
| qTPC24-Mg1  | band | jzzn | -   | pd                   | waiting   | waiting    | not started | waiting           | not started |
|             |      |      |     | 3581343 ((Priority)) | -         | -          | -           | -                 | -           |
+-------------+------+------+-----+----------------------+-----------+------------+-------------+-------------------+-------------+
Total: 12 | Done: 0 | Waiting: 12 | Actionable: 0
[09:56:48] 无变化
[10:02:24] 无变化
[10:07:57] 无变化
[10:13:30] 无变化
[10:19:08] 无变化
[10:24:42] 无变化
[10:30:15] 无变化
[10:35:52] 无变化
[10:41:27] 无变化
[10:47:04] 无变化
[10:52:37] 无变化
[10:58:11] 无变化
[11:03:49] 无变化
[11:09:23] 无变化
[11:14:58] 无变化
[11:20:36] 无变化
[11:26:10] 无变化
[11:31:43] 无变化
[11:37:21] 无变化
[11:42:55] 无变化
[11:48:32] 无变化
[11:54:06] 无变化
[11:59:40] 无变化
auto qHPC20[band|S1a_ion]: gen 完成。[DONE] step1a_PBE_opt 已生成（阶段 a），可提交
auto qHPC20[band|S1a_ion]: 已提交 qHPC20-band-S1a_ion (jobid=3582712)
+-------------+------+------+-----+----------------------+-----------+------------+-------------+----------------------+-------------+
| Material    | tt   | hpc  | dim | S1_relax             | S2_static | S3_WAVECAR | S3.1_plot   | S4_HSE               | S4.1_plot   |
+=============+======+======+=====+======================+===========+============+=============+======================+=============+
| Mg2C60      | band | jzzn | 3D  | done                 | done      | done       | completed   | running              | not started |
|             |      |      |     | -                    | -         | -          | -           | cu50 3582054 2:19:56 | -           |
| qHPC20      | band | jzzn | -   | waiting              | waiting   | waiting    | not started | waiting              | not started |
|             |      |      |     | S1a_ion              | -         | -          | -           | -                    | -           |
| qHPC24      | band | jzzn | -   | pd                   | waiting   | waiting    | not started | waiting              | not started |
|             |      |      |     | 3581334 ((Priority)) | -         | -          | -           | -                    | -           |
| qHPC36-D6h  | band | jzzn | -   | pd                   | waiting   | waiting    | not started | waiting              | not started |
|             |      |      |     | 3581335 ((Priority)) | -         | -          | -           | -                    | -           |
| qHPC60      | band | jzzn | -   | pd                   | waiting   | waiting    | not started | waiting              | not started |
|             |      |      |     | 3581336 ((Priority)) | -         | -          | -           | -                    | -           |
| qTP1C60     | band | jzzn | -   | pd                   | waiting   | waiting    | not started | waiting              | not started |
|             |      |      |     | 3581337 ((Priority)) | -         | -          | -           | -                    | -           |
| qTP2C36-D2d | band | jzzn | -   | pd                   | waiting   | waiting    | not started | waiting              | not started |
|             |      |      |     | 3581338 ((Priority)) | -         | -          | -           | -                    | -           |
| qTP2C60     | band | jzzn | -   | pd                   | waiting   | waiting    | not started | waiting              | not started |
|             |      |      |     | 3581339 ((Priority)) | -         | -          | -           | -                    | -           |
| qTPC20-b    | band | jzzn | -   | pd                   | waiting   | waiting    | not started | waiting              | not started |
|             |      |      |     | 3581340 ((Priority)) | -         | -          | -           | -                    | -           |
| qTPC20-r    | band | jzzn | -   | pd                   | waiting   | waiting    | not started | waiting              | not started |
|             |      |      |     | 3581341 ((Priority)) | -         | -          | -           | -                    | -           |
| qTPC24      | band | jzzn | -   | pd                   | waiting   | waiting    | not started | waiting              | not started |
|             |      |      |     | 3581342 ((Priority)) | -         | -          | -           | -                    | -           |
| qTPC24-Mg1  | band | jzzn | -   | pd                   | waiting   | waiting    | not started | waiting              | not started |
|             |      |      |     | 3581343 ((Priority)) | -         | -          | -           | -                    | -           |
+-------------+------+------+-----+----------------------+-----------+------------+-------------+----------------------+-------------+
Total: 12 | Done: 0 | Waiting: 11 | Actionable: 1
auto qHPC24[band|S1a_ion]: gen 完成。[DONE] step1a_PBE_opt 已生成（阶段 a），可提交
auto qHPC24[band|S1a_ion]: 已提交 qHPC24-band-S1a_ion (jobid=3582726)
auto qHPC36-D6h[band|S1a_ion]: gen 完成。[DONE] step1a_PBE_opt 已生成（阶段 a），可提交
auto qHPC36-D6h[band|S1a_ion]: 已提交 qHPC36-D6h-band-S1a_ion (jobid=3582727)
auto qHPC60[band|S1a_ion]: gen 完成。[DONE] step1a_PBE_opt 已生成（阶段 a），可提交
auto qHPC60[band|S1a_ion]: 已提交 qHPC60-band-S1a_ion (jobid=3582728)
auto qTP1C60[band|S1a_ion]: gen 完成。[DONE] step1a_PBE_opt 已生成（阶段 a），可提交
auto qTP1C60[band|S1a_ion]: 已提交 qTP1C60-band-S1a_ion (jobid=3582729)
auto qTP2C36-D2d[band|S1a_ion]: gen 完成。[DONE] step1a_PBE_opt 已生成（阶段 a），可提交
auto qTP2C36-D2d[band|S1a_ion]: 已提交 qTP2C36-D2d-band-S1a_ion (jobid=3582730)
auto qTP2C60[band|S1a_ion]: gen 完成。[DONE] step1a_PBE_opt 已生成（阶段 a），可提交
auto qTP2C60[band|S1a_ion]: 已提交 qTP2C60-band-S1a_ion (jobid=3582731)
auto qTPC20-b[band|S1a_ion]: gen 完成。[DONE] step1a_PBE_opt 已生成（阶段 a），可提交
auto qTPC20-b[band|S1a_ion]: 已提交 qTPC20-b-band-S1a_ion (jobid=3582732)
auto qTPC20-r[band|S1a_ion]: gen 完成。[DONE] step1a_PBE_opt 已生成（阶段 a），可提交
auto qTPC20-r[band|S1a_ion]: 已提交 qTPC20-r-band-S1a_ion (jobid=3582733)
auto qTPC24[band|S1a_ion]: gen 完成。[DONE] step1a_PBE_opt 已生成（阶段 a），可提交
auto qTPC24[band|S1a_ion]: 已提交 qTPC24-band-S1a_ion (jobid=3582734)
auto qTPC24-Mg1[band|S1a_ion]: gen 完成。[DONE] step1a_PBE_opt 已生成（阶段 a），可提交
auto qTPC24-Mg1[band|S1a_ion]: 已提交 qTPC24-Mg1-band-S1a_ion (jobid=3582735)
+-------------+------+------+-----+-------------------+-----------+------------+-------------+----------------------+-------------+
| Material    | tt   | hpc  | dim | S1_relax          | S2_static | S3_WAVECAR | S3.1_plot   | S4_HSE               | S4.1_plot   |
+=============+======+======+=====+===================+===========+============+=============+======================+=============+
| Mg2C60      | band | jzzn | 3D  | done              | done      | done       | completed   | running              | not started |
|             |      |      |     | -                 | -         | -          | -           | cu50 3582054 2:25:44 | -           |
| qHPC20      | band | jzzn | 2D  | running           | waiting   | waiting    | not started | waiting              | not started |
|             |      |      |     | cu32 3582712 0:41 | -         | -          | -           | -                    | -           |
| qHPC24      | band | jzzn | -   | waiting           | waiting   | waiting    | not started | waiting              | not started |
|             |      |      |     | S1a_ion           | -         | -          | -           | -                    | -           |
| qHPC36-D6h  | band | jzzn | -   | waiting           | waiting   | waiting    | not started | waiting              | not started |
|             |      |      |     | S1a_ion           | -         | -          | -           | -                    | -           |
| qHPC60      | band | jzzn | -   | waiting           | waiting   | waiting    | not started | waiting              | not started |
|             |      |      |     | S1a_ion           | -         | -          | -           | -                    | -           |
| qTP1C60     | band | jzzn | -   | waiting           | waiting   | waiting    | not started | waiting              | not started |
|             |      |      |     | S1a_ion           | -         | -          | -           | -                    | -           |
| qTP2C36-D2d | band | jzzn | -   | waiting           | waiting   | waiting    | not started | waiting              | not started |
|             |      |      |     | S1a_ion           | -         | -          | -           | -                    | -           |
| qTP2C60     | band | jzzn | -   | waiting           | waiting   | waiting    | not started | waiting              | not started |
|             |      |      |     | S1a_ion           | -         | -          | -           | -                    | -           |
| qTPC20-b    | band | jzzn | -   | waiting           | waiting   | waiting    | not started | waiting              | not started |
|             |      |      |     | S1a_ion           | -         | -          | -           | -                    | -           |
| qTPC20-r    | band | jzzn | -   | waiting           | waiting   | waiting    | not started | waiting              | not started |
|             |      |      |     | S1a_ion           | -         | -          | -           | -                    | -           |
| qTPC24      | band | jzzn | -   | waiting           | waiting   | waiting    | not started | waiting              | not started |
|             |      |      |     | S1a_ion           | -         | -          | -           | -                    | -           |
| qTPC24-Mg1  | band | jzzn | -   | waiting           | waiting   | waiting    | not started | waiting              | not started |
|             |      |      |     | S1a_ion           | -         | -          | -           | -                    | -           |
+-------------+------+------+-----+-------------------+-----------+------------+-------------+----------------------+-------------+
Total: 12 | Done: 0 | Waiting: 2 | Actionable: 10
auto-fetch qHPC20: step1a_PBE_opt,step1b_PBE_opt,step1c_PBE_opt → /home/wangchao/Fullerene_Network/C20/qHPC20/result
auto-fetch qHPC24: step1a_PBE_opt,step1b_PBE_opt,step1c_PBE_opt → /home/wangchao/Fullerene_Network/C24/qHPC24/result
auto-fetch qHPC36-D6h: step1a_PBE_opt,step1b_PBE_opt,step1c_PBE_opt → /home/wangchao/Fullerene_Network/C36/qHPC36-D6h/result
auto qHPC20[band|S2_static]: gen 完成。[DONE] step2_PBE_static is ready (vasp_std)
auto qHPC20[band|S2_static]: 已提交 qHPC20-band-S2_static (jobid=3582742)
auto qHPC24[band|S2_static]: gen 完成。[DONE] step2_PBE_static is ready (vasp_std)
auto qHPC24[band|S2_static]: 已提交 qHPC24-band-S2_static (jobid=3582743)
auto qHPC36-D6h[band|S2_static]: gen 完成。[DONE] step2_PBE_static is ready (vasp_std)
auto qHPC36-D6h[band|S2_static]: 已提交 qHPC36-D6h-band-S2_static (jobid=3582744)
+-------------+------+------+-----+----------------------+-----------+------------+-------------+----------------------+-------------+
| Material    | tt   | hpc  | dim | S1_relax             | S2_static | S3_WAVECAR | S3.1_plot   | S4_HSE               | S4.1_plot   |
+=============+======+======+=====+======================+===========+============+=============+======================+=============+
| Mg2C60      | band | jzzn | 3D  | done                 | done      | done       | completed   | running              | not started |
|             |      |      |     | -                    | -         | -          | -           | cu50 3582054 2:32:11 | -           |
| qHPC20      | band | jzzn | 2D  | done                 | waiting   | waiting    | not started | waiting              | not started |
|             |      |      |     | -                    | -         | -          | -           | -                    | -           |
| qHPC24      | band | jzzn | 2D  | done                 | waiting   | waiting    | not started | waiting              | not started |
|             |      |      |     | -                    | -         | -          | -           | -                    | -           |
| qHPC36-D6h  | band | jzzn | 2D  | done                 | waiting   | waiting    | not started | waiting              | not started |
|             |      |      |     | -                    | -         | -          | -           | -                    | -           |
| qHPC60      | band | jzzn | 2D  | running              | waiting   | waiting    | not started | waiting              | not started |
|             |      |      |     | cu32 3582728 0:34    | -         | -          | -           | -                    | -           |
| qTP1C60     | band | jzzn | 2D  | pd                   | waiting   | waiting    | not started | waiting              | not started |
|             |      |      |     | 3582729 ((Priority)) | -         | -          | -           | -                    | -           |
| qTP2C36-D2d | band | jzzn | 2D  | pd                   | waiting   | waiting    | not started | waiting              | not started |
|             |      |      |     | 3582730 ((Priority)) | -         | -          | -           | -                    | -           |
| qTP2C60     | band | jzzn | 2D  | pd                   | waiting   | waiting    | not started | waiting              | not started |
|             |      |      |     | 3582731 ((Priority)) | -         | -          | -           | -                    | -           |
| qTPC20-b    | band | jzzn | 2D  | pd                   | waiting   | waiting    | not started | waiting              | not started |
|             |      |      |     | 3582732 ((Priority)) | -         | -          | -           | -                    | -           |
| qTPC20-r    | band | jzzn | 2D  | pd                   | waiting   | waiting    | not started | waiting              | not started |
|             |      |      |     | 3582733 ((Priority)) | -         | -          | -           | -                    | -           |
| qTPC24      | band | jzzn | 2D  | pd                   | waiting   | waiting    | not started | waiting              | not started |
|             |      |      |     | 3582734 ((Priority)) | -         | -          | -           | -                    | -           |
| qTPC24-Mg1  | band | jzzn | 2D  | pd                   | waiting   | waiting    | not started | waiting              | not started |
|             |      |      |     | 3582735 ((Priority)) | -         | -          | -           | -                    | -           |
+-------------+------+------+-----+----------------------+-----------+------------+-------------+----------------------+-------------+
Total: 12 | Done: 0 | Waiting: 9 | Actionable: 3
+-------------+------+------+-----+----------------------+----------------------+------------+-------------+----------------------+-------------+
| Material    | tt   | hpc  | dim | S1_relax             | S2_static            | S3_WAVECAR | S3.1_plot   | S4_HSE               | S4.1_plot   |
+=============+======+======+=====+======================+======================+============+=============+======================+=============+
| Mg2C60      | band | jzzn | 3D  | done                 | done                 | done       | completed   | running              | not started |
|             |      |      |     | -                    | -                    | -          | -           | cu50 3582054 2:37:55 | -           |
| qHPC20      | band | jzzn | 2D  | done                 | pd                   | waiting    | not started | waiting              | not started |
|             |      |      |     | -                    | 3582742 ((Priority)) | -          | -           | -                    | -           |
| qHPC24      | band | jzzn | 2D  | done                 | pd                   | waiting    | not started | waiting              | not started |
|             |      |      |     | -                    | 3582743 ((Priority)) | -          | -           | -                    | -           |
| qHPC36-D6h  | band | jzzn | 2D  | done                 | pd                   | waiting    | not started | waiting              | not started |
|             |      |      |     | -                    | 3582744 ((Priority)) | -          | -           | -                    | -           |
| qHPC60      | band | jzzn | 2D  | running              | waiting              | waiting    | not started | waiting              | not started |
|             |      |      |     | cu32 3582728 6:18    | -                    | -          | -           | -                    | -           |
| qTP1C60     | band | jzzn | 2D  | pd                   | waiting              | waiting    | not started | waiting              | not started |
|             |      |      |     | 3582729 ((Priority)) | -                    | -          | -           | -                    | -           |
| qTP2C36-D2d | band | jzzn | 2D  | pd                   | waiting              | waiting    | not started | waiting              | not started |
|             |      |      |     | 3582730 ((Priority)) | -                    | -          | -           | -                    | -           |
| qTP2C60     | band | jzzn | 2D  | pd                   | waiting              | waiting    | not started | waiting              | not started |
|             |      |      |     | 3582731 ((Priority)) | -                    | -          | -           | -                    | -           |
| qTPC20-b    | band | jzzn | 2D  | pd                   | waiting              | waiting    | not started | waiting              | not started |
|             |      |      |     | 3582732 ((Priority)) | -                    | -          | -           | -                    | -           |
| qTPC20-r    | band | jzzn | 2D  | pd                   | waiting              | waiting    | not started | waiting              | not started |
|             |      |      |     | 3582733 ((Priority)) | -                    | -          | -           | -                    | -           |
| qTPC24      | band | jzzn | 2D  | pd                   | waiting              | waiting    | not started | waiting              | not started |
|             |      |      |     | 3582734 ((Priority)) | -                    | -          | -           | -                    | -           |
| qTPC24-Mg1  | band | jzzn | 2D  | pd                   | waiting              | waiting    | not started | waiting              | not started |
|             |      |      |     | 3582735 ((Priority)) | -                    | -          | -           | -                    | -           |
+-------------+------+------+-----+----------------------+----------------------+------------+-------------+----------------------+-------------+
Total: 12 | Done: 0 | Waiting: 12 | Actionable: 0
[12:28:51] 无变化
auto-fetch qHPC60: step1a_PBE_opt,step1b_PBE_opt,step1c_PBE_opt → /home/wangchao/Fullerene_Network/C60/qHPC60/result
auto qHPC60[band|S2_static]: gen 完成。[DONE] step2_PBE_static is ready (vasp_std)
auto qHPC60[band|S2_static]: 已提交 qHPC60-band-S2_static (jobid=3582779)
+-------------+------+------+-----+----------------------+----------------------+------------+-------------+----------------------+-------------+
| Material    | tt   | hpc  | dim | S1_relax             | S2_static            | S3_WAVECAR | S3.1_plot   | S4_HSE               | S4.1_plot   |
+=============+======+======+=====+======================+======================+============+=============+======================+=============+
| Mg2C60      | band | jzzn | 3D  | done                 | done                 | done       | completed   | running              | not started |
|             |      |      |     | -                    | -                    | -          | -           | cu50 3582054 2:49:07 | -           |
| qHPC20      | band | jzzn | 2D  | done                 | pd                   | waiting    | not started | waiting              | not started |
|             |      |      |     | -                    | 3582742 ((Priority)) | -          | -           | -                    | -           |
| qHPC24      | band | jzzn | 2D  | done                 | pd                   | waiting    | not started | waiting              | not started |
|             |      |      |     | -                    | 3582743 ((Priority)) | -          | -           | -                    | -           |
| qHPC36-D6h  | band | jzzn | 2D  | done                 | pd                   | waiting    | not started | waiting              | not started |
|             |      |      |     | -                    | 3582744 ((Priority)) | -          | -           | -                    | -           |
| qHPC60      | band | jzzn | 2D  | done                 | waiting              | waiting    | not started | waiting              | not started |
|             |      |      |     | -                    | -                    | -          | -           | -                    | -           |
| qTP1C60     | band | jzzn | 2D  | pd                   | waiting              | waiting    | not started | waiting              | not started |
|             |      |      |     | 3582729 ((Priority)) | -                    | -          | -           | -                    | -           |
| qTP2C36-D2d | band | jzzn | 2D  | pd                   | waiting              | waiting    | not started | waiting              | not started |
|             |      |      |     | 3582730 ((Priority)) | -                    | -          | -           | -                    | -           |
| qTP2C60     | band | jzzn | 2D  | pd                   | waiting              | waiting    | not started | waiting              | not started |
|             |      |      |     | 3582731 ((Priority)) | -                    | -          | -           | -                    | -           |
| qTPC20-b    | band | jzzn | 2D  | pd                   | waiting              | waiting    | not started | waiting              | not started |
|             |      |      |     | 3582732 ((Priority)) | -                    | -          | -           | -                    | -           |
| qTPC20-r    | band | jzzn | 2D  | pd                   | waiting              | waiting    | not started | waiting              | not started |
|             |      |      |     | 3582733 ((Priority)) | -                    | -          | -           | -                    | -           |
| qTPC24      | band | jzzn | 2D  | pd                   | waiting              | waiting    | not started | waiting              | not started |
|             |      |      |     | 3582734 ((Priority)) | -                    | -          | -           | -                    | -           |
| qTPC24-Mg1  | band | jzzn | 2D  | pd                   | waiting              | waiting    | not started | waiting              | not started |
|             |      |      |     | 3582735 ((Priority)) | -                    | -          | -           | -                    | -           |
+-------------+------+------+-----+----------------------+----------------------+------------+-------------+----------------------+-------------+
Total: 12 | Done: 0 | Waiting: 11 | Actionable: 1
+-------------+------+------+-----+----------------------+----------------------+------------+-------------+----------------------+-------------+
| Material    | tt   | hpc  | dim | S1_relax             | S2_static            | S3_WAVECAR | S3.1_plot   | S4_HSE               | S4.1_plot   |
+=============+======+======+=====+======================+======================+============+=============+======================+=============+
| Mg2C60      | band | jzzn | 3D  | done                 | done                 | done       | completed   | running              | not started |
|             |      |      |     | -                    | -                    | -          | -           | cu50 3582054 2:54:46 | -           |
| qHPC20      | band | jzzn | 2D  | done                 | pd                   | waiting    | not started | waiting              | not started |
|             |      |      |     | -                    | 3582742 ((Priority)) | -          | -           | -                    | -           |
| qHPC24      | band | jzzn | 2D  | done                 | pd                   | waiting    | not started | waiting              | not started |
|             |      |      |     | -                    | 3582743 ((Priority)) | -          | -           | -                    | -           |
| qHPC36-D6h  | band | jzzn | 2D  | done                 | pd                   | waiting    | not started | waiting              | not started |
|             |      |      |     | -                    | 3582744 ((Priority)) | -          | -           | -                    | -           |
| qHPC60      | band | jzzn | 2D  | done                 | pd                   | waiting    | not started | waiting              | not started |
|             |      |      |     | -                    | 3582779 ((Priority)) | -          | -           | -                    | -           |
| qTP1C60     | band | jzzn | 2D  | running              | waiting              | waiting    | not started | waiting              | not started |
|             |      |      |     | cu32 3582729 5:29    | -                    | -          | -           | -                    | -           |
| qTP2C36-D2d | band | jzzn | 2D  | pd                   | waiting              | waiting    | not started | waiting              | not started |
|             |      |      |     | 3582730 ((Priority)) | -                    | -          | -           | -                    | -           |
| qTP2C60     | band | jzzn | 2D  | pd                   | waiting              | waiting    | not started | waiting              | not started |
|             |      |      |     | 3582731 ((Priority)) | -                    | -          | -           | -                    | -           |
| qTPC20-b    | band | jzzn | 2D  | pd                   | waiting              | waiting    | not started | waiting              | not started |
|             |      |      |     | 3582732 ((Priority)) | -                    | -          | -           | -                    | -           |
| qTPC20-r    | band | jzzn | 2D  | pd                   | waiting              | waiting    | not started | waiting              | not started |
|             |      |      |     | 3582733 ((Priority)) | -                    | -          | -           | -                    | -           |
| qTPC24      | band | jzzn | 2D  | pd                   | waiting              | waiting    | not started | waiting              | not started |
|             |      |      |     | 3582734 ((Priority)) | -                    | -          | -           | -                    | -           |
| qTPC24-Mg1  | band | jzzn | 2D  | pd                   | waiting              | waiting    | not started | waiting              | not started |
|             |      |      |     | 3582735 ((Priority)) | -                    | -          | -           | -                    | -           |
+-------------+------+------+-----+----------------------+----------------------+------------+-------------+----------------------+-------------+
Total: 12 | Done: 0 | Waiting: 12 | Actionable: 0
auto-fetch qTP1C60: step1a_PBE_opt,step1b_PBE_opt,step1c_PBE_opt → /home/wangchao/Fullerene_Network/C60/qTP1C60/result
auto-fetch qTP2C36-D2d: step1a_PBE_opt,step1b_PBE_opt,step1c_PBE_opt → /home/wangchao/Fullerene_Network/C36/qTP2C36-D2d/result
auto-fetch qTP2C60: step1b_PBE_opt,step1c_PBE_opt → /home/wangchao/Fullerene_Network/C60/qTP2C60/result
auto qTP1C60[band|S2_static]: gen 完成。[DONE] step2_PBE_static is ready (vasp_std)
auto qTP1C60[band|S2_static]: 已提交 qTP1C60-band-S2_static (jobid=3582837)
auto qTP2C36-D2d[band|S2_static]: gen 完成。[DONE] step2_PBE_static is ready (vasp_std)
auto qTP2C36-D2d[band|S2_static]: 已提交 qTP2C36-D2d-band-S2_static (jobid=3582838)
+-------------+------+------+-----+----------------------+----------------------+------------+-------------+----------------------+-------------+
| Material    | tt   | hpc  | dim | S1_relax             | S2_static            | S3_WAVECAR | S3.1_plot   | S4_HSE               | S4.1_plot   |
+=============+======+======+=====+======================+======================+============+=============+======================+=============+
| Mg2C60      | band | jzzn | 3D  | done                 | done                 | done       | completed   | running              | not started |
|             |      |      |     | -                    | -                    | -          | -           | cu50 3582054 3:00:21 | -           |
| qHPC20      | band | jzzn | 2D  | done                 | pd                   | waiting    | not started | waiting              | not started |
|             |      |      |     | -                    | 3582742 ((Priority)) | -          | -           | -                    | -           |
| qHPC24      | band | jzzn | 2D  | done                 | pd                   | waiting    | not started | waiting              | not started |
|             |      |      |     | -                    | 3582743 ((Priority)) | -          | -           | -                    | -           |
| qHPC36-D6h  | band | jzzn | 2D  | done                 | pd                   | waiting    | not started | waiting              | not started |
|             |      |      |     | -                    | 3582744 ((Priority)) | -          | -           | -                    | -           |
| qHPC60      | band | jzzn | 2D  | done                 | pd                   | waiting    | not started | waiting              | not started |
|             |      |      |     | -                    | 3582779 ((Priority)) | -          | -           | -                    | -           |
| qTP1C60     | band | jzzn | 2D  | done                 | waiting              | waiting    | not started | waiting              | not started |
|             |      |      |     | -                    | -                    | -          | -           | -                    | -           |
| qTP2C36-D2d | band | jzzn | 2D  | done                 | waiting              | waiting    | not started | waiting              | not started |
|             |      |      |     | -                    | -                    | -          | -           | -                    | -           |
| qTP2C60     | band | jzzn | 2D  | running              | waiting              | waiting    | not started | waiting              | not started |
|             |      |      |     | cu32 3582731 3:29    | -                    | -          | -           | -                    | -           |
| qTPC20-b    | band | jzzn | 2D  | pd                   | waiting              | waiting    | not started | waiting              | not started |
|             |      |      |     | 3582732 ((Priority)) | -                    | -          | -           | -                    | -           |
| qTPC20-r    | band | jzzn | 2D  | pd                   | waiting              | waiting    | not started | waiting              | not started |
|             |      |      |     | 3582733 ((Priority)) | -                    | -          | -           | -                    | -           |
| qTPC24      | band | jzzn | 2D  | pd                   | waiting              | waiting    | not started | waiting              | not started |
|             |      |      |     | 3582734 ((Priority)) | -                    | -          | -           | -                    | -           |
| qTPC24-Mg1  | band | jzzn | 2D  | pd                   | waiting              | waiting    | not started | waiting              | not started |
|             |      |      |     | 3582735 ((Priority)) | -                    | -          | -           | -                    | -           |
+-------------+------+------+-----+----------------------+----------------------+------------+-------------+----------------------+-------------+
Total: 12 | Done: 0 | Waiting: 10 | Actionable: 2
auto-fetch qTP2C60: step1a_PBE_opt → /home/wangchao/Fullerene_Network/C60/qTP2C60/result
auto-fetch qTPC20-b: step1a_PBE_opt,step1b_PBE_opt,step1c_PBE_opt → /home/wangchao/Fullerene_Network/C20/qTPC20-b/result
auto-fetch qTPC20-r: step1a_PBE_opt,step1b_PBE_opt,step1c_PBE_opt → /home/wangchao/Fullerene_Network/C20/qTPC20-r/result
auto-fetch qTPC24: step1a_PBE_opt,step1b_PBE_opt,step1c_PBE_opt → /home/wangchao/Fullerene_Network/C24/qTPC24/result
auto qTP2C60[band|S2_static]: gen 完成。[DONE] step2_PBE_static is ready (vasp_std)
auto qTP2C60[band|S2_static]: 已提交 qTP2C60-band-S2_static (jobid=3582850)
auto qTPC20-b[band|S2_static]: gen 完成。[DONE] step2_PBE_static is ready (vasp_std)
auto qTPC20-b[band|S2_static]: 已提交 qTPC20-b-band-S2_static (jobid=3582851)
auto qTPC20-r[band|S2_static]: gen 完成。[DONE] step2_PBE_static is ready (vasp_std)
auto qTPC20-r[band|S2_static]: 已提交 qTPC20-r-band-S2_static (jobid=3582852)
auto qTPC24[band|S2_static]: gen 完成。[DONE] step2_PBE_static is ready (vasp_std)
auto qTPC24[band|S2_static]: 已提交 qTPC24-band-S2_static (jobid=3582853)
+-------------+------+------+-----+-------------------+----------------------+------------+-------------+----------------------+-------------+
| Material    | tt   | hpc  | dim | S1_relax          | S2_static            | S3_WAVECAR | S3.1_plot   | S4_HSE               | S4.1_plot   |
+=============+======+======+=====+===================+======================+============+=============+======================+=============+
| Mg2C60      | band | jzzn | 3D  | done              | done                 | done       | completed   | running              | not started |
|             |      |      |     | -                 | -                    | -          | -           | cu50 3582054 3:06:03 | -           |
| qHPC20      | band | jzzn | 2D  | done              | pd                   | waiting    | not started | waiting              | not started |
|             |      |      |     | -                 | 3582742 ((Priority)) | -          | -           | -                    | -           |
| qHPC24      | band | jzzn | 2D  | done              | pd                   | waiting    | not started | waiting              | not started |
|             |      |      |     | -                 | 3582743 ((Priority)) | -          | -           | -                    | -           |
| qHPC36-D6h  | band | jzzn | 2D  | done              | pd                   | waiting    | not started | waiting              | not started |
|             |      |      |     | -                 | 3582744 ((Priority)) | -          | -           | -                    | -           |
| qHPC60      | band | jzzn | 2D  | done              | pd                   | waiting    | not started | waiting              | not started |
|             |      |      |     | -                 | 3582779 ((Priority)) | -          | -           | -                    | -           |
| qTP1C60     | band | jzzn | 2D  | done              | pd                   | waiting    | not started | waiting              | not started |
|             |      |      |     | -                 | 3582837 ((Priority)) | -          | -           | -                    | -           |
| qTP2C36-D2d | band | jzzn | 2D  | done              | pd                   | waiting    | not started | waiting              | not started |
|             |      |      |     | -                 | 3582838 ((Priority)) | -          | -           | -                    | -           |
| qTP2C60     | band | jzzn | 2D  | done              | waiting              | waiting    | not started | waiting              | not started |
|             |      |      |     | -                 | -                    | -          | -           | -                    | -           |
| qTPC20-b    | band | jzzn | 2D  | done              | waiting              | waiting    | not started | waiting              | not started |
|             |      |      |     | -                 | -                    | -          | -           | -                    | -           |
| qTPC20-r    | band | jzzn | 2D  | done              | waiting              | waiting    | not started | waiting              | not started |
|             |      |      |     | -                 | -                    | -          | -           | -                    | -           |
| qTPC24      | band | jzzn | 2D  | done              | waiting              | waiting    | not started | waiting              | not started |
|             |      |      |     | -                 | -                    | -          | -           | -                    | -           |
| qTPC24-Mg1  | band | jzzn | 2D  | running           | waiting              | waiting    | not started | waiting              | not started |
|             |      |      |     | cu32 3582735 1:05 | -                    | -          | -           | -                    | -           |
+-------------+------+------+-----+-------------------+----------------------+------------+-------------+----------------------+-------------+
Total: 12 | Done: 0 | Waiting: 8 | Actionable: 4
+-------------+------+------+-----+-------------------+----------------------+------------+-------------+----------------------+-------------+
| Material    | tt   | hpc  | dim | S1_relax          | S2_static            | S3_WAVECAR | S3.1_plot   | S4_HSE               | S4.1_plot   |
+=============+======+======+=====+===================+======================+============+=============+======================+=============+
| Mg2C60      | band | jzzn | 3D  | done              | done                 | done       | completed   | running              | not started |
|             |      |      |     | -                 | -                    | -          | -           | cu50 3582054 3:11:51 | -           |
| qHPC20      | band | jzzn | 2D  | done              | pd                   | waiting    | not started | waiting              | not started |
|             |      |      |     | -                 | 3582742 ((Priority)) | -          | -           | -                    | -           |
| qHPC24      | band | jzzn | 2D  | done              | pd                   | waiting    | not started | waiting              | not started |
|             |      |      |     | -                 | 3582743 ((Priority)) | -          | -           | -                    | -           |
| qHPC36-D6h  | band | jzzn | 2D  | done              | pd                   | waiting    | not started | waiting              | not started |
|             |      |      |     | -                 | 3582744 ((Priority)) | -          | -           | -                    | -           |
| qHPC60      | band | jzzn | 2D  | done              | pd                   | waiting    | not started | waiting              | not started |
|             |      |      |     | -                 | 3582779 ((Priority)) | -          | -           | -                    | -           |
| qTP1C60     | band | jzzn | 2D  | done              | pd                   | waiting    | not started | waiting              | not started |
|             |      |      |     | -                 | 3582837 ((Priority)) | -          | -           | -                    | -           |
| qTP2C36-D2d | band | jzzn | 2D  | done              | pd                   | waiting    | not started | waiting              | not started |
|             |      |      |     | -                 | 3582838 ((Priority)) | -          | -           | -                    | -           |
| qTP2C60     | band | jzzn | 2D  | done              | pd                   | waiting    | not started | waiting              | not started |
|             |      |      |     | -                 | 3582850 ((Priority)) | -          | -           | -                    | -           |
| qTPC20-b    | band | jzzn | 2D  | done              | pd                   | waiting    | not started | waiting              | not started |
|             |      |      |     | -                 | 3582851 ((Priority)) | -          | -           | -                    | -           |
| qTPC20-r    | band | jzzn | 2D  | done              | pd                   | waiting    | not started | waiting              | not started |
|             |      |      |     | -                 | 3582852 ((Priority)) | -          | -           | -                    | -           |
| qTPC24      | band | jzzn | 2D  | done              | pd                   | waiting    | not started | waiting              | not started |
|             |      |      |     | -                 | 3582853 ((Priority)) | -          | -           | -                    | -           |
| qTPC24-Mg1  | band | jzzn | 2D  | running           | waiting              | waiting    | not started | waiting              | not started |
|             |      |      |     | cu32 3582735 6:53 | -                    | -          | -           | -                    | -           |
+-------------+------+------+-----+-------------------+----------------------+------------+-------------+----------------------+-------------+
Total: 12 | Done: 0 | Waiting: 12 | Actionable: 0
[13:02:47] 无变化
[13:08:21] 无变化
[13:14:00] 无变化
[13:19:33] 无变化
[13:25:07] 无变化
[13:30:44] 无变化
[13:36:18] 无变化
[13:41:56] 无变化
[13:47:30] 无变化
auto-fetch qHPC20: step2_PBE_static → /home/wangchao/Fullerene_Network/C20/qHPC20/result
auto qHPC20[band|S3_WAVECAR]: gen 完成。[..] 展宽：ISMEAR=0 SIGMA=0.05 —— 自动判定：带隙 1.0514 eV -> 半导体/绝缘体
auto qHPC20[band|S3_WAVECAR]: 已提交 qHPC20-band-S3_WAVECAR (jobid=3582941)
+-------------+------+------+-----+----------------------+----------------------+------------+-------------+----------------------+-------------+
| Material    | tt   | hpc  | dim | S1_relax             | S2_static            | S3_WAVECAR | S3.1_plot   | S4_HSE               | S4.1_plot   |
+=============+======+======+=====+======================+======================+============+=============+======================+=============+
| Mg2C60      | band | jzzn | 3D  | done                 | done                 | done       | completed   | running              | not started |
|             |      |      |     | -                    | -                    | -          | -           | cu50 3582054 4:07:44 | -           |
| qHPC20      | band | jzzn | 2D  | done                 | done                 | waiting    | not started | waiting              | not started |
|             |      |      |     | -                    | -                    | -          | -           | -                    | -           |
| qHPC24      | band | jzzn | 2D  | done                 | running              | waiting    | not started | waiting              | not started |
|             |      |      |     | -                    | cu36 3582743 0:56    | -          | -           | -                    | -           |
| qHPC36-D6h  | band | jzzn | 2D  | done                 | pd                   | waiting    | not started | waiting              | not started |
|             |      |      |     | -                    | 3582744 ((Priority)) | -          | -           | -                    | -           |
| qHPC60      | band | jzzn | 2D  | done                 | pd                   | waiting    | not started | waiting              | not started |
|             |      |      |     | -                    | 3582779 ((Priority)) | -          | -           | -                    | -           |
| qTP1C60     | band | jzzn | 2D  | done                 | pd                   | waiting    | not started | waiting              | not started |
|             |      |      |     | -                    | 3582837 ((Priority)) | -          | -           | -                    | -           |
| qTP2C36-D2d | band | jzzn | 2D  | done                 | pd                   | waiting    | not started | waiting              | not started |
|             |      |      |     | -                    | 3582838 ((Priority)) | -          | -           | -                    | -           |
| qTP2C60     | band | jzzn | 2D  | done                 | pd                   | waiting    | not started | waiting              | not started |
|             |      |      |     | -                    | 3582850 ((Priority)) | -          | -           | -                    | -           |
| qTPC20-b    | band | jzzn | 2D  | done                 | pd                   | waiting    | not started | waiting              | not started |
|             |      |      |     | -                    | 3582851 ((Priority)) | -          | -           | -                    | -           |
| qTPC20-r    | band | jzzn | 2D  | done                 | pd                   | waiting    | not started | waiting              | not started |
|             |      |      |     | -                    | 3582852 ((Priority)) | -          | -           | -                    | -           |
| qTPC24      | band | jzzn | 2D  | done                 | pd                   | waiting    | not started | waiting              | not started |
|             |      |      |     | -                    | 3582853 ((Priority)) | -          | -           | -                    | -           |
| qTPC24-Mg1  | band | jzzn | 2D  | running              | waiting              | waiting    | not started | waiting              | not started |
|             |      |      |     | cu32 3582735 1:02:46 | -                    | -          | -           | -                    | -           |
+-------------+------+------+-----+----------------------+----------------------+------------+-------------+----------------------+-------------+
Total: 12 | Done: 0 | Waiting: 11 | Actionable: 1
auto-fetch qHPC24: step2_PBE_static → /home/wangchao/Fullerene_Network/C24/qHPC24/result
auto-fetch qHPC36-D6h: step2_PBE_static → /home/wangchao/Fullerene_Network/C36/qHPC36-D6h/result
auto-fetch qTP1C60: step2_PBE_static → /home/wangchao/Fullerene_Network/C60/qTP1C60/result
auto qHPC24[band|S3_WAVECAR]: gen 完成。[..] 展宽：ISMEAR=0 SIGMA=0.05 —— 自动判定：带隙 1.6275 eV -> 半导体/绝缘体
auto qHPC24[band|S3_WAVECAR]: 已提交 qHPC24-band-S3_WAVECAR (jobid=3582949)
auto qHPC36-D6h[band|S3_WAVECAR]: gen 完成。[..] 展宽：ISMEAR=0 SIGMA=0.05 —— 自动判定：带隙 0.9632 eV -> 半导体/绝缘体
auto qHPC36-D6h[band|S3_WAVECAR]: 已提交 qHPC36-D6h-band-S3_WAVECAR (jobid=3582950)
auto qTP1C60[band|S3_WAVECAR]: gen 完成。[..] 展宽：ISMEAR=0 SIGMA=0.05 —— 自动判定：带隙 0.7427 eV -> 半导体/绝缘体
auto qTP1C60[band|S3_WAVECAR]: 已提交 qTP1C60-band-S3_WAVECAR (jobid=3582951)
+-------------+------+------+-----+----------------------+----------------------+-------------------+-------------+----------------------+-------------+
| Material    | tt   | hpc  | dim | S1_relax             | S2_static            | S3_WAVECAR        | S3.1_plot   | S4_HSE               | S4.1_plot   |
+=============+======+======+=====+======================+======================+===================+=============+======================+=============+
| Mg2C60      | band | jzzn | 3D  | done                 | done                 | done              | completed   | running              | not started |
|             |      |      |     | -                    | -                    | -                 | -           | cu50 3582054 4:13:32 | -           |
| qHPC20      | band | jzzn | 2D  | done                 | done                 | running           | not started | waiting              | not started |
|             |      |      |     | -                    | -                    | cu30 3582941 5:12 | -           | -                    | -           |
| qHPC24      | band | jzzn | 2D  | done                 | done                 | waiting           | not started | waiting              | not started |
|             |      |      |     | -                    | -                    | -                 | -           | -                    | -           |
| qHPC36-D6h  | band | jzzn | 2D  | done                 | done                 | waiting           | not started | waiting              | not started |
|             |      |      |     | -                    | -                    | -                 | -           | -                    | -           |
| qHPC60      | band | jzzn | 2D  | done                 | running              | waiting           | not started | waiting              | not started |
|             |      |      |     | -                    | cu36 3582779 4:42    | -                 | -           | -                    | -           |
| qTP1C60     | band | jzzn | 2D  | done                 | done                 | waiting           | not started | waiting              | not started |
|             |      |      |     | -                    | -                    | -                 | -           | -                    | -           |
| qTP2C36-D2d | band | jzzn | 2D  | done                 | running              | waiting           | not started | waiting              | not started |
|             |      |      |     | -                    | cu29 3582838 0:08    | -                 | -           | -                    | -           |
| qTP2C60     | band | jzzn | 2D  | done                 | pd                   | waiting           | not started | waiting              | not started |
|             |      |      |     | -                    | 3582850 ((Priority)) | -                 | -           | -                    | -           |
| qTPC20-b    | band | jzzn | 2D  | done                 | pd                   | waiting           | not started | waiting              | not started |
|             |      |      |     | -                    | 3582851 ((Priority)) | -                 | -           | -                    | -           |
| qTPC20-r    | band | jzzn | 2D  | done                 | pd                   | waiting           | not started | waiting              | not started |
|             |      |      |     | -                    | 3582852 ((Priority)) | -                 | -           | -                    | -           |
| qTPC24      | band | jzzn | 2D  | done                 | pd                   | waiting           | not started | waiting              | not started |
|             |      |      |     | -                    | 3582853 ((Priority)) | -                 | -           | -                    | -           |
| qTPC24-Mg1  | band | jzzn | 2D  | running              | waiting              | waiting           | not started | waiting              | not started |
|             |      |      |     | cu32 3582735 1:08:34 | -                    | -                 | -           | -                    | -           |
+-------------+------+------+-----+----------------------+----------------------+-------------------+-------------+----------------------+-------------+
Total: 12 | Done: 0 | Waiting: 9 | Actionable: 3
auto-fetch qHPC20: step3_PBE_WAVECAR → /home/wangchao/Fullerene_Network/C20/qHPC20/result
auto-fetch qTP2C36-D2d: step2_PBE_static → /home/wangchao/Fullerene_Network/C36/qTP2C36-D2d/result
auto-fetch qTP2C60: step2_PBE_static → /home/wangchao/Fullerene_Network/C60/qTP2C60/result
auto qHPC20[band|S3.1_plot]: 已生成 /public/home/wangchao/Fullerene_Network/work/qHPC20/step3_band_plot（band_summary.json）
auto qTP2C36-D2d[band|S3_WAVECAR]: gen 完成。[..] 展宽：ISMEAR=0 SIGMA=0.05 —— 自动判定：带隙 0.9556 eV -> 半导体/绝缘体
auto qTP2C36-D2d[band|S3_WAVECAR]: 已提交 qTP2C36-D2d-band-S3_WAVECAR (jobid=3582962)
auto qTP2C60[band|S3_WAVECAR]: gen 完成。[..] 展宽：ISMEAR=0 SIGMA=0.05 —— 自动判定：带隙 0.9363 eV -> 半导体/绝缘体
auto qTP2C60[band|S3_WAVECAR]: 已提交 qTP2C60-band-S3_WAVECAR (jobid=3582963)
+-------------+------+------+-----+----------------------+----------------------+-------------------+-------------+----------------------+-------------+
| Material    | tt   | hpc  | dim | S1_relax             | S2_static            | S3_WAVECAR        | S3.1_plot   | S4_HSE               | S4.1_plot   |
+=============+======+======+=====+======================+======================+===================+=============+======================+=============+
| Mg2C60      | band | jzzn | 3D  | done                 | done                 | done              | completed   | running              | not started |
|             |      |      |     | -                    | -                    | -                 | -           | cu50 3582054 4:19:22 | -           |
| qHPC20      | band | jzzn | 2D  | done                 | done                 | done              | not started | waiting              | not started |
|             |      |      |     | -                    | -                    | -                 | -           | -                    | -           |
| qHPC24      | band | jzzn | 2D  | done                 | done                 | running           | not started | waiting              | not started |
|             |      |      |     | -                    | -                    | cu30 3582949 5:28 | -           | -                    | -           |
| qHPC36-D6h  | band | jzzn | 2D  | done                 | done                 | running           | not started | waiting              | not started |
|             |      |      |     | -                    | -                    | cu31 3582950 5:28 | -           | -                    | -           |
| qHPC60      | band | jzzn | 2D  | done                 | running              | waiting           | not started | waiting              | not started |
|             |      |      |     | -                    | cu36 3582779 10:32   | -                 | -           | -                    | -           |
| qTP1C60     | band | jzzn | 2D  | done                 | done                 | running           | not started | waiting              | not started |
|             |      |      |     | -                    | -                    | cu31 3582951 5:28 | -           | -                    | -           |
| qTP2C36-D2d | band | jzzn | 2D  | done                 | done                 | waiting           | not started | waiting              | not started |
|             |      |      |     | -                    | -                    | -                 | -           | -                    | -           |
| qTP2C60     | band | jzzn | 2D  | done                 | done                 | waiting           | not started | waiting              | not started |
|             |      |      |     | -                    | -                    | -                 | -           | -                    | -           |
| qTPC20-b    | band | jzzn | 2D  | done                 | running              | waiting           | not started | waiting              | not started |
|             |      |      |     | -                    | cu29 3582851 0:24    | -                 | -           | -                    | -           |
| qTPC20-r    | band | jzzn | 2D  | done                 | pd                   | waiting           | not started | waiting              | not started |
|             |      |      |     | -                    | 3582852 ((Priority)) | -                 | -           | -                    | -           |
| qTPC24      | band | jzzn | 2D  | done                 | pd                   | waiting           | not started | waiting              | not started |
|             |      |      |     | -                    | 3582853 ((Priority)) | -                 | -           | -                    | -           |
| qTPC24-Mg1  | band | jzzn | 2D  | running              | waiting              | waiting           | not started | waiting              | not started |
|             |      |      |     | cu32 3582735 1:14:24 | -                    | -                 | -           | -                    | -           |
+-------------+------+------+-----+----------------------+----------------------+-------------------+-------------+----------------------+-------------+
Total: 12 | Done: 0 | Waiting: 9 | Actionable: 3
auto-fetch qHPC20: step3_band_plot → /home/wangchao/Fullerene_Network/C20/qHPC20/result
auto-fetch qHPC24: step3_PBE_WAVECAR → /home/wangchao/Fullerene_Network/C24/qHPC24/result
auto-fetch qHPC36-D6h: step3_PBE_WAVECAR → /home/wangchao/Fullerene_Network/C36/qHPC36-D6h/result
auto-fetch qTPC20-b: step2_PBE_static → /home/wangchao/Fullerene_Network/C20/qTPC20-b/result
auto-fetch qTPC20-r: step2_PBE_static → /home/wangchao/Fullerene_Network/C20/qTPC20-r/result
auto-fetch qTPC24: step2_PBE_static → /home/wangchao/Fullerene_Network/C24/qTPC24/result
auto qHPC20[band|S4_HSE]: gen 完成。[..] 上游是 PBEsol，本步用 HSEsol（GGA=PS）保持泛函族一致。想与 HSE06 文献对比请传 --hybrid-flavor hse06。
auto qHPC20[band|S4_HSE]: 已提交 qHPC20-band-S4_HSE (jobid=3582971)
auto qHPC24[band|S3.1_plot]: 已生成 /public/home/wangchao/Fullerene_Network/work/qHPC24/step3_band_plot（band_summary.json）
auto qHPC36-D6h[band|S3.1_plot]: 已生成 /public/home/wangchao/Fullerene_Network/work/qHPC36-D6h/step3_band_plot（band_summary.json）
auto qTPC20-b[band|S3_WAVECAR]: gen 完成。[..] 展宽：ISMEAR=0 SIGMA=0.05 —— 自动判定：带隙 0.8018 eV -> 半导体/绝缘体
auto qTPC20-b[band|S3_WAVECAR]: 已提交 qTPC20-b-band-S3_WAVECAR (jobid=3582974)
auto qTPC20-r[band|S3_WAVECAR]: gen 完成。[..] 展宽：ISMEAR=0 SIGMA=0.05 —— 自动判定：带隙 0.0843 eV -> 半导体/绝缘体
auto qTPC20-r[band|S3_WAVECAR]: 已提交 qTPC20-r-band-S3_WAVECAR (jobid=3582975)
auto qTPC24[band|S3_WAVECAR]: gen 完成。[..] 展宽：ISMEAR=0 SIGMA=0.05 —— 自动判定：带隙 2.1586 eV -> 半导体/绝缘体
auto qTPC24[band|S3_WAVECAR]: 已提交 qTPC24-band-S3_WAVECAR (jobid=3582976)
+-------------+------+------+-----+----------------------+--------------------+--------------------+-------------+----------------------+-------------+
| Material    | tt   | hpc  | dim | S1_relax             | S2_static          | S3_WAVECAR         | S3.1_plot   | S4_HSE               | S4.1_plot   |
+=============+======+======+=====+======================+====================+====================+=============+======================+=============+
| Mg2C60      | band | jzzn | 3D  | done                 | done               | done               | completed   | running              | not started |
|             |      |      |     | -                    | -                  | -                  | -           | cu50 3582054 4:25:13 | -           |
| qHPC20      | band | jzzn | 2D  | done                 | done               | done               | completed   | waiting              | not started |
|             |      |      |     | -                    | -                  | -                  | -           | -                    | -           |
| qHPC24      | band | jzzn | 2D  | done                 | done               | done               | not started | waiting              | not started |
|             |      |      |     | -                    | -                  | -                  | -           | -                    | -           |
| qHPC36-D6h  | band | jzzn | 2D  | done                 | done               | done               | not started | waiting              | not started |
|             |      |      |     | -                    | -                  | -                  | -           | -                    | -           |
| qHPC60      | band | jzzn | 2D  | done                 | running            | waiting            | not started | waiting              | not started |
|             |      |      |     | -                    | cu36 3582779 16:23 | -                  | -           | -                    | -           |
| qTP1C60     | band | jzzn | 2D  | done                 | done               | running            | not started | waiting              | not started |
|             |      |      |     | -                    | -                  | cu31 3582951 11:19 | -           | -                    | -           |
| qTP2C36-D2d | band | jzzn | 2D  | done                 | done               | running            | not started | waiting              | not started |
|             |      |      |     | -                    | -                  | cu29 3582962 2:12  | -           | -                    | -           |
| qTP2C60     | band | jzzn | 2D  | done                 | done               | running            | not started | waiting              | not started |
|             |      |      |     | -                    | -                  | cu29 3582963 2:12  | -           | -                    | -           |
| qTPC20-b    | band | jzzn | 2D  | done                 | done               | waiting            | not started | waiting              | not started |
|             |      |      |     | -                    | -                  | -                  | -           | -                    | -           |
| qTPC20-r    | band | jzzn | 2D  | done                 | done               | waiting            | not started | waiting              | not started |
|             |      |      |     | -                    | -                  | -                  | -           | -                    | -           |
| qTPC24      | band | jzzn | 2D  | done                 | done               | waiting            | not started | waiting              | not started |
|             |      |      |     | -                    | -                  | -                  | -           | -                    | -           |
| qTPC24-Mg1  | band | jzzn | 2D  | running              | waiting            | waiting            | not started | waiting              | not started |
|             |      |      |     | cu32 3582735 1:20:15 | -                  | -                  | -           | -                    | -           |
+-------------+------+------+-----+----------------------+--------------------+--------------------+-------------+----------------------+-------------+
Total: 12 | Done: 0 | Waiting: 6 | Actionable: 6
auto-fetch Mg2C60: step1a_PBE_opt,step1b_PBE_opt,step1c_PBE_opt,step2_PBE_static,step3_PBE_WAVECAR,step3_band_plot → /home/wangchao/Fullerene_Network/Mg2C60/result
auto-fetch qHPC20: step1a_PBE_opt,step1b_PBE_opt,step1c_PBE_opt,step2_PBE_static,step3_PBE_WAVECAR,step3_band_plot → /home/wangchao/Fullerene_Network/C20/qHPC20/result
auto-fetch qHPC24: step1a_PBE_opt,step1b_PBE_opt,step1c_PBE_opt,step2_PBE_static,step3_PBE_WAVECAR,step3_band_plot → /home/wangchao/Fullerene_Network/C24/qHPC24/result
auto-fetch qHPC36-D6h: step1a_PBE_opt,step1b_PBE_opt,step1c_PBE_opt,step2_PBE_static,step3_PBE_WAVECAR,step3_band_plot → /home/wangchao/Fullerene_Network/C36/qHPC36-D6h/result
auto-fetch qHPC60: step1a_PBE_opt,step1b_PBE_opt,step1c_PBE_opt,step2_PBE_static → /home/wangchao/Fullerene_Network/C60/qHPC60/result
auto-fetch qTP1C60: step1a_PBE_opt,step1b_PBE_opt,step1c_PBE_opt,step2_PBE_static → /home/wangchao/Fullerene_Network/C60/qTP1C60/result
auto-fetch qTP2C36-D2d: step1a_PBE_opt,step1b_PBE_opt,step1c_PBE_opt,step2_PBE_static → /home/wangchao/Fullerene_Network/C36/qTP2C36-D2d/result
auto-fetch qTP2C60: step1a_PBE_opt,step1b_PBE_opt,step1c_PBE_opt,step2_PBE_static → /home/wangchao/Fullerene_Network/C60/qTP2C60/result
auto-fetch qTPC20-b: step1a_PBE_opt,step1b_PBE_opt,step1c_PBE_opt,step2_PBE_static → /home/wangchao/Fullerene_Network/C20/qTPC20-b/result
auto-fetch qTPC20-r: step1a_PBE_opt,step1b_PBE_opt,step1c_PBE_opt,step2_PBE_static → /home/wangchao/Fullerene_Network/C20/qTPC20-r/result
auto-fetch qTPC24: step1a_PBE_opt,step1b_PBE_opt,step1c_PBE_opt,step2_PBE_static → /home/wangchao/Fullerene_Network/C24/qTPC24/result
auto qHPC24[band|S4_HSE]: gen 完成。[..] 上游是 PBEsol，本步用 HSEsol（GGA=PS）保持泛函族一致。想与 HSE06 文献对比请传 --hybrid-flavor hse06。
auto qHPC24[band|S4_HSE]: 已提交 qHPC24-band-S4_HSE (jobid=3582983)
auto qHPC36-D6h[band|S4_HSE]: gen 完成。[..] 上游是 PBEsol，本步用 HSEsol（GGA=PS）保持泛函族一致。想与 HSE06 文献对比请传 --hybrid-flavor hse06。
auto qHPC36-D6h[band|S4_HSE]: 已提交 qHPC36-D6h-band-S4_HSE (jobid=3582984)
auto qHPC60[band|S3_WAVECAR]: gen 完成。[..] 展宽：ISMEAR=0 SIGMA=0.05 —— 自动判定：带隙 0.8752 eV -> 半导体/绝缘体
auto qHPC60[band|S3_WAVECAR]: 已提交 qHPC60-band-S3_WAVECAR (jobid=3582986)
+-------------+------+------+-----+----------------------+-----------+----------------------+-------------+----------------------+-------------+
| Material    | tt   | hpc  | dim | S1_relax             | S2_static | S3_WAVECAR           | S3.1_plot   | S4_HSE               | S4.1_plot   |
+=============+======+======+=====+======================+===========+======================+=============+======================+=============+
| Mg2C60      | band | jzzn | 3D  | done                 | done      | done                 | completed   | running              | not started |
|             |      |      |     | -                    | -         | -                    | -           | cu50 3582054 4:31:16 | -           |
| qHPC20      | band | jzzn | 2D  | done                 | done      | done                 | completed   | pd                   | not started |
|             |      |      |     | -                    | -         | -                    | -           | 3582971 ((Priority)) | -           |
| qHPC24      | band | jzzn | 2D  | done                 | done      | done                 | completed   | waiting              | not started |
|             |      |      |     | -                    | -         | -                    | -           | -                    | -           |
| qHPC36-D6h  | band | jzzn | 2D  | done                 | done      | done                 | completed   | waiting              | not started |
|             |      |      |     | -                    | -         | -                    | -           | -                    | -           |
| qHPC60      | band | jzzn | 2D  | done                 | done      | waiting              | not started | waiting              | not started |
|             |      |      |     | -                    | -         | -                    | -           | -                    | -           |
| qTP1C60     | band | jzzn | 2D  | done                 | done      | running              | not started | waiting              | not started |
|             |      |      |     | -                    | -         | cu31 3582951 17:22   | -           | -                    | -           |
| qTP2C36-D2d | band | jzzn | 2D  | done                 | done      | running              | not started | waiting              | not started |
|             |      |      |     | -                    | -         | cu29 3582962 8:15    | -           | -                    | -           |
| qTP2C60     | band | jzzn | 2D  | done                 | done      | running              | not started | waiting              | not started |
|             |      |      |     | -                    | -         | cu29 3582963 8:15    | -           | -                    | -           |
| qTPC20-b    | band | jzzn | 2D  | done                 | done      | running              | not started | waiting              | not started |
|             |      |      |     | -                    | -         | cu08 3582974 2:39    | -           | -                    | -           |
| qTPC20-r    | band | jzzn | 2D  | done                 | done      | pd                   | not started | waiting              | not started |
|             |      |      |     | -                    | -         | 3582975 ((Priority)) | -           | -                    | -           |
| qTPC24      | band | jzzn | 2D  | done                 | done      | pd                   | not started | waiting              | not started |
|             |      |      |     | -                    | -         | 3582976 ((Priority)) | -           | -                    | -           |
| qTPC24-Mg1  | band | jzzn | 2D  | running              | waiting   | waiting              | not started | waiting              | not started |
|             |      |      |     | cu32 3582735 1:26:18 | -         | -                    | -           | -                    | -           |
+-------------+------+------+-----+----------------------+-----------+----------------------+-------------+----------------------+-------------+
Total: 12 | Done: 0 | Waiting: 9 | Actionable: 3
auto-fetch qTP2C36-D2d: step3_PBE_WAVECAR → /home/wangchao/Fullerene_Network/C36/qTP2C36-D2d/result
auto-fetch qTPC20-b: step3_PBE_WAVECAR → /home/wangchao/Fullerene_Network/C20/qTPC20-b/result
auto qTP2C36-D2d[band|S3.1_plot]: 已生成 /public/home/wangchao/Fullerene_Network/work/qTP2C36-D2d/step3_band_plot（band_summary.json）
auto qTPC20-b[band|S3.1_plot]: 已生成 /public/home/wangchao/Fullerene_Network/work/qTPC20-b/step3_band_plot（band_summary.json）
+-------------+------+------+-----+----------------------+-----------+----------------------+-------------+----------------------+-------------+
| Material    | tt   | hpc  | dim | S1_relax             | S2_static | S3_WAVECAR           | S3.1_plot   | S4_HSE               | S4.1_plot   |
+=============+======+======+=====+======================+===========+======================+=============+======================+=============+
| Mg2C60      | band | jzzn | 3D  | done                 | done      | done                 | completed   | running              | not started |
|             |      |      |     | -                    | -         | -                    | -           | cu50 3582054 4:37:21 | -           |
| qHPC20      | band | jzzn | 2D  | done                 | done      | done                 | completed   | pd                   | not started |
|             |      |      |     | -                    | -         | -                    | -           | 3582971 ((Priority)) | -           |
| qHPC24      | band | jzzn | 2D  | done                 | done      | done                 | completed   | pd                   | not started |
|             |      |      |     | -                    | -         | -                    | -           | 3582983 ((Priority)) | -           |
| qHPC36-D6h  | band | jzzn | 2D  | done                 | done      | done                 | completed   | pd                   | not started |
|             |      |      |     | -                    | -         | -                    | -           | 3582984 ((Priority)) | -           |
| qHPC60      | band | jzzn | 2D  | done                 | done      | pd                   | not started | waiting              | not started |
|             |      |      |     | -                    | -         | 3582986 ((Priority)) | -           | -                    | -           |
| qTP1C60     | band | jzzn | 2D  | done                 | done      | running              | not started | waiting              | not started |
|             |      |      |     | -                    | -         | cu31 3582951 23:27   | -           | -                    | -           |
| qTP2C36-D2d | band | jzzn | 2D  | done                 | done      | done                 | not started | waiting              | not started |
|             |      |      |     | -                    | -         | -                    | -           | -                    | -           |
| qTP2C60     | band | jzzn | 2D  | done                 | done      | running              | not started | waiting              | not started |
|             |      |      |     | -                    | -         | cu29 3582963 14:20   | -           | -                    | -           |
| qTPC20-b    | band | jzzn | 2D  | done                 | done      | done                 | not started | waiting              | not started |
|             |      |      |     | -                    | -         | -                    | -           | -                    | -           |
| qTPC20-r    | band | jzzn | 2D  | done                 | done      | pd                   | not started | waiting              | not started |
|             |      |      |     | -                    | -         | 3582975 ((Priority)) | -           | -                    | -           |
| qTPC24      | band | jzzn | 2D  | done                 | done      | pd                   | not started | waiting              | not started |
|             |      |      |     | -                    | -         | 3582976 ((Priority)) | -           | -                    | -           |
| qTPC24-Mg1  | band | jzzn | 2D  | running              | waiting   | waiting              | not started | waiting              | not started |
|             |      |      |     | cu32 3582735 1:32:23 | -         | -                    | -           | -                    | -           |
+-------------+------+------+-----+----------------------+-----------+----------------------+-------------+----------------------+-------------+
Total: 12 | Done: 0 | Waiting: 10 | Actionable: 2
auto-fetch qTP2C36-D2d: step3_band_plot → /home/wangchao/Fullerene_Network/C36/qTP2C36-D2d/result
auto-fetch qTPC20-b: step3_band_plot → /home/wangchao/Fullerene_Network/C20/qTPC20-b/result
auto qTP2C36-D2d[band|S4_HSE]: gen 完成。[..] 上游是 PBEsol，本步用 HSEsol（GGA=PS）保持泛函族一致。想与 HSE06 文献对比请传 --hybrid-flavor hse06。
auto qTP2C36-D2d[band|S4_HSE]: 已提交 qTP2C36-D2d-band-S4_HSE (jobid=3583010)
auto qTPC20-b[band|S4_HSE]: gen 完成。[..] 上游是 PBEsol，本步用 HSEsol（GGA=PS）保持泛函族一致。想与 HSE06 文献对比请传 --hybrid-flavor hse06。
auto qTPC20-b[band|S4_HSE]: 已提交 qTPC20-b-band-S4_HSE (jobid=3583011)
+-------------+------+------+-----+----------------------+-----------+----------------------+-------------+----------------------+-------------+
| Material    | tt   | hpc  | dim | S1_relax             | S2_static | S3_WAVECAR           | S3.1_plot   | S4_HSE               | S4.1_plot   |
+=============+======+======+=====+======================+===========+======================+=============+======================+=============+
| Mg2C60      | band | jzzn | 3D  | done                 | done      | done                 | completed   | running              | not started |
|             |      |      |     | -                    | -         | -                    | -           | cu50 3582054 4:43:05 | -           |
| qHPC20      | band | jzzn | 2D  | done                 | done      | done                 | completed   | pd                   | not started |
|             |      |      |     | -                    | -         | -                    | -           | 3582971 ((Priority)) | -           |
| qHPC24      | band | jzzn | 2D  | done                 | done      | done                 | completed   | pd                   | not started |
|             |      |      |     | -                    | -         | -                    | -           | 3582983 ((Priority)) | -           |
| qHPC36-D6h  | band | jzzn | 2D  | done                 | done      | done                 | completed   | pd                   | not started |
|             |      |      |     | -                    | -         | -                    | -           | 3582984 ((Priority)) | -           |
| qHPC60      | band | jzzn | 2D  | done                 | done      | pd                   | not started | waiting              | not started |
|             |      |      |     | -                    | -         | 3582986 ((Priority)) | -           | -                    | -           |
| qTP1C60     | band | jzzn | 2D  | done                 | done      | running              | not started | waiting              | not started |
|             |      |      |     | -                    | -         | cu31 3582951 29:11   | -           | -                    | -           |
| qTP2C36-D2d | band | jzzn | 2D  | done                 | done      | done                 | completed   | waiting              | not started |
|             |      |      |     | -                    | -         | -                    | -           | -                    | -           |
| qTP2C60     | band | jzzn | 2D  | done                 | done      | running              | not started | waiting              | not started |
|             |      |      |     | -                    | -         | cu29 3582963 20:04   | -           | -                    | -           |
| qTPC20-b    | band | jzzn | 2D  | done                 | done      | done                 | completed   | waiting              | not started |
|             |      |      |     | -                    | -         | -                    | -           | -                    | -           |
| qTPC20-r    | band | jzzn | 2D  | done                 | done      | pd                   | not started | waiting              | not started |
|             |      |      |     | -                    | -         | 3582975 ((Priority)) | -           | -                    | -           |
| qTPC24      | band | jzzn | 2D  | done                 | done      | pd                   | not started | waiting              | not started |
|             |      |      |     | -                    | -         | 3582976 ((Priority)) | -           | -                    | -           |
| qTPC24-Mg1  | band | jzzn | 2D  | running              | waiting   | waiting              | not started | waiting              | not started |
|             |      |      |     | cu32 3582735 1:38:07 | -         | -                    | -           | -                    | -           |
+-------------+------+------+-----+----------------------+-----------+----------------------+-------------+----------------------+-------------+
Total: 12 | Done: 0 | Waiting: 10 | Actionable: 2
监控模式：每 300 秒刷新（auto-fetch + auto-advance 开），Ctrl+C 退出。
+-------------+------+------+-----+----------+-----------+------------+-------------+-----------------------+-------------+
| Material    | tt   | hpc  | dim | S1_relax | S2_static | S3_WAVECAR | S3.1_plot   | S4_HSE                | S4.1_plot   |
+=============+======+======+=====+==========+===========+============+=============+=======================+=============+
| Mg2C60      | band | jzzn | 3D  | done     | done      | done       | completed   | running               | not started |
|             |      |      |     | -        | -         | -          | -           | cu59 3581325 13:18:12 | -           |
| qHPC20      | band | jzzn | 2D  | done     | done      | done       | completed   | pd                    | not started |
|             |      |      |     | -        | -         | -          | -           | 3581314 ((Priority))  | -           |
| qHPC24      | band | jzzn | 2D  | done     | done      | done       | completed   | done                  | completed   |
|             |      |      |     | -        | -         | -          | -           | -                     | -           |
| qHPC36-D6h  | band | jzzn | 2D  | done     | done      | done       | completed   | running               | not started |
|             |      |      |     | -        | -         | -          | -           | cu57 3581320 8:53:23  | -           |
| qHPC60      | band | jzzn | 2D  | done     | done      | done       | completed   | pd                    | not started |
|             |      |      |     | -        | -         | -          | -           | 3583002 ((Priority))  | -           |
| qTP1C60     | band | jzzn | 2D  | done     | done      | done       | completed   | done                  | completed   |
|             |      |      |     | -        | -         | -          | -           | -                     | -           |
| qTP2C36-D2d | band | jzzn | 2D  | done     | done      | done       | completed   | done                  | completed   |
|             |      |      |     | -        | -         | -          | -           | -                     | -           |
| qTP2C60     | band | jzzn | 2D  | done     | done      | done       | completed   | running               | not started |
|             |      |      |     | -        | -         | -          | -           | cu53 3581324 5:04:49  | -           |
| qTPC20-b    | band | jzzn | 2D  | done     | done      | done       | completed   | done                  | completed   |
|             |      |      |     | -        | -         | -          | -           | -                     | -           |
| qTPC20-r    | band | jzzn | 2D  | done     | done      | done       | completed   | done                  | completed   |
|             |      |      |     | -        | -         | -          | -           | -                     | -           |
| qTPC24      | band | jzzn | 2D  | done     | done      | done       | completed   | done                  | completed   |
|             |      |      |     | -        | -         | -          | -           | -                     | -           |
| qTPC24-Mg1  | band | jzzn | 2D  | error    | waiting   | waiting    | not started | waiting               | not started |
|             |      |      |     | S1c_fine | -         | -          | -           | -                     | -           |
+-------------+------+------+-----+----------+-----------+------------+-------------+-----------------------+-------------+
Total: 12 | Done: 6 | Waiting: 5 | Actionable: 1

FAILED / NEEDS ATTENTION:
  [band] qTPC24-Mg1             S1c_fine   c 未收敛 [unknown] 还没有完成的离子步
+-------------+------+------+-----+----------+-----------+------------+-------------+-----------------------+-------------+
| Material    | tt   | hpc  | dim | S1_relax | S2_static | S3_WAVECAR | S3.1_plot   | S4_HSE                | S4.1_plot   |
+=============+======+======+=====+==========+===========+============+=============+=======================+=============+
| Mg2C60      | band | jzzn | 3D  | done     | done      | done       | completed   | running               | not started |
|             |      |      |     | -        | -         | -          | -           | cu59 3581325 13:23:46 | -           |
| qHPC20      | band | jzzn | 2D  | done     | done      | done       | completed   | pd                    | not started |
|             |      |      |     | -        | -         | -          | -           | 3581314 ((Priority))  | -           |
| qHPC24      | band | jzzn | 2D  | done     | done      | done       | completed   | pd                    | completed   |
|             |      |      |     | -        | -         | -          | -           | 3583029 ((Priority))  | -           |
| qHPC36-D6h  | band | jzzn | 2D  | done     | done      | done       | completed   | running               | not started |
|             |      |      |     | -        | -         | -          | -           | cu57 3581320 8:58:57  | -           |
| qHPC60      | band | jzzn | 2D  | done     | done      | done       | completed   | pd                    | not started |
|             |      |      |     | -        | -         | -          | -           | 3583002 ((Priority))  | -           |
| qTP1C60     | band | jzzn | 2D  | done     | done      | done       | completed   | done                  | completed   |
|             |      |      |     | -        | -         | -          | -           | -                     | -           |
| qTP2C36-D2d | band | jzzn | 2D  | done     | done      | done       | completed   | done                  | completed   |
|             |      |      |     | -        | -         | -          | -           | -                     | -           |
| qTP2C60     | band | jzzn | 2D  | done     | done      | done       | completed   | running               | not started |
|             |      |      |     | -        | -         | -          | -           | cu53 3581324 5:10:23  | -           |
| qTPC20-b    | band | jzzn | 2D  | done     | done      | done       | completed   | done                  | completed   |
|             |      |      |     | -        | -         | -          | -           | -                     | -           |
| qTPC20-r    | band | jzzn | 2D  | done     | done      | done       | completed   | done                  | completed   |
|             |      |      |     | -        | -         | -          | -           | -                     | -           |
| qTPC24      | band | jzzn | 2D  | done     | done      | done       | completed   | done                  | completed   |
|             |      |      |     | -        | -         | -          | -           | -                     | -           |
| qTPC24-Mg1  | band | jzzn | 2D  | error    | waiting   | waiting    | not started | waiting               | not started |
|             |      |      |     | S1c_fine | -         | -          | -           | -                     | -           |
+-------------+------+------+-----+----------+-----------+------------+-------------+-----------------------+-------------+
Total: 12 | Done: 5 | Waiting: 6 | Actionable: 1

FAILED / NEEDS ATTENTION:
  [band] qTPC24-Mg1             S1c_fine   c 未收敛 [unknown] 还没有完成的离子步
[14:43:07] 无变化
[14:48:40] 无变化
[14:54:18] 无变化
[14:59:52] 无变化
[15:05:30] 无变化
[15:11:03] 无变化
+-------------+------+------+-----+----------+-----------+------------+-------------+-----------------------+-------------+
| Material    | tt   | hpc  | dim | S1_relax | S2_static | S3_WAVECAR | S3.1_plot   | S4_HSE                | S4.1_plot   |
+=============+======+======+=====+==========+===========+============+=============+=======================+=============+
| Mg2C60      | band | jzzn | 3D  | done     | done      | done       | completed   | running               | not started |
|             |      |      |     | -        | -         | -          | -           | cu59 3581325 14:02:52 | -           |
| qHPC20      | band | jzzn | 2D  | done     | done      | done       | completed   | pd                    | not started |
|             |      |      |     | -        | -         | -          | -           | 3581314 ((Priority))  | -           |
| qHPC24      | band | jzzn | 2D  | done     | done      | done       | completed   | pd                    | completed   |
|             |      |      |     | -        | -         | -          | -           | 3583029 ((Priority))  | -           |
| qHPC36-D6h  | band | jzzn | 2D  | done     | done      | done       | completed   | running               | not started |
|             |      |      |     | -        | -         | -          | -           | cu57 3581320 9:38:03  | -           |
| qHPC60      | band | jzzn | 2D  | done     | done      | done       | completed   | pd                    | not started |
|             |      |      |     | -        | -         | -          | -           | 3583002 ((Priority))  | -           |
| qTP1C60     | band | jzzn | 2D  | done     | done      | done       | completed   | done                  | completed   |
|             |      |      |     | -        | -         | -          | -           | -                     | -           |
| qTP2C36-D2d | band | jzzn | 2D  | done     | done      | done       | completed   | done                  | completed   |
|             |      |      |     | -        | -         | -          | -           | -                     | -           |
| qTP2C60     | band | jzzn | 2D  | done     | done      | done       | completed   | running               | not started |
|             |      |      |     | -        | -         | -          | -           | cu53 3581324 5:49:29  | -           |
| qTPC20-b    | band | jzzn | 2D  | done     | done      | done       | completed   | done                  | completed   |
|             |      |      |     | -        | -         | -          | -           | -                     | -           |
| qTPC20-r    | band | jzzn | 2D  | done     | done      | done       | completed   | pd                    | completed   |
|             |      |      |     | -        | -         | -          | -           | 3583078 ((Priority))  | -           |
| qTPC24      | band | jzzn | 2D  | done     | done      | done       | completed   | done                  | completed   |
|             |      |      |     | -        | -         | -          | -           | -                     | -           |
| qTPC24-Mg1  | band | jzzn | 2D  | error    | waiting   | waiting    | not started | waiting               | not started |
|             |      |      |     | S1c_fine | -         | -          | -           | -                     | -           |
+-------------+------+------+-----+----------+-----------+------------+-------------+-----------------------+-------------+
Total: 12 | Done: 4 | Waiting: 7 | Actionable: 1

FAILED / NEEDS ATTENTION:
  [band] qTPC24-Mg1             S1c_fine   c 未收敛 [unknown] 还没有完成的离子步
[15:22:15] 无变化
错误：远端采集失败。
ssh: connect to host 114.214.255.60 port 22: No route to host
监控模式：每 300 秒刷新（auto-fetch + auto-advance 开），Ctrl+C 退出。
+-------------+------+------+-----+----------+-----------+------------+-------------+-----------------------+-------------+
| Material    | tt   | hpc  | dim | S1_relax | S2_static | S3_WAVECAR | S3.1_plot   | S4_HSE                | S4.1_plot   |
+=============+======+======+=====+==========+===========+============+=============+=======================+=============+
| Mg2C60      | band | jzzn | 3D  | done     | done      | done       | completed   | running               | not started |
|             |      |      |     | -        | -         | -          | -           | cu59 3581325 14:16:18 | -           |
| qHPC20      | band | jzzn | 2D  | done     | done      | done       | completed   | pd                    | not started |
|             |      |      |     | -        | -         | -          | -           | 3581314 ((Priority))  | -           |
| qHPC24      | band | jzzn | 2D  | done     | done      | done       | completed   | pd                    | completed   |
|             |      |      |     | -        | -         | -          | -           | 3583029 ((Priority))  | -           |
| qHPC36-D6h  | band | jzzn | 2D  | done     | done      | done       | completed   | running               | not started |
|             |      |      |     | -        | -         | -          | -           | cu57 3581320 9:51:29  | -           |
| qHPC60      | band | jzzn | 2D  | done     | done      | done       | completed   | pd                    | not started |
|             |      |      |     | -        | -         | -          | -           | 3583002 ((Priority))  | -           |
| qTP1C60     | band | jzzn | 2D  | done     | done      | done       | completed   | done                  | completed   |
|             |      |      |     | -        | -         | -          | -           | -                     | -           |
| qTP2C36-D2d | band | jzzn | 2D  | done     | done      | done       | completed   | done                  | completed   |
|             |      |      |     | -        | -         | -          | -           | -                     | -           |
| qTP2C60     | band | jzzn | 2D  | done     | done      | done       | completed   | running               | not started |
|             |      |      |     | -        | -         | -          | -           | cu53 3581324 6:02:55  | -           |
| qTPC20-b    | band | jzzn | 2D  | done     | done      | done       | completed   | pd                    | completed   |
|             |      |      |     | -        | -         | -          | -           | 3583088 ((Priority))  | -           |
| qTPC20-r    | band | jzzn | 2D  | done     | done      | done       | completed   | pd                    | completed   |
|             |      |      |     | -        | -         | -          | -           | 3583078 ((Priority))  | -           |
| qTPC24      | band | jzzn | 2D  | done     | done      | done       | completed   | done                  | completed   |
|             |      |      |     | -        | -         | -          | -           | -                     | -           |
| qTPC24-Mg1  | band | jzzn | 2D  | error    | waiting   | waiting    | not started | waiting               | not started |
|             |      |      |     | S1c_fine | -         | -          | -           | -                     | -           |
+-------------+------+------+-----+----------+-----------+------------+-------------+-----------------------+-------------+
Total: 12 | Done: 3 | Waiting: 8 | Actionable: 1

FAILED / NEEDS ATTENTION:
  [band] qTPC24-Mg1             S1c_fine   c 未收敛 [unknown] 还没有完成的离子步
[15:35:08] 无变化
[15:40:09] 无变化
[15:45:13] 无变化
[15:50:14] 无变化
[15:55:16] 无变化
+-------------+------+------+-----+----------+-----------+------------+-------------+-----------------------+-------------+
| Material    | tt   | hpc  | dim | S1_relax | S2_static | S3_WAVECAR | S3.1_plot   | S4_HSE                | S4.1_plot   |
+=============+======+======+=====+==========+===========+============+=============+=======================+=============+
| Mg2C60      | band | jzzn | 3D  | done     | done      | done       | completed   | running               | not started |
|             |      |      |     | -        | -         | -          | -           | cu59 3581325 14:46:30 | -           |
| qHPC20      | band | jzzn | 2D  | done     | done      | done       | completed   | pd                    | not started |
|             |      |      |     | -        | -         | -          | -           | 3583158 ((Priority))  | -           |
| qHPC24      | band | jzzn | 2D  | done     | done      | done       | completed   | pd                    | completed   |
|             |      |      |     | -        | -         | -          | -           | 3583166 ((Priority))  | -           |
| qHPC36-D6h  | band | jzzn | 2D  | done     | done      | done       | completed   | running               | not started |
|             |      |      |     | -        | -         | -          | -           | cu57 3581320 10:21:41 | -           |
| qHPC60      | band | jzzn | 2D  | done     | done      | done       | completed   | pd                    | not started |
|             |      |      |     | -        | -         | -          | -           | 3583002 ((Priority))  | -           |
| qTP1C60     | band | jzzn | 2D  | done     | done      | done       | completed   | done                  | completed   |
|             |      |      |     | -        | -         | -          | -           | -                     | -           |
| qTP2C36-D2d | band | jzzn | 2D  | done     | done      | done       | completed   | pd                    | completed   |
|             |      |      |     | -        | -         | -          | -           | 3583176 ((Priority))  | -           |
| qTP2C60     | band | jzzn | 2D  | done     | done      | done       | completed   | running               | not started |
|             |      |      |     | -        | -         | -          | -           | cu53 3581324 6:33:07  | -           |
| qTPC20-b    | band | jzzn | 2D  | done     | done      | done       | completed   | pd                    | completed   |
|             |      |      |     | -        | -         | -          | -           | 3583151 ((Priority))  | -           |
| qTPC20-r    | band | jzzn | 2D  | done     | done      | done       | completed   | pd                    | completed   |
|             |      |      |     | -        | -         | -          | -           | 3583154 ((Priority))  | -           |
| qTPC24      | band | jzzn | 2D  | done     | done      | done       | completed   | pd                    | completed   |
|             |      |      |     | -        | -         | -          | -           | 3583167 ((Priority))  | -           |
| qTPC24-Mg1  | band | jzzn | 2D  | error    | waiting   | waiting    | not started | waiting               | not started |
|             |      |      |     | S1c_fine | -         | -          | -           | -                     | -           |
+-------------+------+------+-----+----------+-----------+------------+-------------+-----------------------+-------------+
Total: 12 | Done: 1 | Waiting: 10 | Actionable: 1

FAILED / NEEDS ATTENTION:
  [band] qTPC24-Mg1             S1c_fine   c 未收敛 [unknown] 还没有完成的离子步
[16:05:21] 无变化
[16:10:22] 无变化
[16:15:25] 无变化
[16:20:26] 无变化
+-------------+------+------+-----+----------+-----------+------------+-------------+----------------------+-------------+
| Material    | tt   | hpc  | dim | S1_relax | S2_static | S3_WAVECAR | S3.1_plot   | S4_HSE               | S4.1_plot   |
+=============+======+======+=====+==========+===========+============+=============+======================+=============+
| Mg2C60      | band | jzzn | 3D  | done     | done      | done       | completed   | pd                   | not started |
|             |      |      |     | -        | -         | -          | -           | 3583209 ((Priority)) | -           |
| qHPC20      | band | jzzn | 2D  | done     | done      | done       | completed   | running              | not started |
|             |      |      |     | -        | -         | -          | -           | cu57 3583211 1:02    | -           |
| qHPC24      | band | jzzn | 2D  | done     | done      | done       | completed   | running              | completed   |
|             |      |      |     | -        | -         | -          | -           | cu53 3583212 0:01    | -           |
| qHPC36-D6h  | band | jzzn | 2D  | done     | done      | done       | completed   | pd                   | not started |
|             |      |      |     | -        | -         | -          | -           | 3583213 ((Priority)) | -           |
| qHPC60      | band | jzzn | 2D  | done     | done      | done       | completed   | pd                   | not started |
|             |      |      |     | -        | -         | -          | -           | 3583214 ((Priority)) | -           |
| qTP1C60     | band | jzzn | 2D  | done     | done      | done       | completed   | done                 | completed   |
|             |      |      |     | -        | -         | -          | -           | -                    | -           |
| qTP2C36-D2d | band | jzzn | 2D  | done     | done      | done       | completed   | pd                   | completed   |
|             |      |      |     | -        | -         | -          | -           | 3583215 ((Priority)) | -           |
| qTP2C60     | band | jzzn | 2D  | done     | done      | done       | completed   | pd                   | not started |
|             |      |      |     | -        | -         | -          | -           | 3583216 ((Priority)) | -           |
| qTPC20-b    | band | jzzn | 2D  | done     | done      | done       | completed   | pd                   | completed   |
|             |      |      |     | -        | -         | -          | -           | 3583218 ((Priority)) | -           |
| qTPC20-r    | band | jzzn | 2D  | done     | done      | done       | completed   | pd                   | completed   |
|             |      |      |     | -        | -         | -          | -           | 3583219 ((Priority)) | -           |
| qTPC24      | band | jzzn | 2D  | done     | done      | done       | completed   | pd                   | completed   |
|             |      |      |     | -        | -         | -          | -           | 3583221 ((Priority)) | -           |
| qTPC24-Mg1  | band | jzzn | 2D  | error    | waiting   | waiting    | not started | waiting              | not started |
|             |      |      |     | S1c_fine | -         | -          | -           | -                    | -           |
+-------------+------+------+-----+----------+-----------+------------+-------------+----------------------+-------------+
Total: 12 | Done: 1 | Waiting: 10 | Actionable: 1

FAILED / NEEDS ATTENTION:
  [band] qTPC24-Mg1             S1c_fine   c 未收敛 [unknown] 还没有完成的离子步
[16:30:31] 无变化
[16:35:36] 无变化
[16:40:38] 无变化
[16:45:42] 无变化
[16:50:43] 无变化
[16:55:45] 无变化
[17:00:47] 无变化
[17:05:48] 无变化
[17:10:50] 无变化
[17:15:51] 无变化
[17:20:53] 无变化
[17:25:55] 无变化
[17:30:57] 无变化
[17:35:58] 无变化
[17:41:00] 无变化
[17:46:02] 无变化
[17:51:03] 无变化
[17:56:05] 无变化
[18:01:06] 无变化
[18:06:11] 无变化
[18:11:12] 无变化
[18:16:14] 无变化
[18:21:16] 无变化
[18:26:17] 无变化
[18:31:19] 无变化
[18:36:20] 无变化
[18:41:22] 无变化
[18:46:24] 无变化
[18:51:27] 无变化
[18:56:29] 无变化
[19:01:31] 无变化
[19:06:32] 无变化
[19:11:35] 无变化
[19:16:39] 无变化
[19:21:41] 无变化
[19:26:43] 无变化
[19:31:48] 无变化
+-------------+------+------+-----+----------+-----------+------------+-------------+----------------------+-------------+
| Material    | tt   | hpc  | dim | S1_relax | S2_static | S3_WAVECAR | S3.1_plot   | S4_HSE               | S4.1_plot   |
+=============+======+======+=====+==========+===========+============+=============+======================+=============+
| Mg2C60      | band | jzzn | 3D  | done     | done      | done       | completed   | pd                   | not started |
|             |      |      |     | -        | -         | -          | -           | 3583209 ((Priority)) | -           |
| qHPC20      | band | jzzn | 2D  | done     | done      | done       | completed   | running              | not started |
|             |      |      |     | -        | -         | -          | -           | cu57 3583211 3:12:26 | -           |
| qHPC24      | band | jzzn | 2D  | done     | done      | done       | completed   | done                 | completed   |
|             |      |      |     | -        | -         | -          | -           | -                    | -           |
| qHPC36-D6h  | band | jzzn | 2D  | done     | done      | done       | completed   | pd                   | not started |
|             |      |      |     | -        | -         | -          | -           | 3583213 ((Priority)) | -           |
| qHPC60      | band | jzzn | 2D  | done     | done      | done       | completed   | pd                   | not started |
|             |      |      |     | -        | -         | -          | -           | 3583214 ((Priority)) | -           |
| qTP1C60     | band | jzzn | 2D  | done     | done      | done       | completed   | done                 | completed   |
|             |      |      |     | -        | -         | -          | -           | -                    | -           |
| qTP2C36-D2d | band | jzzn | 2D  | done     | done      | done       | completed   | pd                   | completed   |
|             |      |      |     | -        | -         | -          | -           | 3583215 ((Priority)) | -           |
| qTP2C60     | band | jzzn | 2D  | done     | done      | done       | completed   | pd                   | not started |
|             |      |      |     | -        | -         | -          | -           | 3583216 ((Priority)) | -           |
| qTPC20-b    | band | jzzn | 2D  | done     | done      | done       | completed   | pd                   | completed   |
|             |      |      |     | -        | -         | -          | -           | 3583218 ((Priority)) | -           |
| qTPC20-r    | band | jzzn | 2D  | done     | done      | done       | completed   | pd                   | completed   |
|             |      |      |     | -        | -         | -          | -           | 3583219 ((Priority)) | -           |
| qTPC24      | band | jzzn | 2D  | done     | done      | done       | completed   | pd                   | completed   |
|             |      |      |     | -        | -         | -          | -           | 3583221 ((Priority)) | -           |
| qTPC24-Mg1  | band | jzzn | 2D  | error    | waiting   | waiting    | not started | waiting              | not started |
|             |      |      |     | S1c_fine | -         | -          | -           | -                    | -           |
+-------------+------+------+-----+----------+-----------+------------+-------------+----------------------+-------------+
Total: 12 | Done: 2 | Waiting: 9 | Actionable: 1

FAILED / NEEDS ATTENTION:
  [band] qTPC24-Mg1             S1c_fine   c 未收敛 [unknown] 还没有完成的离子步
[19:41:59] 无变化
[19:47:07] 无变化
[19:52:13] 无变化
[19:57:20] 无变化
[20:02:26] 无变化
[20:07:33] 无变化
[20:12:39] 无变化
[20:17:49] 无变化
[20:22:55] 无变化
[20:28:03] 无变化
[20:33:10] 无变化
[20:38:18] 无变化
[20:43:26] 无变化
[20:48:34] 无变化
[20:53:43] 无变化
[20:58:53] 无变化
[21:04:02] 无变化
[21:09:12] 无变化
[21:14:20] 无变化
[21:19:28] 无变化
[21:24:36] 无变化
[21:29:43] 无变化
[21:34:51] 无变化
[21:40:00] 无变化
[21:45:09] 无变化
[21:50:18] 无变化
[21:55:27] 无变化
[22:00:39] 无变化
[22:05:48] 无变化
[22:10:58] 无变化
[22:16:09] 无变化
[22:21:18] 无变化
[22:26:28] 无变化
[22:31:39] 无变化
[22:36:49] 无变化
[22:41:59] 无变化
auto qHPC20[band|S4.1_plot]: 已生成 /public/home/wangchao/Fullerene_Network/fullerene_network/test/qHPC20/band/step4_band_plot（band_summary.json）
+-------------+------+------+-----+----------+-----------+------------+-------------+----------------------+-------------+
| Material    | tt   | hpc  | dim | S1_relax | S2_static | S3_WAVECAR | S3.1_plot   | S4_HSE               | S4.1_plot   |
+=============+======+======+=====+==========+===========+============+=============+======================+=============+
| Mg2C60      | band | jzzn | 3D  | done     | done      | done       | completed   | pd                   | not started |
|             |      |      |     | -        | -         | -          | -           | 3583209 ((Priority)) | -           |
| qHPC20      | band | jzzn | 2D  | done     | done      | done       | completed   | done                 | not started |
|             |      |      |     | -        | -         | -          | -           | -                    | -           |
| qHPC24      | band | jzzn | 2D  | done     | done      | done       | completed   | done                 | completed   |
|             |      |      |     | -        | -         | -          | -           | -                    | -           |
| qHPC36-D6h  | band | jzzn | 2D  | done     | done      | done       | completed   | pd                   | not started |
|             |      |      |     | -        | -         | -          | -           | 3583213 ((Priority)) | -           |
| qHPC60      | band | jzzn | 2D  | done     | done      | done       | completed   | pd                   | not started |
|             |      |      |     | -        | -         | -          | -           | 3583214 ((Priority)) | -           |
| qTP1C60     | band | jzzn | 2D  | done     | done      | done       | completed   | done                 | completed   |
|             |      |      |     | -        | -         | -          | -           | -                    | -           |
| qTP2C36-D2d | band | jzzn | 2D  | done     | done      | done       | completed   | pd                   | completed   |
|             |      |      |     | -        | -         | -          | -           | 3583215 ((Priority)) | -           |
| qTP2C60     | band | jzzn | 2D  | done     | done      | done       | completed   | pd                   | not started |
|             |      |      |     | -        | -         | -          | -           | 3583216 ((Priority)) | -           |
| qTPC20-b    | band | jzzn | 2D  | done     | done      | done       | completed   | pd                   | completed   |
|             |      |      |     | -        | -         | -          | -           | 3583218 ((Priority)) | -           |
| qTPC20-r    | band | jzzn | 2D  | done     | done      | done       | completed   | pd                   | completed   |
|             |      |      |     | -        | -         | -          | -           | 3583219 ((Priority)) | -           |
| qTPC24      | band | jzzn | 2D  | done     | done      | done       | completed   | pd                   | completed   |
|             |      |      |     | -        | -         | -          | -           | 3583221 ((Priority)) | -           |
| qTPC24-Mg1  | band | jzzn | 2D  | error    | waiting   | waiting    | not started | waiting              | not started |
|             |      |      |     | S1c_fine | -         | -          | -           | -                    | -           |
+-------------+------+------+-----+----------+-----------+------------+-------------+----------------------+-------------+
Total: 12 | Done: 2 | Waiting: 8 | Actionable: 2

FAILED / NEEDS ATTENTION:
  [band] qTPC24-Mg1             S1c_fine   c 未收敛 [unknown] 还没有完成的离子步
+-------------+------+------+-----+----------+-----------+------------+-------------+----------------------+-------------+
| Material    | tt   | hpc  | dim | S1_relax | S2_static | S3_WAVECAR | S3.1_plot   | S4_HSE               | S4.1_plot   |
+=============+======+======+=====+==========+===========+============+=============+======================+=============+
| Mg2C60      | band | jzzn | 3D  | done     | done      | done       | completed   | pd                   | not started |
|             |      |      |     | -        | -         | -          | -           | 3583209 ((Priority)) | -           |
| qHPC20      | band | jzzn | 2D  | done     | done      | done       | completed   | done                 | completed   |
|             |      |      |     | -        | -         | -          | -           | -                    | -           |
| qHPC24      | band | jzzn | 2D  | done     | done      | done       | completed   | done                 | completed   |
|             |      |      |     | -        | -         | -          | -           | -                    | -           |
| qHPC36-D6h  | band | jzzn | 2D  | done     | done      | done       | completed   | pd                   | not started |
|             |      |      |     | -        | -         | -          | -           | 3583213 ((Priority)) | -           |
| qHPC60      | band | jzzn | 2D  | done     | done      | done       | completed   | pd                   | not started |
|             |      |      |     | -        | -         | -          | -           | 3583214 ((Priority)) | -           |
| qTP1C60     | band | jzzn | 2D  | done     | done      | done       | completed   | done                 | completed   |
|             |      |      |     | -        | -         | -          | -           | -                    | -           |
| qTP2C36-D2d | band | jzzn | 2D  | done     | done      | done       | completed   | pd                   | completed   |
|             |      |      |     | -        | -         | -          | -           | 3583215 ((Priority)) | -           |
| qTP2C60     | band | jzzn | 2D  | done     | done      | done       | completed   | pd                   | not started |
|             |      |      |     | -        | -         | -          | -           | 3583216 ((Priority)) | -           |
| qTPC20-b    | band | jzzn | 2D  | done     | done      | done       | completed   | pd                   | completed   |
|             |      |      |     | -        | -         | -          | -           | 3583218 ((Priority)) | -           |
| qTPC20-r    | band | jzzn | 2D  | done     | done      | done       | completed   | pd                   | completed   |
|             |      |      |     | -        | -         | -          | -           | 3583219 ((Priority)) | -           |
| qTPC24      | band | jzzn | 2D  | done     | done      | done       | completed   | pd                   | completed   |
|             |      |      |     | -        | -         | -          | -           | 3583221 ((Priority)) | -           |
| qTPC24-Mg1  | band | jzzn | 2D  | error    | waiting   | waiting    | not started | waiting              | not started |
|             |      |      |     | S1c_fine | -         | -          | -           | -                    | -           |
+-------------+------+------+-----+----------+-----------+------------+-------------+----------------------+-------------+
Total: 12 | Done: 3 | Waiting: 8 | Actionable: 1

FAILED / NEEDS ATTENTION:
  [band] qTPC24-Mg1             S1c_fine   c 未收敛 [unknown] 还没有完成的离子步
[22:57:33] 无变化
[23:02:40] 无变化
[23:07:49] 无变化
[23:13:00] 无变化
[23:18:10] 无变化
[23:23:20] 无变化
[23:28:30] 无变化
[23:33:41] 无变化
[23:38:52] 无变化
[23:44:03] 无变化
[23:49:14] 无变化
[23:54:28] 无变化
[23:59:40] 无变化
[00:04:51] 无变化
[00:10:03] 无变化
[00:15:15] 无变化
[00:20:27] 无变化
[00:25:40] 无变化
[00:30:53] 无变化
[00:36:05] 无变化
[00:41:19] 无变化
[00:46:31] 无变化
[00:51:46] 无变化
[00:56:59] 无变化
[01:02:11] 无变化
[01:07:25] 无变化
[01:12:38] 无变化
[01:17:51] 无变化
[01:23:04] 无变化
[01:28:16] 无变化
[01:33:30] 无变化
[01:38:44] 无变化
[01:43:57] 无变化
[01:49:12] 无变化
[01:54:26] 无变化
[01:59:40] 无变化
[02:04:56] 无变化
[02:10:10] 无变化
[02:15:25] 无变化
[02:20:41] 无变化
[02:25:56] 无变化
[02:31:10] 无变化
[02:36:26] 无变化
[02:41:39] 无变化
[02:46:55] 无变化
[02:52:10] 无变化
[02:57:25] 无变化
[03:02:42] 无变化
+-------------+------+------+-----+----------+-----------+------------+-------------+----------------------+-------------+
| Material    | tt   | hpc  | dim | S1_relax | S2_static | S3_WAVECAR | S3.1_plot   | S4_HSE               | S4.1_plot   |
+=============+======+======+=====+==========+===========+============+=============+======================+=============+
| Mg2C60      | band | jzzn | 3D  | done     | done      | done       | completed   | running              | not started |
|             |      |      |     | -        | -         | -          | -           | cu59 3583209 4:13    | -           |
| qHPC20      | band | jzzn | 2D  | done     | done      | done       | completed   | done                 | completed   |
|             |      |      |     | -        | -         | -          | -           | -                    | -           |
| qHPC24      | band | jzzn | 2D  | done     | done      | done       | completed   | done                 | completed   |
|             |      |      |     | -        | -         | -          | -           | -                    | -           |
| qHPC36-D6h  | band | jzzn | 2D  | done     | done      | done       | completed   | pd                   | not started |
|             |      |      |     | -        | -         | -          | -           | 3583213 ((Priority)) | -           |
| qHPC60      | band | jzzn | 2D  | done     | done      | done       | completed   | pd                   | not started |
|             |      |      |     | -        | -         | -          | -           | 3583214 ((Priority)) | -           |
| qTP1C60     | band | jzzn | 2D  | done     | done      | done       | completed   | done                 | completed   |
|             |      |      |     | -        | -         | -          | -           | -                    | -           |
| qTP2C36-D2d | band | jzzn | 2D  | done     | done      | done       | completed   | pd                   | completed   |
|             |      |      |     | -        | -         | -          | -           | 3583215 ((Priority)) | -           |
| qTP2C60     | band | jzzn | 2D  | done     | done      | done       | completed   | pd                   | not started |
|             |      |      |     | -        | -         | -          | -           | 3583216 ((Priority)) | -           |
| qTPC20-b    | band | jzzn | 2D  | done     | done      | done       | completed   | pd                   | completed   |
|             |      |      |     | -        | -         | -          | -           | 3583218 ((Priority)) | -           |
| qTPC20-r    | band | jzzn | 2D  | done     | done      | done       | completed   | pd                   | completed   |
|             |      |      |     | -        | -         | -          | -           | 3583219 ((Priority)) | -           |
| qTPC24      | band | jzzn | 2D  | done     | done      | done       | completed   | pd                   | completed   |
|             |      |      |     | -        | -         | -          | -           | 3583221 ((Priority)) | -           |
| qTPC24-Mg1  | band | jzzn | 2D  | error    | waiting   | waiting    | not started | waiting              | not started |
|             |      |      |     | S1c_fine | -         | -          | -           | -                    | -           |
+-------------+------+------+-----+----------+-----------+------------+-------------+----------------------+-------------+
Total: 12 | Done: 3 | Waiting: 8 | Actionable: 1

FAILED / NEEDS ATTENTION:
  [band] qTPC24-Mg1             S1c_fine   c 未收敛 [unknown] 还没有完成的离子步
+-------------+------+------+-----+----------+-----------+------------+-------------+----------------------+-------------+
| Material    | tt   | hpc  | dim | S1_relax | S2_static | S3_WAVECAR | S3.1_plot   | S4_HSE               | S4.1_plot   |
+=============+======+======+=====+==========+===========+============+=============+======================+=============+
| Mg2C60      | band | jzzn | 3D  | done     | done      | done       | completed   | running              | not started |
|             |      |      |     | -        | -         | -          | -           | cu59 3583209 9:29    | -           |
| qHPC20      | band | jzzn | 2D  | done     | done      | done       | completed   | done                 | completed   |
|             |      |      |     | -        | -         | -          | -           | -                    | -           |
| qHPC24      | band | jzzn | 2D  | done     | done      | done       | completed   | done                 | completed   |
|             |      |      |     | -        | -         | -          | -           | -                    | -           |
| qHPC36-D6h  | band | jzzn | 2D  | done     | done      | done       | completed   | running              | not started |
|             |      |      |     | -        | -         | -          | -           | cu32 3583213 2:24    | -           |
| qHPC60      | band | jzzn | 2D  | done     | done      | done       | completed   | pd                   | not started |
|             |      |      |     | -        | -         | -          | -           | 3583214 ((Priority)) | -           |
| qTP1C60     | band | jzzn | 2D  | done     | done      | done       | completed   | done                 | completed   |
|             |      |      |     | -        | -         | -          | -           | -                    | -           |
| qTP2C36-D2d | band | jzzn | 2D  | done     | done      | done       | completed   | pd                   | completed   |
|             |      |      |     | -        | -         | -          | -           | 3583215 ((Priority)) | -           |
| qTP2C60     | band | jzzn | 2D  | done     | done      | done       | completed   | pd                   | not started |
|             |      |      |     | -        | -         | -          | -           | 3583216 ((Priority)) | -           |
| qTPC20-b    | band | jzzn | 2D  | done     | done      | done       | completed   | pd                   | completed   |
|             |      |      |     | -        | -         | -          | -           | 3583218 ((Priority)) | -           |
| qTPC20-r    | band | jzzn | 2D  | done     | done      | done       | completed   | pd                   | completed   |
|             |      |      |     | -        | -         | -          | -           | 3583219 ((Priority)) | -           |
| qTPC24      | band | jzzn | 2D  | done     | done      | done       | completed   | pd                   | completed   |
|             |      |      |     | -        | -         | -          | -           | 3583221 ((Priority)) | -           |
| qTPC24-Mg1  | band | jzzn | 2D  | error    | waiting   | waiting    | not started | waiting              | not started |
|             |      |      |     | S1c_fine | -         | -          | -           | -                    | -           |
+-------------+------+------+-----+----------+-----------+------------+-------------+----------------------+-------------+
Total: 12 | Done: 3 | Waiting: 8 | Actionable: 1

FAILED / NEEDS ATTENTION:
  [band] qTPC24-Mg1             S1c_fine   c 未收敛 [unknown] 还没有完成的离子步
[03:18:29] 无变化
[03:23:44] 无变化
[03:28:58] 无变化
[03:34:15] 无变化
[03:39:31] 无变化
[03:44:48] 无变化
[03:50:03] 无变化
[03:55:19] 无变化
[04:00:37] 无变化
[04:05:51] 无变化
[04:11:06] 无变化
[04:16:24] 无变化
[04:21:40] 无变化
[04:26:57] 无变化
[04:32:15] 无变化
[04:37:32] 无变化
[04:42:50] 无变化
[04:48:07] 无变化
[04:53:23] 无变化
[04:58:43] 无变化
[05:04:00] 无变化
[05:09:15] 无变化
[05:14:34] 无变化
[05:19:52] 无变化
[05:25:09] 无变化
[05:30:29] 无变化
[05:35:46] 无变化
[05:41:04] 无变化
[05:46:24] 无变化
[05:51:43] 无变化
[05:57:04] 无变化
[06:02:24] 无变化
[06:07:42] 无变化
[06:13:03] 无变化
[06:18:21] 无变化
[06:23:40] 无变化
[06:29:01] 无变化
[06:34:20] 无变化
[06:39:39] 无变化
[06:45:04] 无变化
[06:50:23] 无变化
[06:55:45] 无变化
[07:01:04] 无变化
[07:06:24] 无变化
[07:11:47] 无变化
[07:17:06] 无变化
[07:22:26] 无变化
[07:27:49] 无变化
[07:33:08] 无变化
[07:38:30] 无变化
[07:43:50] 无变化
[07:49:10] 无变化
[07:54:32] 无变化
[07:59:52] 无变化
[08:05:13] 无变化
[08:10:34] 无变化
[08:15:54] 无变化
[08:21:15] 无变化
[08:26:38] 无变化
[08:31:58] 无变化
[08:37:20] 无变化
[08:42:41] 无变化
[08:48:01] 无变化
[08:53:23] 无变化
[08:58:43] 无变化
[09:04:06] 无变化
[09:09:30] 无变化
[09:14:52] 无变化
[09:20:14] 无变化
[09:25:39] 无变化
[09:31:01] 无变化
[09:36:23] 无变化
[09:41:48] 无变化
[09:47:10] 无变化
[09:52:32] 无变化
[09:57:56] 无变化
[10:03:19] 无变化
[10:08:43] 无变化
[10:14:05] 无变化
[10:19:27] 无变化
[10:24:52] 无变化
[10:30:17] 无变化
[10:35:40] 无变化
[10:41:06] 无变化
[10:46:30] 无变化
[10:51:54] 无变化
[10:57:20] 无变化
[11:02:43] 无变化
[11:08:07] 无变化
[11:13:33] 无变化
[11:18:57] 无变化
[11:24:28] 无变化
[11:30:02] 无变化
[11:35:38] 无变化
[11:41:07] 无变化
[11:46:37] 无变化
[11:52:02] 无变化
[11:57:21] 无变化
[12:02:43] 无变化
[12:08:02] 无变化
[12:13:23] 无变化
[12:18:49] 无变化
[12:24:11] 无变化
[12:29:36] 无变化
[12:35:01] 无变化
[12:40:25] 无变化
[12:45:54] 无变化
[12:51:20] 无变化
[12:56:46] 无变化
[13:02:16] 无变化
[13:07:45] 无变化
[13:13:13] 无变化
[13:18:42] 无变化
[13:24:07] 无变化
+-------------+------+------+-----+----------+-----------+------------+-------------+-----------------------+-------------+
| Material    | tt   | hpc  | dim | S1_relax | S2_static | S3_WAVECAR | S3.1_plot   | S4_HSE                | S4.1_plot   |
+=============+======+======+=====+==========+===========+============+=============+=======================+=============+
| Mg2C60      | band | jzzn | 3D  | done     | done      | done       | completed   | running               | not started |
|             |      |      |     | -        | -         | -          | -           | cu59 3583209 10:25:51 | -           |
| qHPC20      | band | jzzn | 2D  | done     | done      | done       | completed   | done                  | completed   |
|             |      |      |     | -        | -         | -          | -           | -                     | -           |
| qHPC24      | band | jzzn | 2D  | done     | done      | done       | completed   | done                  | completed   |
|             |      |      |     | -        | -         | -          | -           | -                     | -           |
| qHPC36-D6h  | band | jzzn | 2D  | done     | done      | done       | completed   | error                 | not started |
|             |      |      |     | -        | -         | -          | -           | -                     | -           |
| qHPC60      | band | jzzn | 2D  | done     | done      | done       | completed   | pd                    | not started |
|             |      |      |     | -        | -         | -          | -           | 3583214 ((Priority))  | -           |
| qTP1C60     | band | jzzn | 2D  | done     | done      | done       | completed   | done                  | completed   |
|             |      |      |     | -        | -         | -          | -           | -                     | -           |
| qTP2C36-D2d | band | jzzn | 2D  | done     | done      | done       | completed   | pd                    | completed   |
|             |      |      |     | -        | -         | -          | -           | 3583215 ((Priority))  | -           |
| qTP2C60     | band | jzzn | 2D  | done     | done      | done       | completed   | pd                    | not started |
|             |      |      |     | -        | -         | -          | -           | 3583216 ((Priority))  | -           |
| qTPC20-b    | band | jzzn | 2D  | done     | done      | done       | completed   | pd                    | completed   |
|             |      |      |     | -        | -         | -          | -           | 3583218 ((Priority))  | -           |
| qTPC20-r    | band | jzzn | 2D  | done     | done      | done       | completed   | pd                    | completed   |
|             |      |      |     | -        | -         | -          | -           | 3583219 ((Priority))  | -           |
| qTPC24      | band | jzzn | 2D  | done     | done      | done       | completed   | pd                    | completed   |
|             |      |      |     | -        | -         | -          | -           | 3583221 ((Priority))  | -           |
| qTPC24-Mg1  | band | jzzn | 2D  | error    | waiting   | waiting    | not started | waiting               | not started |
|             |      |      |     | S1c_fine | -         | -          | -           | -                     | -           |
+-------------+------+------+-----+----------+-----------+------------+-------------+-----------------------+-------------+
Total: 12 | Done: 3 | Waiting: 7 | Actionable: 2

FAILED / NEEDS ATTENTION:
  [band] qHPC36-D6h             S4_HSE     OUTCAR incomplete
  [band] qTPC24-Mg1             S1c_fine   c 未收敛 [unknown] 还没有完成的离子步
[13:35:03] 无变化
+-------------+------+------+-----+----------+-----------+------------+-------------+-----------------------+-------------+
| Material    | tt   | hpc  | dim | S1_relax | S2_static | S3_WAVECAR | S3.1_plot   | S4_HSE                | S4.1_plot   |
+=============+======+======+=====+==========+===========+============+=============+=======================+=============+
| Mg2C60      | band | jzzn | 3D  | done     | done      | done       | completed   | running               | not started |
|             |      |      |     | -        | -         | -          | -           | cu59 3583209 10:36:44 | -           |
| qHPC20      | band | jzzn | 2D  | done     | done      | done       | completed   | done                  | completed   |
|             |      |      |     | -        | -         | -          | -           | -                     | -           |
| qHPC24      | band | jzzn | 2D  | done     | done      | done       | completed   | done                  | completed   |
|             |      |      |     | -        | -         | -          | -           | -                     | -           |
| qHPC36-D6h  | band | jzzn | 2D  | done     | done      | done       | completed   | error                 | not started |
|             |      |      |     | -        | -         | -          | -           | -                     | -           |
| qHPC60      | band | jzzn | 2D  | done     | done      | done       | completed   | running               | not started |
|             |      |      |     | -        | -         | -          | -           | cu32 3583214 4:22     | -           |
| qTP1C60     | band | jzzn | 2D  | done     | done      | done       | completed   | done                  | completed   |
|             |      |      |     | -        | -         | -          | -           | -                     | -           |
| qTP2C36-D2d | band | jzzn | 2D  | done     | done      | done       | completed   | pd                    | completed   |
|             |      |      |     | -        | -         | -          | -           | 3583215 ((Priority))  | -           |
| qTP2C60     | band | jzzn | 2D  | done     | done      | done       | completed   | pd                    | not started |
|             |      |      |     | -        | -         | -          | -           | 3583216 ((Priority))  | -           |
| qTPC20-b    | band | jzzn | 2D  | done     | done      | done       | completed   | pd                    | completed   |
|             |      |      |     | -        | -         | -          | -           | 3583218 ((Priority))  | -           |
| qTPC20-r    | band | jzzn | 2D  | done     | done      | done       | completed   | pd                    | completed   |
|             |      |      |     | -        | -         | -          | -           | 3583219 ((Priority))  | -           |
| qTPC24      | band | jzzn | 2D  | done     | done      | done       | completed   | pd                    | completed   |
|             |      |      |     | -        | -         | -          | -           | 3583221 ((Priority))  | -           |
| qTPC24-Mg1  | band | jzzn | 2D  | error    | waiting   | waiting    | not started | waiting               | not started |
|             |      |      |     | S1c_fine | -         | -          | -           | -                     | -           |
+-------------+------+------+-----+----------+-----------+------------+-------------+-----------------------+-------------+
Total: 12 | Done: 3 | Waiting: 7 | Actionable: 2

FAILED / NEEDS ATTENTION:
  [band] qHPC36-D6h             S4_HSE     OUTCAR incomplete
  [band] qTPC24-Mg1             S1c_fine   c 未收敛 [unknown] 还没有完成的离子步
[13:45:56] 无变化
监控模式：每 300 秒刷新（auto-fetch + auto-advance 开；配置改动自动重载），Ctrl+C 退出。
auto-fetch qTPC24: step1_std_opt → /home/wangchao/Fullerene_Network/C24/qTPC24/elastic/result
auto Mg2C60[band|S4.1_plot]: 已生成 /public/home/wangchao/Fullerene_Network/fullerene_network/test/Mg2C60/band/step4_band_plot（band_summary.json）
auto qTP2C60[band|S4.1_plot]: 已生成 /public/home/wangchao/Fullerene_Network/fullerene_network/test/qTP2C60/band/step4_band_plot（band_summary.json）
auto qHPC20[elastic|S2_elastic]: gen 完成。[DONE] step2_elastic 已生成，可用 vasp_std 提交
auto qHPC20[elastic|S2_elastic]: 已提交 qHPC20-elastic-S2_elastic (jobid=3587485)
auto qHPC24[elastic|S2_elastic]: gen 完成。[DONE] step2_elastic 已生成，可用 vasp_std 提交
auto qHPC24[elastic|S2_elastic]: 已提交 qHPC24-elastic-S2_elastic (jobid=3587488)
auto qTPC20-b[elastic|S2_elastic]: gen 完成。[DONE] step2_elastic 已生成，可用 vasp_std 提交
auto qTPC20-b[elastic|S2_elastic]: 已提交 qTPC20-b-elastic-S2_elastic (jobid=3587491)
auto qTPC20-r[elastic|S2_elastic]: gen 完成。[DONE] step2_elastic 已生成，可用 vasp_std 提交
auto qTPC20-r[elastic|S2_elastic]: 已提交 qTPC20-r-elastic-S2_elastic (jobid=3587492)
auto qTPC24[elastic|S2_elastic]: gen 完成。[DONE] step2_elastic 已生成，可用 vasp_std 提交
auto qTPC24[elastic|S2_elastic]: 已提交 qTPC24-elastic-S2_elastic (jobid=3587494)
== band（能带计算，12 个材料）==
+-------------+------+------+-----+----------+-----------+------------+-------------+---------+-------------+
| Material    | tt   | hpc  | dim | S1_relax | S2_static | S3_WAVECAR | S3.1_plot   | S4_HSE  | S4.1_plot   |
+=============+======+======+=====+==========+===========+============+=============+=========+=============+
| Mg2C60      | band | jzzn | 3D  | done     | done      | done       | completed   | done    | not started |
|             |      |      |     | -        | -         | -          | -           | -       | -           |
| qHPC20      | band | jzzn | 2D  | done     | done      | done       | completed   | done    | completed   |
|             |      |      |     | -        | -         | -          | -           | -       | -           |
| qHPC24      | band | jzzn | 2D  | done     | done      | done       | completed   | done    | completed   |
|             |      |      |     | -        | -         | -          | -           | -       | -           |
| qHPC36-D6h  | band | jzzn | 2D  | done     | done      | done       | completed   | error   | not started |
|             |      |      |     | -        | -         | -          | -           | -       | -           |
| qHPC60      | band | jzzn | 2D  | done     | done      | done       | completed   | error   | not started |
|             |      |      |     | -        | -         | -          | -           | -       | -           |
| qTP1C60     | band | jzzn | 2D  | done     | done      | done       | completed   | done    | completed   |
|             |      |      |     | -        | -         | -          | -           | -       | -           |
| qTP2C36-D2d | band | jzzn | 2D  | done     | done      | done       | completed   | done    | completed   |
|             |      |      |     | -        | -         | -          | -           | -       | -           |
| qTP2C60     | band | jzzn | 2D  | done     | done      | done       | completed   | done    | not started |
|             |      |      |     | -        | -         | -          | -           | -       | -           |
| qTPC20-b    | band | jzzn | 2D  | done     | done      | done       | completed   | done    | completed   |
|             |      |      |     | -        | -         | -          | -           | -       | -           |
| qTPC20-r    | band | jzzn | 2D  | done     | done      | done       | completed   | done    | completed   |
|             |      |      |     | -        | -         | -          | -           | -       | -           |
| qTPC24      | band | jzzn | 2D  | done     | done      | done       | completed   | done    | completed   |
|             |      |      |     | -        | -         | -          | -           | -       | -           |
| qTPC24-Mg1  | band | jzzn | 2D  | error    | waiting   | waiting    | not started | waiting | not started |
|             |      |      |     | S1c_fine | -         | -          | -           | -       | -           |
+-------------+------+------+-----+----------+-----------+------------+-------------+---------+-------------+
Total: 12 | Done: 7 | Waiting: 0 | Actionable: 5

FAILED / NEEDS ATTENTION:
  [band] qHPC36-D6h             S4_HSE     OUTCAR incomplete
  [band] qHPC60                 S4_HSE     OUTCAR incomplete
  [band] qTPC24-Mg1             S1c_fine   c 未收敛 [unknown] 还没有完成的离子步

== elastic（弹性常数计算，5 个材料）==
+----------+---------+------+-----+--------+------------+-------------+
| Material | tt      | hpc  | dim | S1_opt | S2_elastic | S3_post     |
+==========+=========+======+=====+========+============+=============+
| qHPC20   | elastic | jzzn | 2D  | done   | waiting    | not started |
|          |         |      |     | -      | -          | -           |
| qHPC24   | elastic | jzzn | 2D  | done   | waiting    | not started |
|          |         |      |     | -      | -          | -           |
| qTPC20-b | elastic | jzzn | 2D  | done   | waiting    | not started |
|          |         |      |     | -      | -          | -           |
| qTPC20-r | elastic | jzzn | 2D  | done   | waiting    | not started |
|          |         |      |     | -      | -          | -           |
| qTPC24   | elastic | jzzn | 2D  | done   | waiting    | not started |
|          |         |      |     | -      | -          | -           |
+----------+---------+------+-----+--------+------------+-------------+
Total: 5 | Done: 0 | Waiting: 0 | Actionable: 5

== band（能带计算，12 个材料）==
+-------------+------+------+-----+----------+-----------+------------+-------------+---------+-------------+
| Material    | tt   | hpc  | dim | S1_relax | S2_static | S3_WAVECAR | S3.1_plot   | S4_HSE  | S4.1_plot   |
+=============+======+======+=====+==========+===========+============+=============+=========+=============+
| Mg2C60      | band | jzzn | 3D  | done     | done      | done       | completed   | done    | completed   |
|             |      |      |     | -        | -         | -          | -           | -       | -           |
| qHPC20      | band | jzzn | 2D  | done     | done      | done       | completed   | done    | completed   |
|             |      |      |     | -        | -         | -          | -           | -       | -           |
| qHPC24      | band | jzzn | 2D  | done     | done      | done       | completed   | done    | completed   |
|             |      |      |     | -        | -         | -          | -           | -       | -           |
| qHPC36-D6h  | band | jzzn | 2D  | done     | done      | done       | completed   | error   | not started |
|             |      |      |     | -        | -         | -          | -           | -       | -           |
| qHPC60      | band | jzzn | 2D  | done     | done      | done       | completed   | error   | not started |
|             |      |      |     | -        | -         | -          | -           | -       | -           |
| qTP1C60     | band | jzzn | 2D  | done     | done      | done       | completed   | done    | completed   |
|             |      |      |     | -        | -         | -          | -           | -       | -           |
| qTP2C36-D2d | band | jzzn | 2D  | done     | done      | done       | completed   | done    | completed   |
|             |      |      |     | -        | -         | -          | -           | -       | -           |
| qTP2C60     | band | jzzn | 2D  | done     | done      | done       | completed   | done    | completed   |
|             |      |      |     | -        | -         | -          | -           | -       | -           |
| qTPC20-b    | band | jzzn | 2D  | done     | done      | done       | completed   | done    | completed   |
|             |      |      |     | -        | -         | -          | -           | -       | -           |
| qTPC20-r    | band | jzzn | 2D  | done     | done      | done       | completed   | done    | completed   |
|             |      |      |     | -        | -         | -          | -           | -       | -           |
| qTPC24      | band | jzzn | 2D  | done     | done      | done       | completed   | done    | completed   |
|             |      |      |     | -        | -         | -          | -           | -       | -           |
| qTPC24-Mg1  | band | jzzn | 2D  | error    | waiting   | waiting    | not started | waiting | not started |
|             |      |      |     | S1c_fine | -         | -          | -           | -       | -           |
+-------------+------+------+-----+----------+-----------+------------+-------------+---------+-------------+
Total: 12 | Done: 9 | Waiting: 0 | Actionable: 3

FAILED / NEEDS ATTENTION:
  [band] qHPC36-D6h             S4_HSE     OUTCAR incomplete
  [band] qHPC60                 S4_HSE     OUTCAR incomplete
  [band] qTPC24-Mg1             S1c_fine   c 未收敛 [unknown] 还没有完成的离子步

== elastic（弹性常数计算，5 个材料）==
+----------+---------+------+-----+--------+----------------------+-------------+
| Material | tt      | hpc  | dim | S1_opt | S2_elastic           | S3_post     |
+==========+=========+======+=====+========+======================+=============+
| qHPC20   | elastic | jzzn | 2D  | done   | pd                   | not started |
|          |         |      |     | -      | 3587485 ((Priority)) | -           |
| qHPC24   | elastic | jzzn | 2D  | done   | pd                   | not started |
|          |         |      |     | -      | 3587487 ((Priority)) | -           |
| qTPC20-b | elastic | jzzn | 2D  | done   | pd                   | not started |
|          |         |      |     | -      | 3587490 ((Priority)) | -           |
| qTPC20-r | elastic | jzzn | 2D  | done   | pd                   | not started |
|          |         |      |     | -      | 3587492 ((Priority)) | -           |
| qTPC24   | elastic | jzzn | 2D  | done   | pd                   | not started |
|          |         |      |     | -      | 3587494 ((Priority)) | -           |
+----------+---------+------+-----+--------+----------------------+-------------+
Total: 5 | Done: 0 | Waiting: 5 | Actionable: 0

监控模式：每 300 秒刷新（auto-fetch + auto-advance 开；配置改动自动重载），Ctrl+C 退出。
== band（能带计算，12 个材料）==
+-------------+------+------+-----+----------+-----------+------------+-------------+---------+-------------+
| Material    | tt   | hpc  | dim | S1_relax | S2_static | S3_WAVECAR | S3.1_plot   | S4_HSE  | S4.1_plot   |
+=============+======+======+=====+==========+===========+============+=============+=========+=============+
| Mg2C60      | band | jzzn | 3D  | done     | done      | done       | completed   | done    | completed   |
|             |      |      |     | -        | -         | -          | -           | -       | -           |
| qHPC20      | band | jzzn | 2D  | done     | done      | done       | completed   | done    | completed   |
|             |      |      |     | -        | -         | -          | -           | -       | -           |
| qHPC24      | band | jzzn | 2D  | done     | done      | done       | completed   | done    | completed   |
|             |      |      |     | -        | -         | -          | -           | -       | -           |
| qHPC36-D6h  | band | jzzn | 2D  | done     | done      | done       | completed   | error   | not started |
|             |      |      |     | -        | -         | -          | -           | -       | -           |
| qHPC60      | band | jzzn | 2D  | done     | done      | done       | completed   | error   | not started |
|             |      |      |     | -        | -         | -          | -           | -       | -           |
| qTP1C60     | band | jzzn | 2D  | done     | done      | done       | completed   | done    | completed   |
|             |      |      |     | -        | -         | -          | -           | -       | -           |
| qTP2C36-D2d | band | jzzn | 2D  | done     | done      | done       | completed   | done    | completed   |
|             |      |      |     | -        | -         | -          | -           | -       | -           |
| qTP2C60     | band | jzzn | 2D  | done     | done      | done       | completed   | done    | completed   |
|             |      |      |     | -        | -         | -          | -           | -       | -           |
| qTPC20-b    | band | jzzn | 2D  | done     | done      | done       | completed   | done    | completed   |
|             |      |      |     | -        | -         | -          | -           | -       | -           |
| qTPC20-r    | band | jzzn | 2D  | done     | done      | done       | completed   | done    | completed   |
|             |      |      |     | -        | -         | -          | -           | -       | -           |
| qTPC24      | band | jzzn | 2D  | done     | done      | done       | completed   | done    | completed   |
|             |      |      |     | -        | -         | -          | -           | -       | -           |
| qTPC24-Mg1  | band | jzzn | 2D  | error    | waiting   | waiting    | not started | waiting | not started |
|             |      |      |     | S1c_fine | -         | -          | -           | -       | -           |
+-------------+------+------+-----+----------+-----------+------------+-------------+---------+-------------+
Total: 12 | Done: 9 | Waiting: 0 | Actionable: 3

FAILED / NEEDS ATTENTION:
  [band] qHPC36-D6h             S4_HSE     OUTCAR incomplete
  [band] qHPC60                 S4_HSE     OUTCAR incomplete
  [band] qTPC24-Mg1             S1c_fine   c 未收敛 [unknown] 还没有完成的离子步

== elastic（弹性常数计算，5 个材料）==
+----------+---------+------+-----+--------+----------------------+-------------+
| Material | tt      | hpc  | dim | S1_opt | S2_elastic           | S3_post     |
+==========+=========+======+=====+========+======================+=============+
| qHPC20   | elastic | jzzn | 2D  | done   | pd                   | not started |
|          |         |      |     | -      | 3587485 ((Priority)) | -           |
| qHPC24   | elastic | jzzn | 2D  | done   | pd                   | not started |
|          |         |      |     | -      | 3587487 ((Priority)) | -           |
| qTPC20-b | elastic | jzzn | 2D  | done   | pd                   | not started |
|          |         |      |     | -      | 3587490 ((Priority)) | -           |
| qTPC20-r | elastic | jzzn | 2D  | done   | pd                   | not started |
|          |         |      |     | -      | 3587492 ((Priority)) | -           |
| qTPC24   | elastic | jzzn | 2D  | done   | pd                   | not started |
|          |         |      |     | -      | 3587494 ((Priority)) | -           |
+----------+---------+------+-----+--------+----------------------+-------------+
Total: 5 | Done: 0 | Waiting: 5 | Actionable: 0

[16:48:02] 配置变更但重载失败（错误：类型 band 在全局 tf.yaml 里没有对应定义（继承不到 steps）。
来源文件：/home/wangchao/Fullerene_Network/Mg2C60/project_setting/tf_Mg2C60.yaml
通常是该文件的类型名和全局 tf.yaml 不一致（如 bd 改名 band 后没同步）。
全局可用的类型名：（无）。修正命令：
  sed -i 's/^  band:/  band:/' /home/wangchao/Fullerene_Network/Mg2C60/project_setting/tf_Mg2C60.yaml），沿用旧配置继续监控。
[16:48:09] 无变化
[16:53:39] 无变化
[16:59:02] 无变化
[17:04:34] 无变化
[17:09:55] 无变化
[17:15:24] 无变化
[17:20:56] 无变化
[17:26:31] 无变化
[17:32:03] 无变化
[17:37:29] 无变化
[17:43:01] 无变化
[17:48:30] 无变化
[17:53:55] 无变化
[17:59:18] 无变化
[18:04:42] 无变化
[18:10:09] 无变化
[18:15:37] 无变化
[18:21:04] 无变化
[18:26:33] 无变化
[18:32:01] 无变化
[18:37:25] 无变化
[18:42:51] 无变化
[18:48:18] 无变化
[18:53:46] 无变化
[18:59:15] 无变化
[19:04:43] 无变化
== band（能带计算，12 个材料）==
+-------------+------+------+-----+----------+-----------+------------+-------------+---------+-------------+
| Material    | tt   | hpc  | dim | S1_relax | S2_static | S3_WAVECAR | S3.1_plot   | S4_HSE  | S4.1_plot   |
+=============+======+======+=====+==========+===========+============+=============+=========+=============+
| Mg2C60      | band | jzzn | 3D  | done     | done      | done       | completed   | done    | completed   |
|             |      |      |     | -        | -         | -          | -           | -       | -           |
| qHPC20      | band | jzzn | 2D  | done     | done      | done       | completed   | done    | completed   |
|             |      |      |     | -        | -         | -          | -           | -       | -           |
| qHPC24      | band | jzzn | 2D  | done     | done      | done       | completed   | done    | completed   |
|             |      |      |     | -        | -         | -          | -           | -       | -           |
| qHPC36-D6h  | band | jzzn | 2D  | done     | done      | done       | completed   | error   | not started |
|             |      |      |     | -        | -         | -          | -           | -       | -           |
| qHPC60      | band | jzzn | 2D  | done     | done      | done       | completed   | error   | not started |
|             |      |      |     | -        | -         | -          | -           | -       | -           |
| qTP1C60     | band | jzzn | 2D  | done     | done      | done       | completed   | done    | completed   |
|             |      |      |     | -        | -         | -          | -           | -       | -           |
| qTP2C36-D2d | band | jzzn | 2D  | done     | done      | done       | completed   | done    | completed   |
|             |      |      |     | -        | -         | -          | -           | -       | -           |
| qTP2C60     | band | jzzn | 2D  | done     | done      | done       | completed   | done    | completed   |
|             |      |      |     | -        | -         | -          | -           | -       | -           |
| qTPC20-b    | band | jzzn | 2D  | done     | done      | done       | completed   | done    | completed   |
|             |      |      |     | -        | -         | -          | -           | -       | -           |
| qTPC20-r    | band | jzzn | 2D  | done     | done      | done       | completed   | done    | completed   |
|             |      |      |     | -        | -         | -          | -           | -       | -           |
| qTPC24      | band | jzzn | 2D  | done     | done      | done       | completed   | done    | completed   |
|             |      |      |     | -        | -         | -          | -           | -       | -           |
| qTPC24-Mg1  | band | jzzn | 2D  | error    | waiting   | waiting    | not started | waiting | not started |
|             |      |      |     | S1c_fine | -         | -          | -           | -       | -           |
+-------------+------+------+-----+----------+-----------+------------+-------------+---------+-------------+
Total: 12 | Done: 9 | Waiting: 0 | Actionable: 3

FAILED / NEEDS ATTENTION:
  [band] qHPC36-D6h             S4_HSE     OUTCAR incomplete
  [band] qHPC60                 S4_HSE     OUTCAR incomplete
  [band] qTPC24-Mg1             S1c_fine   c 未收敛 [unknown] 还没有完成的离子步

== elastic（弹性常数计算，5 个材料）==
+----------+---------+------+-----+--------+----------------------+-------------+
| Material | tt      | hpc  | dim | S1_opt | S2_elastic           | S3_post     |
+==========+=========+======+=====+========+======================+=============+
| qHPC20   | elastic | jzzn | 2D  | done   | running              | not started |
|          |         |      |     | -      | cu49 3587486 4:27    | -           |
| qHPC24   | elastic | jzzn | 2D  | done   | pd                   | not started |
|          |         |      |     | -      | 3587488 ((Priority)) | -           |
| qTPC20-b | elastic | jzzn | 2D  | done   | pd                   | not started |
|          |         |      |     | -      | 3587491 ((Priority)) | -           |
| qTPC20-r | elastic | jzzn | 2D  | done   | pd                   | not started |
|          |         |      |     | -      | 3587492 ((Priority)) | -           |
| qTPC24   | elastic | jzzn | 2D  | done   | pd                   | not started |
|          |         |      |     | -      | 3587494 ((Priority)) | -           |
+----------+---------+------+-----+--------+----------------------+-------------+
Total: 5 | Done: 0 | Waiting: 5 | Actionable: 0

[19:15:42] 无变化
[19:21:10] 无变化
[19:26:37] 无变化
[19:32:00] 无变化
[19:37:23] 无变化
[19:42:47] 无变化
[19:48:10] 无变化
[19:53:32] 无变化
[19:58:55] 无变化
[20:04:17] 无变化
[20:09:38] 配置变更但重载失败（错误：类型 band 在全局 tf.yaml 里没有对应定义（继承不到 steps）。
来源文件：/home/wangchao/Fullerene_Network/Mg2C60/project_setting/tf_Mg2C60.yaml
通常是该文件的类型名和全局 tf.yaml 不一致（如 bd 改名 band 后没同步）。
全局可用的类型名：（无）。修正命令：
  sed -i 's/^  band:/  band:/' /home/wangchao/Fullerene_Network/Mg2C60/project_setting/tf_Mg2C60.yaml），沿用旧配置继续监控。
[20:09:40] 无变化
[20:15:02] 无变化
[20:20:20] 无变化
[20:25:41] 无变化
[20:31:03] 无变化
[20:36:22] 无变化
[20:41:42] 无变化
[20:47:02] 无变化
[20:52:26] 无变化
[20:57:52] 无变化
[21:03:16] 无变化
[21:08:40] 无变化
[21:14:08] 无变化
[21:19:32] 无变化
[21:24:57] 无变化
[21:30:23] 无变化
[21:35:48] 无变化
[21:41:11] 无变化
[21:46:33] 无变化
[21:51:56] 无变化
[21:57:21] 无变化
[22:02:44] 无变化
[22:08:10] 无变化
[22:13:36] 无变化
[22:19:01] 无变化
[22:24:33] 无变化
[22:29:56] 无变化
[22:35:26] 无变化
[22:40:54] 无变化
[22:46:25] 无变化
[22:51:49] 无变化
[22:57:15] 无变化
[23:02:47] 无变化
[23:08:13] 无变化
[23:13:46] 无变化
[23:19:16] 无变化
[23:24:45] 无变化
[23:30:16] 无变化
[23:35:45] 无变化
[23:41:13] 无变化
[23:46:46] 无变化
[23:52:06] 无变化
[23:57:30] 无变化
[00:02:54] 无变化
[00:08:16] 无变化
[00:13:40] 无变化
== band（能带计算，12 个材料）==
+-------------+------+------+-----+----------+-----------+------------+-------------+---------+-------------+
| Material    | tt   | hpc  | dim | S1_relax | S2_static | S3_WAVECAR | S3.1_plot   | S4_HSE  | S4.1_plot   |
+=============+======+======+=====+==========+===========+============+=============+=========+=============+
| Mg2C60      | band | jzzn | 3D  | done     | done      | done       | completed   | done    | completed   |
|             |      |      |     | -        | -         | -          | -           | -       | -           |
| qHPC20      | band | jzzn | 2D  | done     | done      | done       | completed   | done    | completed   |
|             |      |      |     | -        | -         | -          | -           | -       | -           |
| qHPC24      | band | jzzn | 2D  | done     | done      | done       | completed   | done    | completed   |
|             |      |      |     | -        | -         | -          | -           | -       | -           |
| qHPC36-D6h  | band | jzzn | 2D  | done     | done      | done       | completed   | error   | not started |
|             |      |      |     | -        | -         | -          | -           | -       | -           |
| qHPC60      | band | jzzn | 2D  | done     | done      | done       | completed   | error   | not started |
|             |      |      |     | -        | -         | -          | -           | -       | -           |
| qTP1C60     | band | jzzn | 2D  | done     | done      | done       | completed   | done    | completed   |
|             |      |      |     | -        | -         | -          | -           | -       | -           |
| qTP2C36-D2d | band | jzzn | 2D  | done     | done      | done       | completed   | done    | completed   |
|             |      |      |     | -        | -         | -          | -           | -       | -           |
| qTP2C60     | band | jzzn | 2D  | done     | done      | done       | completed   | done    | completed   |
|             |      |      |     | -        | -         | -          | -           | -       | -           |
| qTPC20-b    | band | jzzn | 2D  | done     | done      | done       | completed   | done    | completed   |
|             |      |      |     | -        | -         | -          | -           | -       | -           |
| qTPC20-r    | band | jzzn | 2D  | done     | done      | done       | completed   | done    | completed   |
|             |      |      |     | -        | -         | -          | -           | -       | -           |
| qTPC24      | band | jzzn | 2D  | done     | done      | done       | completed   | done    | completed   |
|             |      |      |     | -        | -         | -          | -           | -       | -           |
| qTPC24-Mg1  | band | jzzn | 2D  | error    | waiting   | waiting    | not started | waiting | not started |
|             |      |      |     | S1c_fine | -         | -          | -           | -       | -           |
+-------------+------+------+-----+----------+-----------+------------+-------------+---------+-------------+
Total: 12 | Done: 9 | Waiting: 0 | Actionable: 3

FAILED / NEEDS ATTENTION:
  [band] qHPC36-D6h             S4_HSE     OUTCAR incomplete
  [band] qHPC60                 S4_HSE     OUTCAR incomplete
  [band] qTPC24-Mg1             S1c_fine   c 未收敛 [unknown] 还没有完成的离子步

== elastic（弹性常数计算，5 个材料）==
+----------+---------+------+-----+--------+----------------------+-------------+
| Material | tt      | hpc  | dim | S1_opt | S2_elastic           | S3_post     |
+==========+=========+======+=====+========+======================+=============+
| qHPC20   | elastic | jzzn | 2D  | done   | running              | not started |
|          |         |      |     | -      | cu49 3587486 5:13:17 | -           |
| qHPC24   | elastic | jzzn | 2D  | done   | running              | not started |
|          |         |      |     | -      | cu59 3587488 2:35    | -           |
| qTPC20-b | elastic | jzzn | 2D  | done   | pd                   | not started |
|          |         |      |     | -      | 3587491 ((Priority)) | -           |
| qTPC20-r | elastic | jzzn | 2D  | done   | pd                   | not started |
|          |         |      |     | -      | 3587492 ((Priority)) | -           |
| qTPC24   | elastic | jzzn | 2D  | done   | pd                   | not started |
|          |         |      |     | -      | 3587495 ((Priority)) | -           |
+----------+---------+------+-----+--------+----------------------+-------------+
Total: 5 | Done: 0 | Waiting: 5 | Actionable: 0

[00:24:38] 无变化
[00:29:59] 无变化
[00:35:17] 无变化
[00:40:41] 无变化
[00:46:09] 无变化
[00:51:35] 无变化
== band（能带计算，12 个材料）==
+-------------+------+------+-----+----------+-----------+------------+-------------+---------+-------------+
| Material    | tt   | hpc  | dim | S1_relax | S2_static | S3_WAVECAR | S3.1_plot   | S4_HSE  | S4.1_plot   |
+=============+======+======+=====+==========+===========+============+=============+=========+=============+
| Mg2C60      | band | jzzn | 3D  | done     | done      | done       | completed   | done    | completed   |
|             |      |      |     | -        | -         | -          | -           | -       | -           |
| qHPC20      | band | jzzn | 2D  | done     | done      | done       | completed   | done    | completed   |
|             |      |      |     | -        | -         | -          | -           | -       | -           |
| qHPC24      | band | jzzn | 2D  | done     | done      | done       | completed   | done    | completed   |
|             |      |      |     | -        | -         | -          | -           | -       | -           |
| qHPC36-D6h  | band | jzzn | 2D  | done     | done      | done       | completed   | error   | not started |
|             |      |      |     | -        | -         | -          | -           | -       | -           |
| qHPC60      | band | jzzn | 2D  | done     | done      | done       | completed   | error   | not started |
|             |      |      |     | -        | -         | -          | -           | -       | -           |
| qTP1C60     | band | jzzn | 2D  | done     | done      | done       | completed   | done    | completed   |
|             |      |      |     | -        | -         | -          | -           | -       | -           |
| qTP2C36-D2d | band | jzzn | 2D  | done     | done      | done       | completed   | done    | completed   |
|             |      |      |     | -        | -         | -          | -           | -       | -           |
| qTP2C60     | band | jzzn | 2D  | done     | done      | done       | completed   | done    | completed   |
|             |      |      |     | -        | -         | -          | -           | -       | -           |
| qTPC20-b    | band | jzzn | 2D  | done     | done      | done       | completed   | done    | completed   |
|             |      |      |     | -        | -         | -          | -           | -       | -           |
| qTPC20-r    | band | jzzn | 2D  | done     | done      | done       | completed   | done    | completed   |
|             |      |      |     | -        | -         | -          | -           | -       | -           |
| qTPC24      | band | jzzn | 2D  | done     | done      | done       | completed   | done    | completed   |
|             |      |      |     | -        | -         | -          | -           | -       | -           |
| qTPC24-Mg1  | band | jzzn | 2D  | error    | waiting   | waiting    | not started | waiting | not started |
|             |      |      |     | S1c_fine | -         | -          | -           | -       | -           |
+-------------+------+------+-----+----------+-----------+------------+-------------+---------+-------------+
Total: 12 | Done: 9 | Waiting: 0 | Actionable: 3

FAILED / NEEDS ATTENTION:
  [band] qHPC36-D6h             S4_HSE     OUTCAR incomplete
  [band] qHPC60                 S4_HSE     OUTCAR incomplete
  [band] qTPC24-Mg1             S1c_fine   c 未收敛 [unknown] 还没有完成的离子步

== elastic（弹性常数计算，5 个材料）==
+----------+---------+------+-----+--------+----------------------+-------------+
| Material | tt      | hpc  | dim | S1_opt | S2_elastic           | S3_post     |
+==========+=========+======+=====+========+======================+=============+
| qHPC20   | elastic | jzzn | 2D  | done   | running              | not started |
|          |         |      |     | -      | cu49 3587486 5:51:14 | -           |
| qHPC24   | elastic | jzzn | 2D  | done   | running              | not started |
|          |         |      |     | -      | cu59 3587488 40:32   | -           |
| qTPC20-b | elastic | jzzn | 2D  | done   | running              | not started |
|          |         |      |     | -      | cu12 3587491 3:12    | -           |
| qTPC20-r | elastic | jzzn | 2D  | done   | pd                   | not started |
|          |         |      |     | -      | 3587492 ((Priority)) | -           |
| qTPC24   | elastic | jzzn | 2D  | done   | pd                   | not started |
|          |         |      |     | -      | 3587494 ((Priority)) | -           |
+----------+---------+------+-----+--------+----------------------+-------------+
Total: 5 | Done: 0 | Waiting: 5 | Actionable: 0

[01:02:27] 无变化
[01:07:55] 无变化
[01:13:21] 无变化
[01:18:45] 无变化
[01:24:06] 无变化
[01:29:33] 无变化
[01:34:58] 无变化
[01:40:24] 无变化
[01:45:55] 无变化
[01:51:22] 无变化
[01:56:50] 无变化
[02:02:17] 无变化
== band（能带计算，12 个材料）==
+-------------+------+------+-----+----------+-----------+------------+-------------+---------+-------------+
| Material    | tt   | hpc  | dim | S1_relax | S2_static | S3_WAVECAR | S3.1_plot   | S4_HSE  | S4.1_plot   |
+=============+======+======+=====+==========+===========+============+=============+=========+=============+
| Mg2C60      | band | jzzn | 3D  | done     | done      | done       | completed   | done    | completed   |
|             |      |      |     | -        | -         | -          | -           | -       | -           |
| qHPC20      | band | jzzn | 2D  | done     | done      | done       | completed   | done    | completed   |
|             |      |      |     | -        | -         | -          | -           | -       | -           |
| qHPC24      | band | jzzn | 2D  | done     | done      | done       | completed   | done    | completed   |
|             |      |      |     | -        | -         | -          | -           | -       | -           |
| qHPC36-D6h  | band | jzzn | 2D  | done     | done      | done       | completed   | error   | not started |
|             |      |      |     | -        | -         | -          | -           | -       | -           |
| qHPC60      | band | jzzn | 2D  | done     | done      | done       | completed   | error   | not started |
|             |      |      |     | -        | -         | -          | -           | -       | -           |
| qTP1C60     | band | jzzn | 2D  | done     | done      | done       | completed   | done    | completed   |
|             |      |      |     | -        | -         | -          | -           | -       | -           |
| qTP2C36-D2d | band | jzzn | 2D  | done     | done      | done       | completed   | done    | completed   |
|             |      |      |     | -        | -         | -          | -           | -       | -           |
| qTP2C60     | band | jzzn | 2D  | done     | done      | done       | completed   | done    | completed   |
|             |      |      |     | -        | -         | -          | -           | -       | -           |
| qTPC20-b    | band | jzzn | 2D  | done     | done      | done       | completed   | done    | completed   |
|             |      |      |     | -        | -         | -          | -           | -       | -           |
| qTPC20-r    | band | jzzn | 2D  | done     | done      | done       | completed   | done    | completed   |
|             |      |      |     | -        | -         | -          | -           | -       | -           |
| qTPC24      | band | jzzn | 2D  | done     | done      | done       | completed   | done    | completed   |
|             |      |      |     | -        | -         | -          | -           | -       | -           |
| qTPC24-Mg1  | band | jzzn | 2D  | error    | waiting   | waiting    | not started | waiting | not started |
|             |      |      |     | S1c_fine | -         | -          | -           | -       | -           |
+-------------+------+------+-----+----------+-----------+------------+-------------+---------+-------------+
Total: 12 | Done: 9 | Waiting: 0 | Actionable: 3

FAILED / NEEDS ATTENTION:
  [band] qHPC36-D6h             S4_HSE     OUTCAR incomplete
  [band] qHPC60                 S4_HSE     OUTCAR incomplete
  [band] qTPC24-Mg1             S1c_fine   c 未收敛 [unknown] 还没有完成的离子步

== elastic（弹性常数计算，5 个材料）==
+----------+---------+------+-----+--------+----------------------+-------------+
| Material | tt      | hpc  | dim | S1_opt | S2_elastic           | S3_post     |
+==========+=========+======+=====+========+======================+=============+
| qHPC20   | elastic | jzzn | 2D  | done   | running              | not started |
|          |         |      |     | -      | cu49 3587486 7:01:59 | -           |
| qHPC24   | elastic | jzzn | 2D  | done   | running              | not started |
|          |         |      |     | -      | cu59 3587488 1:51:17 | -           |
| qTPC20-b | elastic | jzzn | 2D  | done   | running              | not started |
|          |         |      |     | -      | cu12 3587491 1:13:57 | -           |
| qTPC20-r | elastic | jzzn | 2D  | done   | running              | not started |
|          |         |      |     | -      | cu57 3587493 2:22    | -           |
| qTPC24   | elastic | jzzn | 2D  | done   | pd                   | not started |
|          |         |      |     | -      | 3587495 ((Priority)) | -           |
+----------+---------+------+-----+--------+----------------------+-------------+
Total: 5 | Done: 0 | Waiting: 5 | Actionable: 0

[02:13:15] 无变化
[02:18:41] 无变化
[02:24:08] 无变化
[02:29:39] 无变化
[02:35:09] 无变化
[02:40:38] 无变化
[02:46:12] 无变化
[02:51:41] 无变化
[02:57:11] 无变化
[03:02:42] 无变化
[03:08:13] 无变化
[03:13:41] 无变化
[03:19:11] 无变化
[03:24:39] 无变化
[03:30:11] 无变化
== band（能带计算，12 个材料）==
+-------------+------+------+-----+----------+-----------+------------+-------------+---------+-------------+
| Material    | tt   | hpc  | dim | S1_relax | S2_static | S3_WAVECAR | S3.1_plot   | S4_HSE  | S4.1_plot   |
+=============+======+======+=====+==========+===========+============+=============+=========+=============+
| Mg2C60      | band | jzzn | 3D  | done     | done      | done       | completed   | done    | completed   |
|             |      |      |     | -        | -         | -          | -           | -       | -           |
| qHPC20      | band | jzzn | 2D  | done     | done      | done       | completed   | done    | completed   |
|             |      |      |     | -        | -         | -          | -           | -       | -           |
| qHPC24      | band | jzzn | 2D  | done     | done      | done       | completed   | done    | completed   |
|             |      |      |     | -        | -         | -          | -           | -       | -           |
| qHPC36-D6h  | band | jzzn | 2D  | done     | done      | done       | completed   | error   | not started |
|             |      |      |     | -        | -         | -          | -           | -       | -           |
| qHPC60      | band | jzzn | 2D  | done     | done      | done       | completed   | error   | not started |
|             |      |      |     | -        | -         | -          | -           | -       | -           |
| qTP1C60     | band | jzzn | 2D  | done     | done      | done       | completed   | done    | completed   |
|             |      |      |     | -        | -         | -          | -           | -       | -           |
| qTP2C36-D2d | band | jzzn | 2D  | done     | done      | done       | completed   | done    | completed   |
|             |      |      |     | -        | -         | -          | -           | -       | -           |
| qTP2C60     | band | jzzn | 2D  | done     | done      | done       | completed   | done    | completed   |
|             |      |      |     | -        | -         | -          | -           | -       | -           |
| qTPC20-b    | band | jzzn | 2D  | done     | done      | done       | completed   | done    | completed   |
|             |      |      |     | -        | -         | -          | -           | -       | -           |
| qTPC20-r    | band | jzzn | 2D  | done     | done      | done       | completed   | done    | completed   |
|             |      |      |     | -        | -         | -          | -           | -       | -           |
| qTPC24      | band | jzzn | 2D  | done     | done      | done       | completed   | done    | completed   |
|             |      |      |     | -        | -         | -          | -           | -       | -           |
| qTPC24-Mg1  | band | jzzn | 2D  | error    | waiting   | waiting    | not started | waiting | not started |
|             |      |      |     | S1c_fine | -         | -          | -           | -       | -           |
+-------------+------+------+-----+----------+-----------+------------+-------------+---------+-------------+
Total: 12 | Done: 9 | Waiting: 0 | Actionable: 3

FAILED / NEEDS ATTENTION:
  [band] qHPC36-D6h             S4_HSE     OUTCAR incomplete
  [band] qHPC60                 S4_HSE     OUTCAR incomplete
  [band] qTPC24-Mg1             S1c_fine   c 未收敛 [unknown] 还没有完成的离子步

== elastic（弹性常数计算，5 个材料）==
+----------+---------+------+-----+--------+----------------------+-------------+
| Material | tt      | hpc  | dim | S1_opt | S2_elastic           | S3_post     |
+==========+=========+======+=====+========+======================+=============+
| qHPC20   | elastic | jzzn | 2D  | done   | running              | not started |
|          |         |      |     | -      | cu49 3587486 8:29:52 | -           |
| qHPC24   | elastic | jzzn | 2D  | done   | running              | not started |
|          |         |      |     | -      | cu59 3587488 3:19:10 | -           |
| qTPC20-b | elastic | jzzn | 2D  | done   | running              | not started |
|          |         |      |     | -      | cu12 3587491 2:41:50 | -           |
| qTPC20-r | elastic | jzzn | 2D  | done   | running              | not started |
|          |         |      |     | -      | cu57 3587493 1:30:15 | -           |
| qTPC24   | elastic | jzzn | 2D  | done   | running              | not started |
|          |         |      |     | -      | cu39 3587495 4:12    | -           |
+----------+---------+------+-----+--------+----------------------+-------------+
Total: 5 | Done: 0 | Waiting: 5 | Actionable: 0

auto-fetch qTPC20-r: step2_elastic → /home/wangchao/Fullerene_Network/C20/qTPC20-r/elastic/result
auto qTPC20-r[elastic|S3_post]: 已生成 /public/home/wangchao/Fullerene_Network/work/qTPC20-r/elastic/step3_postprocess（mechanical_properties.json）
== band（能带计算，12 个材料）==
+-------------+------+------+-----+----------+-----------+------------+-------------+---------+-------------+
| Material    | tt   | hpc  | dim | S1_relax | S2_static | S3_WAVECAR | S3.1_plot   | S4_HSE  | S4.1_plot   |
+=============+======+======+=====+==========+===========+============+=============+=========+=============+
| Mg2C60      | band | jzzn | 3D  | done     | done      | done       | completed   | done    | completed   |
|             |      |      |     | -        | -         | -          | -           | -       | -           |
| qHPC20      | band | jzzn | 2D  | done     | done      | done       | completed   | done    | completed   |
|             |      |      |     | -        | -         | -          | -           | -       | -           |
| qHPC24      | band | jzzn | 2D  | done     | done      | done       | completed   | done    | completed   |
|             |      |      |     | -        | -         | -          | -           | -       | -           |
| qHPC36-D6h  | band | jzzn | 2D  | done     | done      | done       | completed   | error   | not started |
|             |      |      |     | -        | -         | -          | -           | -       | -           |
| qHPC60      | band | jzzn | 2D  | done     | done      | done       | completed   | error   | not started |
|             |      |      |     | -        | -         | -          | -           | -       | -           |
| qTP1C60     | band | jzzn | 2D  | done     | done      | done       | completed   | done    | completed   |
|             |      |      |     | -        | -         | -          | -           | -       | -           |
| qTP2C36-D2d | band | jzzn | 2D  | done     | done      | done       | completed   | done    | completed   |
|             |      |      |     | -        | -         | -          | -           | -       | -           |
| qTP2C60     | band | jzzn | 2D  | done     | done      | done       | completed   | done    | completed   |
|             |      |      |     | -        | -         | -          | -           | -       | -           |
| qTPC20-b    | band | jzzn | 2D  | done     | done      | done       | completed   | done    | completed   |
|             |      |      |     | -        | -         | -          | -           | -       | -           |
| qTPC20-r    | band | jzzn | 2D  | done     | done      | done       | completed   | done    | completed   |
|             |      |      |     | -        | -         | -          | -           | -       | -           |
| qTPC24      | band | jzzn | 2D  | done     | done      | done       | completed   | done    | completed   |
|             |      |      |     | -        | -         | -          | -           | -       | -           |
| qTPC24-Mg1  | band | jzzn | 2D  | error    | waiting   | waiting    | not started | waiting | not started |
|             |      |      |     | S1c_fine | -         | -          | -           | -       | -           |
+-------------+------+------+-----+----------+-----------+------------+-------------+---------+-------------+
Total: 12 | Done: 9 | Waiting: 0 | Actionable: 3

FAILED / NEEDS ATTENTION:
  [band] qHPC36-D6h             S4_HSE     OUTCAR incomplete
  [band] qHPC60                 S4_HSE     OUTCAR incomplete
  [band] qTPC24-Mg1             S1c_fine   c 未收敛 [unknown] 还没有完成的离子步

== elastic（弹性常数计算，5 个材料）==
+----------+---------+------+-----+--------+----------------------+-------------+
| Material | tt      | hpc  | dim | S1_opt | S2_elastic           | S3_post     |
+==========+=========+======+=====+========+======================+=============+
| qHPC20   | elastic | jzzn | 2D  | done   | running              | not started |
|          |         |      |     | -      | cu49 3587486 8:35:20 | -           |
| qHPC24   | elastic | jzzn | 2D  | done   | running              | not started |
|          |         |      |     | -      | cu59 3587488 3:24:38 | -           |
| qTPC20-b | elastic | jzzn | 2D  | done   | running              | not started |
|          |         |      |     | -      | cu12 3587491 2:47:18 | -           |
| qTPC20-r | elastic | jzzn | 2D  | done   | done                 | not started |
|          |         |      |     | -      | -                    | -           |
| qTPC24   | elastic | jzzn | 2D  | done   | running              | not started |
|          |         |      |     | -      | cu39 3587495 9:40    | -           |
+----------+---------+------+-----+--------+----------------------+-------------+
Total: 5 | Done: 0 | Waiting: 4 | Actionable: 1

auto-fetch qTPC20-r: step3_postprocess → /home/wangchao/Fullerene_Network/C20/qTPC20-r/elastic/result
== band（能带计算，12 个材料）==
+-------------+------+------+-----+----------+-----------+------------+-------------+---------+-------------+
| Material    | tt   | hpc  | dim | S1_relax | S2_static | S3_WAVECAR | S3.1_plot   | S4_HSE  | S4.1_plot   |
+=============+======+======+=====+==========+===========+============+=============+=========+=============+
| Mg2C60      | band | jzzn | 3D  | done     | done      | done       | completed   | done    | completed   |
|             |      |      |     | -        | -         | -          | -           | -       | -           |
| qHPC20      | band | jzzn | 2D  | done     | done      | done       | completed   | done    | completed   |
|             |      |      |     | -        | -         | -          | -           | -       | -           |
| qHPC24      | band | jzzn | 2D  | done     | done      | done       | completed   | done    | completed   |
|             |      |      |     | -        | -         | -          | -           | -       | -           |
| qHPC36-D6h  | band | jzzn | 2D  | done     | done      | done       | completed   | error   | not started |
|             |      |      |     | -        | -         | -          | -           | -       | -           |
| qHPC60      | band | jzzn | 2D  | done     | done      | done       | completed   | error   | not started |
|             |      |      |     | -        | -         | -          | -           | -       | -           |
| qTP1C60     | band | jzzn | 2D  | done     | done      | done       | completed   | done    | completed   |
|             |      |      |     | -        | -         | -          | -           | -       | -           |
| qTP2C36-D2d | band | jzzn | 2D  | done     | done      | done       | completed   | done    | completed   |
|             |      |      |     | -        | -         | -          | -           | -       | -           |
| qTP2C60     | band | jzzn | 2D  | done     | done      | done       | completed   | done    | completed   |
|             |      |      |     | -        | -         | -          | -           | -       | -           |
| qTPC20-b    | band | jzzn | 2D  | done     | done      | done       | completed   | done    | completed   |
|             |      |      |     | -        | -         | -          | -           | -       | -           |
| qTPC20-r    | band | jzzn | 2D  | done     | done      | done       | completed   | done    | completed   |
|             |      |      |     | -        | -         | -          | -           | -       | -           |
| qTPC24      | band | jzzn | 2D  | done     | done      | done       | completed   | done    | completed   |
|             |      |      |     | -        | -         | -          | -           | -       | -           |
| qTPC24-Mg1  | band | jzzn | 2D  | error    | waiting   | waiting    | not started | waiting | not started |
|             |      |      |     | S1c_fine | -         | -          | -           | -       | -           |
+-------------+------+------+-----+----------+-----------+------------+-------------+---------+-------------+
Total: 12 | Done: 9 | Waiting: 0 | Actionable: 3

FAILED / NEEDS ATTENTION:
  [band] qHPC36-D6h             S4_HSE     OUTCAR incomplete
  [band] qHPC60                 S4_HSE     OUTCAR incomplete
  [band] qTPC24-Mg1             S1c_fine   c 未收敛 [unknown] 还没有完成的离子步

== elastic（弹性常数计算，5 个材料）==
+----------+---------+------+-----+--------+----------------------+-------------+
| Material | tt      | hpc  | dim | S1_opt | S2_elastic           | S3_post     |
+==========+=========+======+=====+========+======================+=============+
| qHPC20   | elastic | jzzn | 2D  | done   | running              | not started |
|          |         |      |     | -      | cu49 3587486 8:41:09 | -           |
| qHPC24   | elastic | jzzn | 2D  | done   | running              | not started |
|          |         |      |     | -      | cu59 3587488 3:30:27 | -           |
| qTPC20-b | elastic | jzzn | 2D  | done   | running              | not started |
|          |         |      |     | -      | cu12 3587491 2:53:07 | -           |
| qTPC20-r | elastic | jzzn | 2D  | done   | done                 | completed   |
|          |         |      |     | -      | -                    | -           |
| qTPC24   | elastic | jzzn | 2D  | done   | running              | not started |
|          |         |      |     | -      | cu39 3587495 15:29   | -           |
+----------+---------+------+-----+--------+----------------------+-------------+
Total: 5 | Done: 1 | Waiting: 4 | Actionable: 0

[03:52:29] 无变化
[03:57:58] 无变化
[04:03:26] 无变化
[04:08:59] 无变化
[04:14:28] 无变化
[04:19:58] 无变化
[04:25:29] 无变化
[04:30:59] 无变化
[04:36:29] 无变化
[04:42:02] 无变化
[04:47:33] 无变化
[04:53:09] 无变化
[04:58:40] 无变化
[05:04:11] 无变化
[05:09:48] 无变化
[05:15:21] 无变化
[05:20:53] 无变化
[05:26:23] 无变化
[05:31:49] 无变化
[05:37:15] 无变化
[05:42:43] 无变化
[05:48:07] 无变化
[05:53:29] 无变化
[05:58:53] 无变化
[06:04:25] 无变化
[06:09:53] 无变化
[06:15:25] 无变化
[06:20:54] 无变化
[06:26:23] 无变化
[06:31:55] 无变化
[06:37:27] 无变化
[06:42:58] 无变化
[06:48:30] 无变化
[06:53:58] 无变化
[06:59:33] 无变化
[07:05:04] 无变化
[07:10:34] 无变化
[07:16:08] 无变化
[07:21:41] 无变化
[07:27:12] 无变化
[07:32:45] 无变化
[07:38:17] 无变化
[07:43:51] 无变化
[07:49:25] 无变化
[07:54:54] 无变化
[08:00:30] 无变化
[08:06:03] 无变化
[08:11:35] 无变化
[08:17:10] 无变化
[08:22:44] 无变化
[08:28:18] 无变化
[08:33:54] 无变化
[08:39:25] 无变化
[08:44:59] 无变化
[08:50:36] 无变化
[08:56:08] 无变化
[09:01:45] 无变化
[09:07:19] 无变化
[09:12:53] 无变化
[09:18:27] 无变化
[09:23:59] 无变化
[09:29:32] 无变化
[09:35:08] 无变化
[09:40:39] 无变化
[09:46:16] 无变化
[09:51:50] 无变化
[09:57:23] 无变化
[10:02:59] 无变化
[10:08:33] 无变化
[10:14:16] 无变化
[10:19:49] 无变化
[10:25:23] 无变化
[10:31:00] 无变化
[10:36:35] 无变化
[10:42:09] 无变化
[10:47:45] 无变化
[10:53:18] 无变化
auto-fetch qTPC24: step2_elastic → /home/wangchao/Fullerene_Network/C24/qTPC24/elastic/result
auto qTPC24[elastic|S3_post]: 已生成 /public/home/wangchao/Fullerene_Network/work/qTPC24/elastic/step3_postprocess（mechanical_properties.json）
== band（能带计算，12 个材料）==
+-------------+------+------+-----+----------+-----------+------------+-------------+---------+-------------+
| Material    | tt   | hpc  | dim | S1_relax | S2_static | S3_WAVECAR | S3.1_plot   | S4_HSE  | S4.1_plot   |
+=============+======+======+=====+==========+===========+============+=============+=========+=============+
| Mg2C60      | band | jzzn | 3D  | done     | done      | done       | completed   | done    | completed   |
|             |      |      |     | -        | -         | -          | -           | -       | -           |
| qHPC20      | band | jzzn | 2D  | done     | done      | done       | completed   | done    | completed   |
|             |      |      |     | -        | -         | -          | -           | -       | -           |
| qHPC24      | band | jzzn | 2D  | done     | done      | done       | completed   | done    | completed   |
|             |      |      |     | -        | -         | -          | -           | -       | -           |
| qHPC36-D6h  | band | jzzn | 2D  | done     | done      | done       | completed   | error   | not started |
|             |      |      |     | -        | -         | -          | -           | -       | -           |
| qHPC60      | band | jzzn | 2D  | done     | done      | done       | completed   | error   | not started |
|             |      |      |     | -        | -         | -          | -           | -       | -           |
| qTP1C60     | band | jzzn | 2D  | done     | done      | done       | completed   | done    | completed   |
|             |      |      |     | -        | -         | -          | -           | -       | -           |
| qTP2C36-D2d | band | jzzn | 2D  | done     | done      | done       | completed   | done    | completed   |
|             |      |      |     | -        | -         | -          | -           | -       | -           |
| qTP2C60     | band | jzzn | 2D  | done     | done      | done       | completed   | done    | completed   |
|             |      |      |     | -        | -         | -          | -           | -       | -           |
| qTPC20-b    | band | jzzn | 2D  | done     | done      | done       | completed   | done    | completed   |
|             |      |      |     | -        | -         | -          | -           | -       | -           |
| qTPC20-r    | band | jzzn | 2D  | done     | done      | done       | completed   | done    | completed   |
|             |      |      |     | -        | -         | -          | -           | -       | -           |
| qTPC24      | band | jzzn | 2D  | done     | done      | done       | completed   | done    | completed   |
|             |      |      |     | -        | -         | -          | -           | -       | -           |
| qTPC24-Mg1  | band | jzzn | 2D  | error    | waiting   | waiting    | not started | waiting | not started |
|             |      |      |     | S1c_fine | -         | -          | -           | -       | -           |
+-------------+------+------+-----+----------+-----------+------------+-------------+---------+-------------+
Total: 12 | Done: 9 | Waiting: 0 | Actionable: 3

FAILED / NEEDS ATTENTION:
  [band] qHPC36-D6h             S4_HSE     OUTCAR incomplete
  [band] qHPC60                 S4_HSE     OUTCAR incomplete
  [band] qTPC24-Mg1             S1c_fine   c 未收敛 [unknown] 还没有完成的离子步

== elastic（弹性常数计算，5 个材料）==
+----------+---------+------+-----+--------+-----------------------+-------------+
| Material | tt      | hpc  | dim | S1_opt | S2_elastic            | S3_post     |
+==========+=========+======+=====+========+=======================+=============+
| qHPC20   | elastic | jzzn | 2D  | done   | running               | not started |
|          |         |      |     | -      | cu49 3587486 15:53:07 | -           |
| qHPC24   | elastic | jzzn | 2D  | done   | running               | not started |
|          |         |      |     | -      | cu59 3587488 10:42:25 | -           |
| qTPC20-b | elastic | jzzn | 2D  | done   | running               | not started |
|          |         |      |     | -      | cu12 3587491 10:05:05 | -           |
| qTPC20-r | elastic | jzzn | 2D  | done   | done                  | completed   |
|          |         |      |     | -      | -                     | -           |
| qTPC24   | elastic | jzzn | 2D  | done   | done                  | not started |
|          |         |      |     | -      | -                     | -           |
+----------+---------+------+-----+--------+-----------------------+-------------+
Total: 5 | Done: 1 | Waiting: 3 | Actionable: 1

auto-fetch qTPC24: step3_postprocess → /home/wangchao/Fullerene_Network/C24/qTPC24/elastic/result
== band（能带计算，12 个材料）==
+-------------+------+------+-----+----------+-----------+------------+-------------+---------+-------------+
| Material    | tt   | hpc  | dim | S1_relax | S2_static | S3_WAVECAR | S3.1_plot   | S4_HSE  | S4.1_plot   |
+=============+======+======+=====+==========+===========+============+=============+=========+=============+
| Mg2C60      | band | jzzn | 3D  | done     | done      | done       | completed   | done    | completed   |
|             |      |      |     | -        | -         | -          | -           | -       | -           |
| qHPC20      | band | jzzn | 2D  | done     | done      | done       | completed   | done    | completed   |
|             |      |      |     | -        | -         | -          | -           | -       | -           |
| qHPC24      | band | jzzn | 2D  | done     | done      | done       | completed   | done    | completed   |
|             |      |      |     | -        | -         | -          | -           | -       | -           |
| qHPC36-D6h  | band | jzzn | 2D  | done     | done      | done       | completed   | error   | not started |
|             |      |      |     | -        | -         | -          | -           | -       | -           |
| qHPC60      | band | jzzn | 2D  | done     | done      | done       | completed   | error   | not started |
|             |      |      |     | -        | -         | -          | -           | -       | -           |
| qTP1C60     | band | jzzn | 2D  | done     | done      | done       | completed   | done    | completed   |
|             |      |      |     | -        | -         | -          | -           | -       | -           |
| qTP2C36-D2d | band | jzzn | 2D  | done     | done      | done       | completed   | done    | completed   |
|             |      |      |     | -        | -         | -          | -           | -       | -           |
| qTP2C60     | band | jzzn | 2D  | done     | done      | done       | completed   | done    | completed   |
|             |      |      |     | -        | -         | -          | -           | -       | -           |
| qTPC20-b    | band | jzzn | 2D  | done     | done      | done       | completed   | done    | completed   |
|             |      |      |     | -        | -         | -          | -           | -       | -           |
| qTPC20-r    | band | jzzn | 2D  | done     | done      | done       | completed   | done    | completed   |
|             |      |      |     | -        | -         | -          | -           | -       | -           |
| qTPC24      | band | jzzn | 2D  | done     | done      | done       | completed   | done    | completed   |
|             |      |      |     | -        | -         | -          | -           | -       | -           |
| qTPC24-Mg1  | band | jzzn | 2D  | error    | waiting   | waiting    | not started | waiting | not started |
|             |      |      |     | S1c_fine | -         | -          | -           | -       | -           |
+-------------+------+------+-----+----------+-----------+------------+-------------+---------+-------------+
Total: 12 | Done: 9 | Waiting: 0 | Actionable: 3

FAILED / NEEDS ATTENTION:
  [band] qHPC36-D6h             S4_HSE     OUTCAR incomplete
  [band] qHPC60                 S4_HSE     OUTCAR incomplete
  [band] qTPC24-Mg1             S1c_fine   c 未收敛 [unknown] 还没有完成的离子步

== elastic（弹性常数计算，5 个材料）==
+----------+---------+------+-----+--------+-----------------------+-------------+
| Material | tt      | hpc  | dim | S1_opt | S2_elastic            | S3_post     |
+==========+=========+======+=====+========+=======================+=============+
| qHPC20   | elastic | jzzn | 2D  | done   | running               | not started |
|          |         |      |     | -      | cu49 3587486 15:58:54 | -           |
| qHPC24   | elastic | jzzn | 2D  | done   | running               | not started |
|          |         |      |     | -      | cu59 3587488 10:48:12 | -           |
| qTPC20-b | elastic | jzzn | 2D  | done   | running               | not started |
|          |         |      |     | -      | cu12 3587491 10:10:52 | -           |
| qTPC20-r | elastic | jzzn | 2D  | done   | done                  | completed   |
|          |         |      |     | -      | -                     | -           |
| qTPC24   | elastic | jzzn | 2D  | done   | done                  | completed   |
|          |         |      |     | -      | -                     | -           |
+----------+---------+------+-----+--------+-----------------------+-------------+
Total: 5 | Done: 2 | Waiting: 3 | Actionable: 0

[11:10:18] 无变化
[11:15:53] 无变化
[11:21:33] 无变化
[11:27:09] 无变化
[11:32:41] 无变化
[11:37:54] 无变化
[11:43:07] 无变化
[11:48:26] 无变化
[11:53:40] 无变化
[11:58:56] 无变化
[12:04:13] 无变化
[12:09:38] 无变化
[12:14:54] 无变化
[12:20:18] 无变化
[12:25:45] 无变化
[12:31:08] 无变化
[12:36:28] 无变化
[12:41:41] 无变化
[12:47:01] 无变化
[12:52:05] 无变化
[12:57:15] 无变化
[13:02:38] 无变化
[13:08:04] 无变化
[13:13:27] 无变化
[13:18:43] 无变化
[13:24:01] 无变化
[13:29:19] 无变化
[13:34:44] 无变化
[13:40:13] 无变化
[13:45:32] 无变化
[13:51:00] 无变化
[13:56:25] 配置变更但重载失败（错误：类型 band 在全局 tf.yaml 里没有对应定义（继承不到 steps）。
来源文件：/home/wangchao/Fullerene_Network/Mg2C60/project_setting/tf_Mg2C60.yaml
通常是该文件的类型名和全局 tf.yaml 不一致（如 bd 改名 band 后没同步）。
全局可用的类型名：（无）。修正命令：
  sed -i 's/^  band:/  band:/' /home/wangchao/Fullerene_Network/Mg2C60/project_setting/tf_Mg2C60.yaml），沿用旧配置继续监控。
[13:56:26] 无变化
[14:01:57] 无变化
[14:07:31] 配置变更但重载失败（错误：类型 band 在全局 tf.yaml 里没有对应定义（继承不到 steps）。
来源文件：/home/wangchao/Fullerene_Network/Mg2C60/project_setting/tf_Mg2C60.yaml
通常是该文件的类型名和全局 tf.yaml 不一致（如 bd 改名 band 后没同步）。
全局可用的类型名：（无）。修正命令：
  sed -i 's/^  band:/  band:/' /home/wangchao/Fullerene_Network/Mg2C60/project_setting/tf_Mg2C60.yaml），沿用旧配置继续监控。
[14:07:33] 无变化
[14:13:03] 配置变更但重载失败（错误：类型 band 在全局 tf.yaml 里没有对应定义（继承不到 steps）。
来源文件：/home/wangchao/Fullerene_Network/Mg2C60/project_setting/tf_Mg2C60.yaml
通常是该文件的类型名和全局 tf.yaml 不一致（如 bd 改名 band 后没同步）。
全局可用的类型名：（无）。修正命令：
  sed -i 's/^  band:/  band:/' /home/wangchao/Fullerene_Network/Mg2C60/project_setting/tf_Mg2C60.yaml），沿用旧配置继续监控。
[14:13:05] 无变化
[14:18:35] 配置变更但重载失败（错误：类型 band 在全局 tf.yaml 里没有对应定义（继承不到 steps）。
来源文件：/home/wangchao/Fullerene_Network/Mg2C60/project_setting/tf_Mg2C60.yaml
通常是该文件的类型名和全局 tf.yaml 不一致（如 bd 改名 band 后没同步）。
全局可用的类型名：（无）。修正命令：
  sed -i 's/^  band:/  band:/' /home/wangchao/Fullerene_Network/Mg2C60/project_setting/tf_Mg2C60.yaml），沿用旧配置继续监控。
auto C20/qHPC20[band|S1a_ion]: gen 失败。project_setting/skill_dir 里缺少 incar_2d.tpl，且未配置 gen_dir 兜底
auto C20/qTPC20-b[band|S1a_ion]: gen 失败。project_setting/skill_dir 里缺少 incar_2d.tpl，且未配置 gen_dir 兜底
auto C20/qTPC20-r[band|S1a_ion]: gen 失败。project_setting/skill_dir 里缺少 incar_2d.tpl，且未配置 gen_dir 兜底
auto C24/qHPC24[band|S1a_ion]: gen 失败。project_setting/skill_dir 里缺少 incar_2d.tpl，且未配置 gen_dir 兜底
auto C24/qTPC24[band|S1a_ion]: gen 失败。project_setting/skill_dir 里缺少 incar_2d.tpl，且未配置 gen_dir 兜底
auto C36/qHPC36-D6h[band|S1a_ion]: gen 失败。project_setting/skill_dir 里缺少 incar_2d.tpl，且未配置 gen_dir 兜底
auto C36/qTP2C36-D2d[band|S1a_ion]: gen 失败。project_setting/skill_dir 里缺少 incar_2d.tpl，且未配置 gen_dir 兜底
auto C60/qHPC60[band|S1a_ion]: gen 失败。project_setting/skill_dir 里缺少 incar_2d.tpl，且未配置 gen_dir 兜底
auto C60/qTP1C60[band|S1a_ion]: gen 失败。project_setting/skill_dir 里缺少 incar_2d.tpl，且未配置 gen_dir 兜底
auto C60/qTP2C60[band|S1a_ion]: gen 失败。project_setting/skill_dir 里缺少 incar_2d.tpl，且未配置 gen_dir 兜底
== band（能带计算，12 个材料）==
+-----------------+------+------+-----+----------+-----------+------------+-------------+---------+-------------+
| Material        | tt   | hpc  | dim | S1_relax | S2_static | S3_WAVECAR | S3.1_plot   | S4_HSE  | S4.1_plot   |
+=================+======+======+=====+==========+===========+============+=============+=========+=============+
| C20/qHPC20      | band | jzzn | -   | waiting  | waiting   | waiting    | not started | waiting | not started |
|                 |      |      |     | S1a_ion  | -         | -          | -           | -       | -           |
| C20/qTPC20-b    | band | jzzn | -   | waiting  | waiting   | waiting    | not started | waiting | not started |
|                 |      |      |     | S1a_ion  | -         | -          | -           | -       | -           |
| C20/qTPC20-r    | band | jzzn | -   | waiting  | waiting   | waiting    | not started | waiting | not started |
|                 |      |      |     | S1a_ion  | -         | -          | -           | -       | -           |
| C24/qHPC24      | band | jzzn | -   | waiting  | waiting   | waiting    | not started | waiting | not started |
|                 |      |      |     | S1a_ion  | -         | -          | -           | -       | -           |
| C24/qTPC24      | band | jzzn | -   | waiting  | waiting   | waiting    | not started | waiting | not started |
|                 |      |      |     | S1a_ion  | -         | -          | -           | -       | -           |
| C36/qHPC36-D6h  | band | jzzn | -   | waiting  | waiting   | waiting    | not started | waiting | not started |
|                 |      |      |     | S1a_ion  | -         | -          | -           | -       | -           |
| C36/qTP2C36-D2d | band | jzzn | -   | waiting  | waiting   | waiting    | not started | waiting | not started |
|                 |      |      |     | S1a_ion  | -         | -          | -           | -       | -           |
| C60/qHPC60      | band | jzzn | -   | waiting  | waiting   | waiting    | not started | waiting | not started |
|                 |      |      |     | S1a_ion  | -         | -          | -           | -       | -           |
| C60/qTP1C60     | band | jzzn | -   | waiting  | waiting   | waiting    | not started | waiting | not started |
|                 |      |      |     | S1a_ion  | -         | -          | -           | -       | -           |
| C60/qTP2C60     | band | jzzn | -   | waiting  | waiting   | waiting    | not started | waiting | not started |
|                 |      |      |     | S1a_ion  | -         | -          | -           | -       | -           |
| Mg2C60          | band | jzzn | 3D  | done     | done      | done       | completed   | done    | completed   |
|                 |      |      |     | -        | -         | -          | -           | -       | -           |
| qTPC24-Mg1      | band | jzzn | 2D  | error    | waiting   | waiting    | not started | waiting | not started |
|                 |      |      |     | S1c_fine | -         | -          | -           | -       | -           |
+-----------------+------+------+-----+----------+-----------+------------+-------------+---------+-------------+
Total: 12 | Done: 1 | Waiting: 0 | Actionable: 11

FAILED / NEEDS ATTENTION:
  [band] qTPC24-Mg1             S1c_fine   c 未收敛 [unknown] 还没有完成的离子步

== elastic（弹性常数计算，5 个材料）==
+----------+---------+------+-----+--------+-----------------------+-------------+
| Material | tt      | hpc  | dim | S1_opt | S2_elastic            | S3_post     |
+==========+=========+======+=====+========+=======================+=============+
| qHPC20   | elastic | jzzn | 2D  | done   | running               | not started |
|          |         |      |     | -      | cu49 3587486 19:12:52 | -           |
| qHPC24   | elastic | jzzn | 2D  | done   | running               | not started |
|          |         |      |     | -      | cu59 3587488 14:02:10 | -           |
| qTPC20-b | elastic | jzzn | 2D  | done   | running               | not started |
|          |         |      |     | -      | cu12 3587491 13:24:50 | -           |
| qTPC20-r | elastic | jzzn | 2D  | done   | done                  | completed   |
|          |         |      |     | -      | -                     | -           |
| qTPC24   | elastic | jzzn | 2D  | done   | done                  | completed   |
|          |         |      |     | -      | -                     | -           |
+----------+---------+------+-----+--------+-----------------------+-------------+
Total: 5 | Done: 2 | Waiting: 3 | Actionable: 0

auto C20/qHPC20[band|S1a_ion]: gen 失败。project_setting/skill_dir 里缺少 incar_2d.tpl，且未配置 gen_dir 兜底
auto C20/qTPC20-b[band|S1a_ion]: gen 失败。project_setting/skill_dir 里缺少 incar_2d.tpl，且未配置 gen_dir 兜底
auto C20/qTPC20-r[band|S1a_ion]: gen 失败。project_setting/skill_dir 里缺少 incar_2d.tpl，且未配置 gen_dir 兜底
auto C24/qHPC24[band|S1a_ion]: gen 失败。project_setting/skill_dir 里缺少 incar_2d.tpl，且未配置 gen_dir 兜底
auto C24/qTPC24[band|S1a_ion]: gen 失败。project_setting/skill_dir 里缺少 incar_2d.tpl，且未配置 gen_dir 兜底
auto C36/qHPC36-D6h[band|S1a_ion]: gen 失败。project_setting/skill_dir 里缺少 incar_2d.tpl，且未配置 gen_dir 兜底
auto C36/qTP2C36-D2d[band|S1a_ion]: gen 失败。project_setting/skill_dir 里缺少 incar_2d.tpl，且未配置 gen_dir 兜底
auto C60/qHPC60[band|S1a_ion]: gen 失败。project_setting/skill_dir 里缺少 incar_2d.tpl，且未配置 gen_dir 兜底
auto C60/qTP1C60[band|S1a_ion]: gen 失败。project_setting/skill_dir 里缺少 incar_2d.tpl，且未配置 gen_dir 兜底
auto C60/qTP2C60[band|S1a_ion]: gen 失败。project_setting/skill_dir 里缺少 incar_2d.tpl，且未配置 gen_dir 兜底
[14:24:20] 无变化
auto C20/qHPC20[band|S1a_ion]: gen 失败。project_setting/skill_dir 里缺少 incar_2d.tpl，且未配置 gen_dir 兜底
auto C20/qTPC20-b[band|S1a_ion]: gen 失败。project_setting/skill_dir 里缺少 incar_2d.tpl，且未配置 gen_dir 兜底
auto C20/qTPC20-r[band|S1a_ion]: gen 失败。project_setting/skill_dir 里缺少 incar_2d.tpl，且未配置 gen_dir 兜底
auto C24/qHPC24[band|S1a_ion]: gen 失败。project_setting/skill_dir 里缺少 incar_2d.tpl，且未配置 gen_dir 兜底
auto C24/qTPC24[band|S1a_ion]: gen 失败。project_setting/skill_dir 里缺少 incar_2d.tpl，且未配置 gen_dir 兜底
auto C36/qHPC36-D6h[band|S1a_ion]: gen 失败。project_setting/skill_dir 里缺少 incar_2d.tpl，且未配置 gen_dir 兜底
auto C36/qTP2C36-D2d[band|S1a_ion]: gen 失败。project_setting/skill_dir 里缺少 incar_2d.tpl，且未配置 gen_dir 兜底
auto C60/qHPC60[band|S1a_ion]: gen 失败。project_setting/skill_dir 里缺少 incar_2d.tpl，且未配置 gen_dir 兜底
auto C60/qTP1C60[band|S1a_ion]: gen 失败。project_setting/skill_dir 里缺少 incar_2d.tpl，且未配置 gen_dir 兜底
auto C60/qTP2C60[band|S1a_ion]: gen 失败。project_setting/skill_dir 里缺少 incar_2d.tpl，且未配置 gen_dir 兜底
[14:30:01] 无变化
auto C20/qHPC20[band|S1a_ion]: gen 失败。project_setting/skill_dir 里缺少 incar_2d.tpl，且未配置 gen_dir 兜底
auto C20/qTPC20-b[band|S1a_ion]: gen 失败。project_setting/skill_dir 里缺少 incar_2d.tpl，且未配置 gen_dir 兜底
auto C20/qTPC20-r[band|S1a_ion]: gen 失败。project_setting/skill_dir 里缺少 incar_2d.tpl，且未配置 gen_dir 兜底
auto C24/qHPC24[band|S1a_ion]: gen 失败。project_setting/skill_dir 里缺少 incar_2d.tpl，且未配置 gen_dir 兜底
auto C24/qTPC24[band|S1a_ion]: gen 失败。project_setting/skill_dir 里缺少 incar_2d.tpl，且未配置 gen_dir 兜底
auto C36/qHPC36-D6h[band|S1a_ion]: gen 失败。project_setting/skill_dir 里缺少 incar_2d.tpl，且未配置 gen_dir 兜底
auto C36/qTP2C36-D2d[band|S1a_ion]: gen 失败。project_setting/skill_dir 里缺少 incar_2d.tpl，且未配置 gen_dir 兜底
auto C60/qHPC60[band|S1a_ion]: gen 失败。project_setting/skill_dir 里缺少 incar_2d.tpl，且未配置 gen_dir 兜底
auto C60/qTP1C60[band|S1a_ion]: gen 失败。project_setting/skill_dir 里缺少 incar_2d.tpl，且未配置 gen_dir 兜底
auto C60/qTP2C60[band|S1a_ion]: gen 失败。project_setting/skill_dir 里缺少 incar_2d.tpl，且未配置 gen_dir 兜底
[14:35:46] 无变化
auto C20/qHPC20[band|S1a_ion]: gen 失败。project_setting/skill_dir 里缺少 incar_2d.tpl，且未配置 gen_dir 兜底
auto C20/qTPC20-b[band|S1a_ion]: gen 失败。project_setting/skill_dir 里缺少 incar_2d.tpl，且未配置 gen_dir 兜底
auto C20/qTPC20-r[band|S1a_ion]: gen 失败。project_setting/skill_dir 里缺少 incar_2d.tpl，且未配置 gen_dir 兜底
auto C24/qHPC24[band|S1a_ion]: gen 失败。project_setting/skill_dir 里缺少 incar_2d.tpl，且未配置 gen_dir 兜底
auto C24/qTPC24[band|S1a_ion]: gen 失败。project_setting/skill_dir 里缺少 incar_2d.tpl，且未配置 gen_dir 兜底
auto C36/qHPC36-D6h[band|S1a_ion]: gen 失败。project_setting/skill_dir 里缺少 incar_2d.tpl，且未配置 gen_dir 兜底
auto C36/qTP2C36-D2d[band|S1a_ion]: gen 失败。project_setting/skill_dir 里缺少 incar_2d.tpl，且未配置 gen_dir 兜底
auto C60/qHPC60[band|S1a_ion]: gen 失败。project_setting/skill_dir 里缺少 incar_2d.tpl，且未配置 gen_dir 兜底
auto C60/qTP1C60[band|S1a_ion]: gen 失败。project_setting/skill_dir 里缺少 incar_2d.tpl，且未配置 gen_dir 兜底
auto C60/qTP2C60[band|S1a_ion]: gen 失败。project_setting/skill_dir 里缺少 incar_2d.tpl，且未配置 gen_dir 兜底
[14:41:20] 无变化
auto C20/qHPC20[band|S1a_ion]: gen 失败。project_setting/skill_dir 里缺少 incar_2d.tpl，且未配置 gen_dir 兜底
auto C20/qTPC20-b[band|S1a_ion]: gen 失败。project_setting/skill_dir 里缺少 incar_2d.tpl，且未配置 gen_dir 兜底
auto C20/qTPC20-r[band|S1a_ion]: gen 失败。project_setting/skill_dir 里缺少 incar_2d.tpl，且未配置 gen_dir 兜底
auto C24/qHPC24[band|S1a_ion]: gen 失败。project_setting/skill_dir 里缺少 incar_2d.tpl，且未配置 gen_dir 兜底
auto C24/qTPC24[band|S1a_ion]: gen 失败。project_setting/skill_dir 里缺少 incar_2d.tpl，且未配置 gen_dir 兜底
auto C36/qHPC36-D6h[band|S1a_ion]: gen 失败。project_setting/skill_dir 里缺少 incar_2d.tpl，且未配置 gen_dir 兜底
auto C36/qTP2C36-D2d[band|S1a_ion]: gen 失败。project_setting/skill_dir 里缺少 incar_2d.tpl，且未配置 gen_dir 兜底
auto C60/qHPC60[band|S1a_ion]: gen 失败。project_setting/skill_dir 里缺少 incar_2d.tpl，且未配置 gen_dir 兜底
auto C60/qTP1C60[band|S1a_ion]: gen 失败。project_setting/skill_dir 里缺少 incar_2d.tpl，且未配置 gen_dir 兜底
auto C60/qTP2C60[band|S1a_ion]: gen 失败。project_setting/skill_dir 里缺少 incar_2d.tpl，且未配置 gen_dir 兜底
[14:46:58] 无变化
auto C20/qHPC20[band|S1a_ion]: gen 失败。project_setting/skill_dir 里缺少 incar_2d.tpl，且未配置 gen_dir 兜底
auto C20/qTPC20-b[band|S1a_ion]: gen 失败。project_setting/skill_dir 里缺少 incar_2d.tpl，且未配置 gen_dir 兜底
auto C20/qTPC20-r[band|S1a_ion]: gen 失败。project_setting/skill_dir 里缺少 incar_2d.tpl，且未配置 gen_dir 兜底
auto C24/qHPC24[band|S1a_ion]: gen 失败。project_setting/skill_dir 里缺少 incar_2d.tpl，且未配置 gen_dir 兜底
auto C24/qTPC24[band|S1a_ion]: gen 失败。project_setting/skill_dir 里缺少 incar_2d.tpl，且未配置 gen_dir 兜底
auto C36/qHPC36-D6h[band|S1a_ion]: gen 失败。project_setting/skill_dir 里缺少 incar_2d.tpl，且未配置 gen_dir 兜底
auto C36/qTP2C36-D2d[band|S1a_ion]: gen 失败。project_setting/skill_dir 里缺少 incar_2d.tpl，且未配置 gen_dir 兜底
auto C60/qHPC60[band|S1a_ion]: gen 失败。project_setting/skill_dir 里缺少 incar_2d.tpl，且未配置 gen_dir 兜底
auto C60/qTP1C60[band|S1a_ion]: gen 失败。project_setting/skill_dir 里缺少 incar_2d.tpl，且未配置 gen_dir 兜底
auto C60/qTP2C60[band|S1a_ion]: gen 失败。project_setting/skill_dir 里缺少 incar_2d.tpl，且未配置 gen_dir 兜底
[14:52:41] 无变化
auto C20/qHPC20[band|S1a_ion]: gen 失败。project_setting/skill_dir 里缺少 incar_2d.tpl，且未配置 gen_dir 兜底
auto C20/qTPC20-b[band|S1a_ion]: gen 失败。project_setting/skill_dir 里缺少 incar_2d.tpl，且未配置 gen_dir 兜底
auto C20/qTPC20-r[band|S1a_ion]: gen 失败。project_setting/skill_dir 里缺少 incar_2d.tpl，且未配置 gen_dir 兜底
auto C24/qHPC24[band|S1a_ion]: gen 失败。project_setting/skill_dir 里缺少 incar_2d.tpl，且未配置 gen_dir 兜底
auto C24/qTPC24[band|S1a_ion]: gen 失败。project_setting/skill_dir 里缺少 incar_2d.tpl，且未配置 gen_dir 兜底
auto C36/qHPC36-D6h[band|S1a_ion]: gen 失败。project_setting/skill_dir 里缺少 incar_2d.tpl，且未配置 gen_dir 兜底
auto C36/qTP2C36-D2d[band|S1a_ion]: gen 失败。project_setting/skill_dir 里缺少 incar_2d.tpl，且未配置 gen_dir 兜底
auto C60/qHPC60[band|S1a_ion]: gen 失败。project_setting/skill_dir 里缺少 incar_2d.tpl，且未配置 gen_dir 兜底
auto C60/qTP1C60[band|S1a_ion]: gen 失败。project_setting/skill_dir 里缺少 incar_2d.tpl，且未配置 gen_dir 兜底
auto C60/qTP2C60[band|S1a_ion]: gen 失败。project_setting/skill_dir 里缺少 incar_2d.tpl，且未配置 gen_dir 兜底
[14:58:26] 无变化
auto C20/qHPC20[band|S1a_ion]: gen 失败。project_setting/skill_dir 里缺少 incar_2d.tpl，且未配置 gen_dir 兜底
auto C20/qTPC20-b[band|S1a_ion]: gen 失败。project_setting/skill_dir 里缺少 incar_2d.tpl，且未配置 gen_dir 兜底
auto C20/qTPC20-r[band|S1a_ion]: gen 失败。project_setting/skill_dir 里缺少 incar_2d.tpl，且未配置 gen_dir 兜底
auto C24/qHPC24[band|S1a_ion]: gen 失败。project_setting/skill_dir 里缺少 incar_2d.tpl，且未配置 gen_dir 兜底
auto C24/qTPC24[band|S1a_ion]: gen 失败。project_setting/skill_dir 里缺少 incar_2d.tpl，且未配置 gen_dir 兜底
auto C36/qHPC36-D6h[band|S1a_ion]: gen 失败。project_setting/skill_dir 里缺少 incar_2d.tpl，且未配置 gen_dir 兜底
auto C36/qTP2C36-D2d[band|S1a_ion]: gen 失败。project_setting/skill_dir 里缺少 incar_2d.tpl，且未配置 gen_dir 兜底
auto C60/qHPC60[band|S1a_ion]: gen 失败。project_setting/skill_dir 里缺少 incar_2d.tpl，且未配置 gen_dir 兜底
auto C60/qTP1C60[band|S1a_ion]: gen 失败。project_setting/skill_dir 里缺少 incar_2d.tpl，且未配置 gen_dir 兜底
auto C60/qTP2C60[band|S1a_ion]: gen 失败。project_setting/skill_dir 里缺少 incar_2d.tpl，且未配置 gen_dir 兜底
[15:04:12] 无变化
auto C20/qHPC20[band|S1a_ion]: gen 失败。project_setting/skill_dir 里缺少 incar_2d.tpl，且未配置 gen_dir 兜底
auto C20/qTPC20-b[band|S1a_ion]: gen 失败。project_setting/skill_dir 里缺少 incar_2d.tpl，且未配置 gen_dir 兜底
auto C20/qTPC20-r[band|S1a_ion]: gen 失败。project_setting/skill_dir 里缺少 incar_2d.tpl，且未配置 gen_dir 兜底
auto C24/qHPC24[band|S1a_ion]: gen 失败。project_setting/skill_dir 里缺少 incar_2d.tpl，且未配置 gen_dir 兜底
auto C24/qTPC24[band|S1a_ion]: gen 失败。project_setting/skill_dir 里缺少 incar_2d.tpl，且未配置 gen_dir 兜底
auto C36/qHPC36-D6h[band|S1a_ion]: gen 失败。project_setting/skill_dir 里缺少 incar_2d.tpl，且未配置 gen_dir 兜底
auto C36/qTP2C36-D2d[band|S1a_ion]: gen 失败。project_setting/skill_dir 里缺少 incar_2d.tpl，且未配置 gen_dir 兜底
auto C60/qHPC60[band|S1a_ion]: gen 失败。project_setting/skill_dir 里缺少 incar_2d.tpl，且未配置 gen_dir 兜底
auto C60/qTP1C60[band|S1a_ion]: gen 失败。project_setting/skill_dir 里缺少 incar_2d.tpl，且未配置 gen_dir 兜底
auto C60/qTP2C60[band|S1a_ion]: gen 失败。project_setting/skill_dir 里缺少 incar_2d.tpl，且未配置 gen_dir 兜底
[15:09:56] 无变化
[15:15:31] 配置变更但重载失败（'NoneType' object has no attribute 'setdefault'），沿用旧配置继续监控。
auto C20/qHPC20[band|S1a_ion]: gen 失败。project_setting/skill_dir 里缺少 incar_2d.tpl，且未配置 gen_dir 兜底
auto C20/qTPC20-b[band|S1a_ion]: gen 失败。project_setting/skill_dir 里缺少 incar_2d.tpl，且未配置 gen_dir 兜底
auto C20/qTPC20-r[band|S1a_ion]: gen 失败。project_setting/skill_dir 里缺少 incar_2d.tpl，且未配置 gen_dir 兜底
auto C24/qHPC24[band|S1a_ion]: gen 失败。project_setting/skill_dir 里缺少 incar_2d.tpl，且未配置 gen_dir 兜底
auto C24/qTPC24[band|S1a_ion]: gen 失败。project_setting/skill_dir 里缺少 incar_2d.tpl，且未配置 gen_dir 兜底
auto C36/qHPC36-D6h[band|S1a_ion]: gen 失败。project_setting/skill_dir 里缺少 incar_2d.tpl，且未配置 gen_dir 兜底
auto C36/qTP2C36-D2d[band|S1a_ion]: gen 失败。project_setting/skill_dir 里缺少 incar_2d.tpl，且未配置 gen_dir 兜底
auto C60/qHPC60[band|S1a_ion]: gen 失败。project_setting/skill_dir 里缺少 incar_2d.tpl，且未配置 gen_dir 兜底
auto C60/qTP1C60[band|S1a_ion]: gen 失败。project_setting/skill_dir 里缺少 incar_2d.tpl，且未配置 gen_dir 兜底
auto C60/qTP2C60[band|S1a_ion]: gen 失败。project_setting/skill_dir 里缺少 incar_2d.tpl，且未配置 gen_dir 兜底
[15:15:35] 无变化
auto C20/qHPC20[band|S1a_ion]: gen 失败。project_setting/skill_dir 里缺少 incar_2d.tpl，且未配置 gen_dir 兜底
auto C20/qTPC20-b[band|S1a_ion]: gen 失败。project_setting/skill_dir 里缺少 incar_2d.tpl，且未配置 gen_dir 兜底
auto C20/qTPC20-r[band|S1a_ion]: gen 失败。project_setting/skill_dir 里缺少 incar_2d.tpl，且未配置 gen_dir 兜底
auto C24/qHPC24[band|S1a_ion]: gen 失败。project_setting/skill_dir 里缺少 incar_2d.tpl，且未配置 gen_dir 兜底
auto C24/qTPC24[band|S1a_ion]: gen 失败。project_setting/skill_dir 里缺少 incar_2d.tpl，且未配置 gen_dir 兜底
auto C36/qHPC36-D6h[band|S1a_ion]: gen 失败。project_setting/skill_dir 里缺少 incar_2d.tpl，且未配置 gen_dir 兜底
auto C36/qTP2C36-D2d[band|S1a_ion]: gen 失败。project_setting/skill_dir 里缺少 incar_2d.tpl，且未配置 gen_dir 兜底
auto C60/qHPC60[band|S1a_ion]: gen 失败。project_setting/skill_dir 里缺少 incar_2d.tpl，且未配置 gen_dir 兜底
auto C60/qTP1C60[band|S1a_ion]: gen 失败。project_setting/skill_dir 里缺少 incar_2d.tpl，且未配置 gen_dir 兜底
auto C60/qTP2C60[band|S1a_ion]: gen 失败。project_setting/skill_dir 里缺少 incar_2d.tpl，且未配置 gen_dir 兜底
[15:21:18] 无变化
auto C20/qHPC20[band|S1a_ion]: gen 失败。project_setting/skill_dir 里缺少 incar_2d.tpl，且未配置 gen_dir 兜底
auto C20/qTPC20-b[band|S1a_ion]: gen 失败。project_setting/skill_dir 里缺少 incar_2d.tpl，且未配置 gen_dir 兜底
auto C20/qTPC20-r[band|S1a_ion]: gen 失败。project_setting/skill_dir 里缺少 incar_2d.tpl，且未配置 gen_dir 兜底
auto C24/qHPC24[band|S1a_ion]: gen 失败。project_setting/skill_dir 里缺少 incar_2d.tpl，且未配置 gen_dir 兜底
auto C24/qTPC24[band|S1a_ion]: gen 失败。project_setting/skill_dir 里缺少 incar_2d.tpl，且未配置 gen_dir 兜底
auto C36/qHPC36-D6h[band|S1a_ion]: gen 失败。project_setting/skill_dir 里缺少 incar_2d.tpl，且未配置 gen_dir 兜底
auto C36/qTP2C36-D2d[band|S1a_ion]: gen 失败。project_setting/skill_dir 里缺少 incar_2d.tpl，且未配置 gen_dir 兜底
auto C60/qHPC60[band|S1a_ion]: gen 失败。project_setting/skill_dir 里缺少 incar_2d.tpl，且未配置 gen_dir 兜底
auto C60/qTP1C60[band|S1a_ion]: gen 失败。project_setting/skill_dir 里缺少 incar_2d.tpl，且未配置 gen_dir 兜底
auto C60/qTP2C60[band|S1a_ion]: gen 失败。project_setting/skill_dir 里缺少 incar_2d.tpl，且未配置 gen_dir 兜底
[15:27:04] 无变化
auto C20/qHPC20[band|S1a_ion]: gen 失败。project_setting/skill_dir 里缺少 incar_2d.tpl，且未配置 gen_dir 兜底
auto C20/qTPC20-b[band|S1a_ion]: gen 失败。project_setting/skill_dir 里缺少 incar_2d.tpl，且未配置 gen_dir 兜底
auto C20/qTPC20-r[band|S1a_ion]: gen 失败。project_setting/skill_dir 里缺少 incar_2d.tpl，且未配置 gen_dir 兜底
auto C24/qHPC24[band|S1a_ion]: gen 失败。project_setting/skill_dir 里缺少 incar_2d.tpl，且未配置 gen_dir 兜底
auto C24/qTPC24[band|S1a_ion]: gen 失败。project_setting/skill_dir 里缺少 incar_2d.tpl，且未配置 gen_dir 兜底
auto C36/qHPC36-D6h[band|S1a_ion]: gen 失败。project_setting/skill_dir 里缺少 incar_2d.tpl，且未配置 gen_dir 兜底
auto C36/qTP2C36-D2d[band|S1a_ion]: gen 失败。project_setting/skill_dir 里缺少 incar_2d.tpl，且未配置 gen_dir 兜底
auto C60/qHPC60[band|S1a_ion]: gen 失败。project_setting/skill_dir 里缺少 incar_2d.tpl，且未配置 gen_dir 兜底
auto C60/qTP1C60[band|S1a_ion]: gen 失败。project_setting/skill_dir 里缺少 incar_2d.tpl，且未配置 gen_dir 兜底
auto C60/qTP2C60[band|S1a_ion]: gen 失败。project_setting/skill_dir 里缺少 incar_2d.tpl，且未配置 gen_dir 兜底
[15:32:49] 无变化
auto C20/qHPC20[band|S1a_ion]: gen 失败。project_setting/skill_dir 里缺少 incar_2d.tpl，且未配置 gen_dir 兜底
auto C20/qTPC20-b[band|S1a_ion]: gen 失败。project_setting/skill_dir 里缺少 incar_2d.tpl，且未配置 gen_dir 兜底
auto C20/qTPC20-r[band|S1a_ion]: gen 失败。project_setting/skill_dir 里缺少 incar_2d.tpl，且未配置 gen_dir 兜底
auto C24/qHPC24[band|S1a_ion]: gen 失败。project_setting/skill_dir 里缺少 incar_2d.tpl，且未配置 gen_dir 兜底
auto C24/qTPC24[band|S1a_ion]: gen 失败。project_setting/skill_dir 里缺少 incar_2d.tpl，且未配置 gen_dir 兜底
auto C36/qHPC36-D6h[band|S1a_ion]: gen 失败。project_setting/skill_dir 里缺少 incar_2d.tpl，且未配置 gen_dir 兜底
auto C36/qTP2C36-D2d[band|S1a_ion]: gen 失败。project_setting/skill_dir 里缺少 incar_2d.tpl，且未配置 gen_dir 兜底
auto C60/qHPC60[band|S1a_ion]: gen 失败。project_setting/skill_dir 里缺少 incar_2d.tpl，且未配置 gen_dir 兜底
auto C60/qTP1C60[band|S1a_ion]: gen 失败。project_setting/skill_dir 里缺少 incar_2d.tpl，且未配置 gen_dir 兜底
auto C60/qTP2C60[band|S1a_ion]: gen 失败。project_setting/skill_dir 里缺少 incar_2d.tpl，且未配置 gen_dir 兜底
[15:38:30] 无变化
auto C20/qHPC20[band|S1a_ion]: gen 失败。project_setting/skill_dir 里缺少 incar_2d.tpl，且未配置 gen_dir 兜底
auto C20/qTPC20-b[band|S1a_ion]: gen 失败。project_setting/skill_dir 里缺少 incar_2d.tpl，且未配置 gen_dir 兜底
auto C20/qTPC20-r[band|S1a_ion]: gen 失败。project_setting/skill_dir 里缺少 incar_2d.tpl，且未配置 gen_dir 兜底
auto C24/qHPC24[band|S1a_ion]: gen 失败。project_setting/skill_dir 里缺少 incar_2d.tpl，且未配置 gen_dir 兜底
auto C24/qTPC24[band|S1a_ion]: gen 失败。project_setting/skill_dir 里缺少 incar_2d.tpl，且未配置 gen_dir 兜底
auto C36/qHPC36-D6h[band|S1a_ion]: gen 失败。project_setting/skill_dir 里缺少 incar_2d.tpl，且未配置 gen_dir 兜底
auto C36/qTP2C36-D2d[band|S1a_ion]: gen 失败。project_setting/skill_dir 里缺少 incar_2d.tpl，且未配置 gen_dir 兜底
auto C60/qHPC60[band|S1a_ion]: gen 失败。project_setting/skill_dir 里缺少 incar_2d.tpl，且未配置 gen_dir 兜底
auto C60/qTP1C60[band|S1a_ion]: gen 失败。project_setting/skill_dir 里缺少 incar_2d.tpl，且未配置 gen_dir 兜底
auto C60/qTP2C60[band|S1a_ion]: gen 失败。project_setting/skill_dir 里缺少 incar_2d.tpl，且未配置 gen_dir 兜底
auto Mg2C60[band|S1a_ion]: gen 失败。project_setting/skill_dir 里缺少 incar_2d.tpl，且未配置 gen_dir 兜底
auto qTPC24-Mg1[band|S1a_ion]: gen 失败。project_setting/skill_dir 里缺少 incar_2d.tpl，且未配置 gen_dir 兜底
== band（能带计算，12 个材料）==
+-----------------+------+------+-----+----------+-----------+------------+-------------+---------+-------------+
| Material        | tt   | hpc  | dim | S1_relax | S2_static | S3_WAVECAR | S3.1_plot   | S4_HSE  | S4.1_plot   |
+=================+======+======+=====+==========+===========+============+=============+=========+=============+
| C20/qHPC20      | band | jzzn | -   | waiting  | waiting   | waiting    | not started | waiting | not started |
|                 |      |      |     | S1a_ion  | -         | -          | -           | -       | -           |
| C20/qTPC20-b    | band | jzzn | -   | waiting  | waiting   | waiting    | not started | waiting | not started |
|                 |      |      |     | S1a_ion  | -         | -          | -           | -       | -           |
| C20/qTPC20-r    | band | jzzn | -   | waiting  | waiting   | waiting    | not started | waiting | not started |
|                 |      |      |     | S1a_ion  | -         | -          | -           | -       | -           |
| C24/qHPC24      | band | jzzn | -   | waiting  | waiting   | waiting    | not started | waiting | not started |
|                 |      |      |     | S1a_ion  | -         | -          | -           | -       | -           |
| C24/qTPC24      | band | jzzn | -   | waiting  | waiting   | waiting    | not started | waiting | not started |
|                 |      |      |     | S1a_ion  | -         | -          | -           | -       | -           |
| C36/qHPC36-D6h  | band | jzzn | -   | waiting  | waiting   | waiting    | not started | waiting | not started |
|                 |      |      |     | S1a_ion  | -         | -          | -           | -       | -           |
| C36/qTP2C36-D2d | band | jzzn | -   | waiting  | waiting   | waiting    | not started | waiting | not started |
|                 |      |      |     | S1a_ion  | -         | -          | -           | -       | -           |
| C60/qHPC60      | band | jzzn | -   | waiting  | waiting   | waiting    | not started | waiting | not started |
|                 |      |      |     | S1a_ion  | -         | -          | -           | -       | -           |
| C60/qTP1C60     | band | jzzn | -   | waiting  | waiting   | waiting    | not started | waiting | not started |
|                 |      |      |     | S1a_ion  | -         | -          | -           | -       | -           |
| C60/qTP2C60     | band | jzzn | -   | waiting  | waiting   | waiting    | not started | waiting | not started |
|                 |      |      |     | S1a_ion  | -         | -          | -           | -       | -           |
| Mg2C60          | band | jzzn | -   | waiting  | waiting   | waiting    | not started | waiting | not started |
|                 |      |      |     | S1a_ion  | -         | -          | -           | -       | -           |
| qTPC24-Mg1      | band | jzzn | -   | waiting  | waiting   | waiting    | not started | waiting | not started |
|                 |      |      |     | S1a_ion  | -         | -          | -           | -       | -           |
+-----------------+------+------+-----+----------+-----------+------------+-------------+---------+-------------+
Total: 12 | Done: 0 | Waiting: 0 | Actionable: 12

== elastic（弹性常数计算，5 个材料）==
+----------+---------+------+-----+--------+-----------------------+-------------+
| Material | tt      | hpc  | dim | S1_opt | S2_elastic            | S3_post     |
+==========+=========+======+=====+========+=======================+=============+
| qHPC20   | elastic | jzzn | 2D  | done   | running               | not started |
|          |         |      |     | -      | cu13 3587485 22:40:50 | -           |
| qHPC24   | elastic | jzzn | 2D  | done   | running               | not started |
|          |         |      |     | -      | cu16 3587487 20:11:03 | -           |
| qTPC20-b | elastic | jzzn | 2D  | done   | running               | not started |
|          |         |      |     | -      | cu12 3587491 14:50:26 | -           |
| qTPC20-r | elastic | jzzn | 2D  | done   | done                  | completed   |
|          |         |      |     | -      | -                     | -           |
| qTPC24   | elastic | jzzn | 2D  | done   | done                  | completed   |
|          |         |      |     | -      | -                     | -           |
+----------+---------+------+-----+--------+-----------------------+-------------+
Total: 5 | Done: 2 | Waiting: 3 | Actionable: 0

auto C20/qHPC20[band|S1a_ion]: gen 失败。project_setting/skill_dir 里缺少 incar_2d.tpl，且未配置 gen_dir 兜底
auto C20/qTPC20-b[band|S1a_ion]: gen 失败。project_setting/skill_dir 里缺少 incar_2d.tpl，且未配置 gen_dir 兜底
auto C20/qTPC20-r[band|S1a_ion]: gen 失败。project_setting/skill_dir 里缺少 incar_2d.tpl，且未配置 gen_dir 兜底
auto Mg2C60[band|S1a_ion]: gen 失败。project_setting/skill_dir 里缺少 incar_2d.tpl，且未配置 gen_dir 兜底
auto qTPC24-Mg1[band|S1a_ion]: gen 失败。project_setting/skill_dir 里缺少 incar_2d.tpl，且未配置 gen_dir 兜底
== band（能带计算，5 个材料）==
+--------------+------+------+-----+----------+-----------+------------+-------------+---------+-------------+
| Material     | tt   | hpc  | dim | S1_relax | S2_static | S3_WAVECAR | S3.1_plot   | S4_HSE  | S4.1_plot   |
+==============+======+======+=====+==========+===========+============+=============+=========+=============+
| C20/qHPC20   | band | jzzn | -   | waiting  | waiting   | waiting    | not started | waiting | not started |
|              |      |      |     | S1a_ion  | -         | -          | -           | -       | -           |
| C20/qTPC20-b | band | jzzn | -   | waiting  | waiting   | waiting    | not started | waiting | not started |
|              |      |      |     | S1a_ion  | -         | -          | -           | -       | -           |
| C20/qTPC20-r | band | jzzn | -   | waiting  | waiting   | waiting    | not started | waiting | not started |
|              |      |      |     | S1a_ion  | -         | -          | -           | -       | -           |
| Mg2C60       | band | jzzn | -   | waiting  | waiting   | waiting    | not started | waiting | not started |
|              |      |      |     | S1a_ion  | -         | -          | -           | -       | -           |
| qTPC24-Mg1   | band | jzzn | -   | waiting  | waiting   | waiting    | not started | waiting | not started |
|              |      |      |     | S1a_ion  | -         | -          | -           | -       | -           |
+--------------+------+------+-----+----------+-----------+------------+-------------+---------+-------------+
Total: 5 | Done: 0 | Waiting: 0 | Actionable: 5

== elastic（弹性常数计算，3 个材料）==
+----------+---------+------+-----+--------+-----------------------+-------------+
| Material | tt      | hpc  | dim | S1_opt | S2_elastic            | S3_post     |
+==========+=========+======+=====+========+=======================+=============+
| qHPC20   | elastic | jzzn | 2D  | done   | running               | not started |
|          |         |      |     | -      | cu13 3587485 22:46:33 | -           |
| qTPC20-b | elastic | jzzn | 2D  | done   | running               | not started |
|          |         |      |     | -      | cu12 3587491 14:56:09 | -           |
| qTPC20-r | elastic | jzzn | 2D  | done   | done                  | completed   |
|          |         |      |     | -      | -                     | -           |
+----------+---------+------+-----+--------+-----------------------+-------------+
Total: 3 | Done: 1 | Waiting: 2 | Actionable: 0

[15:55:32] 配置变更但重载失败（错误：类型 band 在全局 tf.yaml 里没有对应定义（继承不到 steps）。
来源文件：/home/wangchao/Fullerene_Network/Mg2C60/band/project_setting/tf_Mg2C60_band.yaml
通常是该文件的类型名和全局 tf.yaml 不一致（如 bd 改名 band 后没同步）。
全局可用的类型名：（无）。修正命令：
  sed -i 's/^  band:/  band:/' /home/wangchao/Fullerene_Network/Mg2C60/band/project_setting/tf_Mg2C60_band.yaml），沿用旧配置继续监控。
auto C20/qHPC20[band|S1a_ion]: gen 失败。project_setting/skill_dir 里缺少 incar_2d.tpl，且未配置 gen_dir 兜底
auto C20/qTPC20-b[band|S1a_ion]: gen 失败。project_setting/skill_dir 里缺少 incar_2d.tpl，且未配置 gen_dir 兜底
auto C20/qTPC20-r[band|S1a_ion]: gen 失败。project_setting/skill_dir 里缺少 incar_2d.tpl，且未配置 gen_dir 兜底
auto Mg2C60[band|S1a_ion]: gen 失败。project_setting/skill_dir 里缺少 incar_2d.tpl，且未配置 gen_dir 兜底
auto qTPC24-Mg1[band|S1a_ion]: gen 失败。project_setting/skill_dir 里缺少 incar_2d.tpl，且未配置 gen_dir 兜底
[15:55:40] 无变化
auto C20/qHPC20[band|S1a_ion]: gen 失败。project_setting/skill_dir 里缺少 incar_2d.tpl，且未配置 gen_dir 兜底
auto C20/qTPC20-b[band|S1a_ion]: gen 失败。project_setting/skill_dir 里缺少 incar_2d.tpl，且未配置 gen_dir 兜底
auto C20/qTPC20-r[band|S1a_ion]: gen 失败。project_setting/skill_dir 里缺少 incar_2d.tpl，且未配置 gen_dir 兜底
auto Mg2C60[band|S1a_ion]: gen 失败。project_setting/skill_dir 里缺少 incar_2d.tpl，且未配置 gen_dir 兜底
auto qTPC24-Mg1[band|S1a_ion]: gen 失败。project_setting/skill_dir 里缺少 incar_2d.tpl，且未配置 gen_dir 兜底
[16:01:21] 无变化
auto C20/qHPC20[band|S1a_ion]: gen 失败。project_setting/skill_dir 里缺少 incar_2d.tpl，且未配置 gen_dir 兜底
auto C20/qTPC20-b[band|S1a_ion]: gen 失败。project_setting/skill_dir 里缺少 incar_2d.tpl，且未配置 gen_dir 兜底
auto C20/qTPC20-r[band|S1a_ion]: gen 失败。project_setting/skill_dir 里缺少 incar_2d.tpl，且未配置 gen_dir 兜底
auto Mg2C60[band|S1a_ion]: gen 失败。project_setting/skill_dir 里缺少 incar_2d.tpl，且未配置 gen_dir 兜底
auto qTPC24-Mg1[band|S1a_ion]: gen 失败。project_setting/skill_dir 里缺少 incar_2d.tpl，且未配置 gen_dir 兜底
[16:07:05] 无变化
auto C20/qHPC20[band|S1a_ion]: gen 失败。project_setting/skill_dir 里缺少 incar_2d.tpl，且未配置 gen_dir 兜底
auto C20/qTPC20-b[band|S1a_ion]: gen 失败。project_setting/skill_dir 里缺少 incar_2d.tpl，且未配置 gen_dir 兜底
auto C20/qTPC20-r[band|S1a_ion]: gen 失败。project_setting/skill_dir 里缺少 incar_2d.tpl，且未配置 gen_dir 兜底
auto Mg2C60[band|S1a_ion]: gen 失败。project_setting/skill_dir 里缺少 incar_2d.tpl，且未配置 gen_dir 兜底
auto qTPC24-Mg1[band|S1a_ion]: gen 失败。project_setting/skill_dir 里缺少 incar_2d.tpl，且未配置 gen_dir 兜底
[16:12:50] 无变化
auto C20/qHPC20[band|S1a_ion]: gen 失败。project_setting/skill_dir 里缺少 incar_2d.tpl，且未配置 gen_dir 兜底
auto C20/qTPC20-b[band|S1a_ion]: gen 失败。project_setting/skill_dir 里缺少 incar_2d.tpl，且未配置 gen_dir 兜底
auto C20/qTPC20-r[band|S1a_ion]: gen 失败。project_setting/skill_dir 里缺少 incar_2d.tpl，且未配置 gen_dir 兜底
auto Mg2C60[band|S1a_ion]: gen 失败。project_setting/skill_dir 里缺少 incar_2d.tpl，且未配置 gen_dir 兜底
auto qTPC24-Mg1[band|S1a_ion]: gen 失败。project_setting/skill_dir 里缺少 incar_2d.tpl，且未配置 gen_dir 兜底
[16:18:31] 无变化
auto C20/qHPC20[band|S1a_ion]: gen 失败。project_setting/skill_dir 里缺少 incar_2d.tpl，且未配置 gen_dir 兜底
auto C20/qTPC20-b[band|S1a_ion]: gen 失败。project_setting/skill_dir 里缺少 incar_2d.tpl，且未配置 gen_dir 兜底
auto C20/qTPC20-r[band|S1a_ion]: gen 失败。project_setting/skill_dir 里缺少 incar_2d.tpl，且未配置 gen_dir 兜底
auto Mg2C60[band|S1a_ion]: gen 失败。project_setting/skill_dir 里缺少 incar_2d.tpl，且未配置 gen_dir 兜底
auto qTPC24-Mg1[band|S1a_ion]: gen 失败。project_setting/skill_dir 里缺少 incar_2d.tpl，且未配置 gen_dir 兜底
[16:24:15] 无变化
auto C20/qHPC20[band|S1a_ion]: gen 失败。project_setting/skill_dir 里缺少 incar_2d.tpl，且未配置 gen_dir 兜底
auto C20/qTPC20-b[band|S1a_ion]: gen 失败。project_setting/skill_dir 里缺少 incar_2d.tpl，且未配置 gen_dir 兜底
auto C20/qTPC20-r[band|S1a_ion]: gen 失败。project_setting/skill_dir 里缺少 incar_2d.tpl，且未配置 gen_dir 兜底
auto Mg2C60[band|S1a_ion]: gen 失败。project_setting/skill_dir 里缺少 incar_2d.tpl，且未配置 gen_dir 兜底
auto qTPC24-Mg1[band|S1a_ion]: gen 失败。project_setting/skill_dir 里缺少 incar_2d.tpl，且未配置 gen_dir 兜底
[16:29:56] 无变化
auto C20/qHPC20[band|S1a_ion]: gen 失败。project_setting/skill_dir 里缺少 incar_2d.tpl，且未配置 gen_dir 兜底
auto C20/qTPC20-b[band|S1a_ion]: gen 失败。project_setting/skill_dir 里缺少 incar_2d.tpl，且未配置 gen_dir 兜底
auto C20/qTPC20-r[band|S1a_ion]: gen 失败。project_setting/skill_dir 里缺少 incar_2d.tpl，且未配置 gen_dir 兜底
auto Mg2C60[band|S1a_ion]: gen 失败。project_setting/skill_dir 里缺少 incar_2d.tpl，且未配置 gen_dir 兜底
auto qTPC24-Mg1[band|S1a_ion]: gen 失败。project_setting/skill_dir 里缺少 incar_2d.tpl，且未配置 gen_dir 兜底
[16:35:40] 无变化
auto C20/qHPC20[band|S1a_ion]: gen 失败。project_setting/skill_dir 里缺少 incar_2d.tpl，且未配置 gen_dir 兜底
auto C20/qTPC20-b[band|S1a_ion]: gen 失败。project_setting/skill_dir 里缺少 incar_2d.tpl，且未配置 gen_dir 兜底
auto C20/qTPC20-r[band|S1a_ion]: gen 失败。project_setting/skill_dir 里缺少 incar_2d.tpl，且未配置 gen_dir 兜底
auto Mg2C60[band|S1a_ion]: gen 失败。project_setting/skill_dir 里缺少 incar_2d.tpl，且未配置 gen_dir 兜底
auto qTPC24-Mg1[band|S1a_ion]: gen 失败。project_setting/skill_dir 里缺少 incar_2d.tpl，且未配置 gen_dir 兜底
[16:41:20] 无变化
auto C20/qHPC20[band|S1a_ion]: gen 失败。project_setting/skill_dir 里缺少 incar_2d.tpl，且未配置 gen_dir 兜底
auto C20/qTPC20-b[band|S1a_ion]: gen 失败。project_setting/skill_dir 里缺少 incar_2d.tpl，且未配置 gen_dir 兜底
auto C20/qTPC20-r[band|S1a_ion]: gen 失败。project_setting/skill_dir 里缺少 incar_2d.tpl，且未配置 gen_dir 兜底
auto Mg2C60[band|S1a_ion]: gen 失败。project_setting/skill_dir 里缺少 incar_2d.tpl，且未配置 gen_dir 兜底
auto qTPC24-Mg1[band|S1a_ion]: gen 失败。project_setting/skill_dir 里缺少 incar_2d.tpl，且未配置 gen_dir 兜底
[16:47:04] 无变化
auto C20/qHPC20[band|S1a_ion]: gen 失败。project_setting/skill_dir 里缺少 incar_2d.tpl，且未配置 gen_dir 兜底
auto C20/qTPC20-b[band|S1a_ion]: gen 失败。project_setting/skill_dir 里缺少 incar_2d.tpl，且未配置 gen_dir 兜底
auto C20/qTPC20-r[band|S1a_ion]: gen 失败。project_setting/skill_dir 里缺少 incar_2d.tpl，且未配置 gen_dir 兜底
auto Mg2C60[band|S1a_ion]: gen 失败。project_setting/skill_dir 里缺少 incar_2d.tpl，且未配置 gen_dir 兜底
auto qTPC24-Mg1[band|S1a_ion]: gen 失败。project_setting/skill_dir 里缺少 incar_2d.tpl，且未配置 gen_dir 兜底
[16:52:48] 无变化
auto C20/qHPC20[band|S1a_ion]: gen 失败。project_setting/skill_dir 里缺少 incar_2d.tpl，且未配置 gen_dir 兜底
auto C20/qTPC20-b[band|S1a_ion]: gen 失败。project_setting/skill_dir 里缺少 incar_2d.tpl，且未配置 gen_dir 兜底
auto C20/qTPC20-r[band|S1a_ion]: gen 失败。project_setting/skill_dir 里缺少 incar_2d.tpl，且未配置 gen_dir 兜底
auto Mg2C60[band|S1a_ion]: gen 失败。project_setting/skill_dir 里缺少 incar_2d.tpl，且未配置 gen_dir 兜底
auto qTPC24-Mg1[band|S1a_ion]: gen 失败。project_setting/skill_dir 里缺少 incar_2d.tpl，且未配置 gen_dir 兜底
[16:58:29] 无变化
auto C20/qHPC20[band|S1a_ion]: gen 失败。project_setting/skill_dir 里缺少 incar_2d.tpl，且未配置 gen_dir 兜底
auto C20/qTPC20-b[band|S1a_ion]: gen 失败。project_setting/skill_dir 里缺少 incar_2d.tpl，且未配置 gen_dir 兜底
auto C20/qTPC20-r[band|S1a_ion]: gen 失败。project_setting/skill_dir 里缺少 incar_2d.tpl，且未配置 gen_dir 兜底
auto Mg2C60[band|S1a_ion]: gen 失败。project_setting/skill_dir 里缺少 incar_2d.tpl，且未配置 gen_dir 兜底
auto qTPC24-Mg1[band|S1a_ion]: gen 失败。project_setting/skill_dir 里缺少 incar_2d.tpl，且未配置 gen_dir 兜底
== band（能带计算，5 个材料）==
+--------------+------+------+-----+----------+-----------+------------+-------------+---------+-------------+
| Material     | tt   | hpc  | dim | S1_relax | S2_static | S3_WAVECAR | S3.1_plot   | S4_HSE  | S4.1_plot   |
+==============+======+======+=====+==========+===========+============+=============+=========+=============+
| C20/qHPC20   | band | jzzn | -   | waiting  | waiting   | waiting    | not started | waiting | not started |
|              |      |      |     | S1a_ion  | -         | -          | -           | -       | -           |
| C20/qTPC20-b | band | jzzn | -   | waiting  | waiting   | waiting    | not started | waiting | not started |
|              |      |      |     | S1a_ion  | -         | -          | -           | -       | -           |
| C20/qTPC20-r | band | jzzn | -   | waiting  | waiting   | waiting    | not started | waiting | not started |
|              |      |      |     | S1a_ion  | -         | -          | -           | -       | -           |
| Mg2C60       | band | jzzn | -   | waiting  | waiting   | waiting    | not started | waiting | not started |
|              |      |      |     | S1a_ion  | -         | -          | -           | -       | -           |
| qTPC24-Mg1   | band | jzzn | -   | waiting  | waiting   | waiting    | not started | waiting | not started |
|              |      |      |     | S1a_ion  | -         | -          | -           | -       | -           |
+--------------+------+------+-----+----------+-----------+------------+-------------+---------+-------------+
Total: 5 | Done: 0 | Waiting: 0 | Actionable: 5

== elastic（弹性常数计算，3 个材料）==
+----------+---------+------+-----+--------+-----------------------+-------------+
| Material | tt      | hpc  | dim | S1_opt | S2_elastic            | S3_post     |
+==========+=========+======+=====+========+=======================+=============+
| qHPC20   | elastic | jzzn | 2D  | done   | error                 | not started |
|          |         |      |     | -      | -                     | -           |
| qTPC20-b | elastic | jzzn | 2D  | done   | running               | not started |
|          |         |      |     | -      | cu12 3587491 16:10:24 | -           |
| qTPC20-r | elastic | jzzn | 2D  | done   | done                  | completed   |
|          |         |      |     | -      | -                     | -           |
+----------+---------+------+-----+--------+-----------------------+-------------+
Total: 3 | Done: 1 | Waiting: 1 | Actionable: 1

FAILED / NEEDS ATTENTION:
  [elastic] qHPC20                 S2_elastic OUTCAR incomplete

auto C20/qHPC20[band|S1a_ion]: gen 失败。project_setting/skill_dir 里缺少 incar_2d.tpl，且未配置 gen_dir 兜底
auto C20/qTPC20-b[band|S1a_ion]: gen 失败。project_setting/skill_dir 里缺少 incar_2d.tpl，且未配置 gen_dir 兜底
auto C20/qTPC20-r[band|S1a_ion]: gen 失败。project_setting/skill_dir 里缺少 incar_2d.tpl，且未配置 gen_dir 兜底
auto Mg2C60[band|S1a_ion]: gen 失败。project_setting/skill_dir 里缺少 incar_2d.tpl，且未配置 gen_dir 兜底
auto qTPC24-Mg1[band|S1a_ion]: gen 失败。project_setting/skill_dir 里缺少 incar_2d.tpl，且未配置 gen_dir 兜底
[17:09:46] 无变化
[17:15:19] 配置变更但重载失败（错误：类型 band 在全局 tf.yaml 里没有对应定义（继承不到 steps）。
来源文件：/home/wangchao/Fullerene_Network/Mg2C60/band/project_setting/tf_Mg2C60_band.yaml
通常是该文件的类型名和全局 tf.yaml 不一致（如 bd 改名 band 后没同步）。
全局可用的类型名：（无）。修正命令：
  sed -i 's/^  band:/  band:/' /home/wangchao/Fullerene_Network/Mg2C60/band/project_setting/tf_Mg2C60_band.yaml），沿用旧配置继续监控。
auto C20/qHPC20[band|S1a_ion]: gen 失败。project_setting/skill_dir 里缺少 incar_2d.tpl，且未配置 gen_dir 兜底
auto C20/qTPC20-b[band|S1a_ion]: gen 失败。project_setting/skill_dir 里缺少 incar_2d.tpl，且未配置 gen_dir 兜底
auto C20/qTPC20-r[band|S1a_ion]: gen 失败。project_setting/skill_dir 里缺少 incar_2d.tpl，且未配置 gen_dir 兜底
auto Mg2C60[band|S1a_ion]: gen 失败。project_setting/skill_dir 里缺少 incar_2d.tpl，且未配置 gen_dir 兜底
auto qTPC24-Mg1[band|S1a_ion]: gen 失败。project_setting/skill_dir 里缺少 incar_2d.tpl，且未配置 gen_dir 兜底
[17:15:20] 无变化
auto C20/qHPC20[band|S1a_ion]: gen 失败。project_setting/skill_dir 里缺少 incar_2d.tpl，且未配置 gen_dir 兜底
auto C20/qTPC20-b[band|S1a_ion]: gen 失败。project_setting/skill_dir 里缺少 incar_2d.tpl，且未配置 gen_dir 兜底
auto C20/qTPC20-r[band|S1a_ion]: gen 失败。project_setting/skill_dir 里缺少 incar_2d.tpl，且未配置 gen_dir 兜底
auto Mg2C60[band|S1a_ion]: gen 失败。project_setting/skill_dir 里缺少 incar_2d.tpl，且未配置 gen_dir 兜底
auto qTPC24-Mg1[band|S1a_ion]: gen 失败。project_setting/skill_dir 里缺少 incar_2d.tpl，且未配置 gen_dir 兜底
[17:21:03] 无变化
auto C20/qHPC20[band|S1a_ion]: gen 失败。project_setting/skill_dir 里缺少 incar_2d.tpl，且未配置 gen_dir 兜底
auto C20/qTPC20-b[band|S1a_ion]: gen 失败。project_setting/skill_dir 里缺少 incar_2d.tpl，且未配置 gen_dir 兜底
auto C20/qTPC20-r[band|S1a_ion]: gen 失败。project_setting/skill_dir 里缺少 incar_2d.tpl，且未配置 gen_dir 兜底
auto Mg2C60[band|S1a_ion]: gen 失败。project_setting/skill_dir 里缺少 incar_2d.tpl，且未配置 gen_dir 兜底
auto qTPC24-Mg1[band|S1a_ion]: gen 失败。project_setting/skill_dir 里缺少 incar_2d.tpl，且未配置 gen_dir 兜底
[17:26:44] 无变化
auto C20/qHPC20[band|S1a_ion]: gen 失败。project_setting/skill_dir 里缺少 incar_2d.tpl，且未配置 gen_dir 兜底
auto C20/qTPC20-b[band|S1a_ion]: gen 失败。project_setting/skill_dir 里缺少 incar_2d.tpl，且未配置 gen_dir 兜底
auto C20/qTPC20-r[band|S1a_ion]: gen 失败。project_setting/skill_dir 里缺少 incar_2d.tpl，且未配置 gen_dir 兜底
auto Mg2C60[band|S1a_ion]: gen 失败。project_setting/skill_dir 里缺少 incar_2d.tpl，且未配置 gen_dir 兜底
auto qTPC24-Mg1[band|S1a_ion]: gen 失败。project_setting/skill_dir 里缺少 incar_2d.tpl，且未配置 gen_dir 兜底
[17:32:28] 无变化
auto C20/qHPC20[band|S1a_ion]: gen 失败。project_setting/skill_dir 里缺少 incar_2d.tpl，且未配置 gen_dir 兜底
auto C20/qTPC20-b[band|S1a_ion]: gen 失败。project_setting/skill_dir 里缺少 incar_2d.tpl，且未配置 gen_dir 兜底
auto C20/qTPC20-r[band|S1a_ion]: gen 失败。project_setting/skill_dir 里缺少 incar_2d.tpl，且未配置 gen_dir 兜底
auto Mg2C60[band|S1a_ion]: gen 失败。project_setting/skill_dir 里缺少 incar_2d.tpl，且未配置 gen_dir 兜底
auto qTPC24-Mg1[band|S1a_ion]: gen 失败。project_setting/skill_dir 里缺少 incar_2d.tpl，且未配置 gen_dir 兜底
[17:38:12] 无变化
auto C20/qHPC20[band|S1a_ion]: gen 失败。project_setting/skill_dir 里缺少 incar_2d.tpl，且未配置 gen_dir 兜底
auto C20/qTPC20-b[band|S1a_ion]: gen 失败。project_setting/skill_dir 里缺少 incar_2d.tpl，且未配置 gen_dir 兜底
auto C20/qTPC20-r[band|S1a_ion]: gen 失败。project_setting/skill_dir 里缺少 incar_2d.tpl，且未配置 gen_dir 兜底
auto Mg2C60[band|S1a_ion]: gen 失败。project_setting/skill_dir 里缺少 incar_2d.tpl，且未配置 gen_dir 兜底
auto qTPC24-Mg1[band|S1a_ion]: gen 失败。project_setting/skill_dir 里缺少 incar_2d.tpl，且未配置 gen_dir 兜底
[17:43:53] 无变化
auto C20/qHPC20[band|S1a_ion]: gen 失败。project_setting/skill_dir 里缺少 incar_2d.tpl，且未配置 gen_dir 兜底
auto C20/qTPC20-b[band|S1a_ion]: gen 失败。project_setting/skill_dir 里缺少 incar_2d.tpl，且未配置 gen_dir 兜底
auto C20/qTPC20-r[band|S1a_ion]: gen 失败。project_setting/skill_dir 里缺少 incar_2d.tpl，且未配置 gen_dir 兜底
auto Mg2C60[band|S1a_ion]: gen 失败。project_setting/skill_dir 里缺少 incar_2d.tpl，且未配置 gen_dir 兜底
auto qTPC24-Mg1[band|S1a_ion]: gen 失败。project_setting/skill_dir 里缺少 incar_2d.tpl，且未配置 gen_dir 兜底
[17:49:38] 无变化
auto C20/qHPC20[band|S1a_ion]: gen 失败。project_setting/skill_dir 里缺少 incar_2d.tpl，且未配置 gen_dir 兜底
auto C20/qTPC20-b[band|S1a_ion]: gen 失败。project_setting/skill_dir 里缺少 incar_2d.tpl，且未配置 gen_dir 兜底
auto C20/qTPC20-r[band|S1a_ion]: gen 失败。project_setting/skill_dir 里缺少 incar_2d.tpl，且未配置 gen_dir 兜底
auto Mg2C60[band|S1a_ion]: gen 失败。project_setting/skill_dir 里缺少 incar_2d.tpl，且未配置 gen_dir 兜底
auto qTPC24-Mg1[band|S1a_ion]: gen 失败。project_setting/skill_dir 里缺少 incar_2d.tpl，且未配置 gen_dir 兜底
[17:55:18] 无变化
auto C20/qHPC20[band|S1a_ion]: gen 失败。project_setting/skill_dir 里缺少 incar_2d.tpl，且未配置 gen_dir 兜底
auto C20/qTPC20-b[band|S1a_ion]: gen 失败。project_setting/skill_dir 里缺少 incar_2d.tpl，且未配置 gen_dir 兜底
auto C20/qTPC20-r[band|S1a_ion]: gen 失败。project_setting/skill_dir 里缺少 incar_2d.tpl，且未配置 gen_dir 兜底
auto Mg2C60[band|S1a_ion]: gen 失败。project_setting/skill_dir 里缺少 incar_2d.tpl，且未配置 gen_dir 兜底
auto qTPC24-Mg1[band|S1a_ion]: gen 失败。project_setting/skill_dir 里缺少 incar_2d.tpl，且未配置 gen_dir 兜底
[18:01:03] 无变化
auto C20/qHPC20[band|S1a_ion]: gen 失败。project_setting/skill_dir 里缺少 incar_2d.tpl，且未配置 gen_dir 兜底
auto C20/qTPC20-b[band|S1a_ion]: gen 失败。project_setting/skill_dir 里缺少 incar_2d.tpl，且未配置 gen_dir 兜底
auto C20/qTPC20-r[band|S1a_ion]: gen 失败。project_setting/skill_dir 里缺少 incar_2d.tpl，且未配置 gen_dir 兜底
auto Mg2C60[band|S1a_ion]: gen 失败。project_setting/skill_dir 里缺少 incar_2d.tpl，且未配置 gen_dir 兜底
auto qTPC24-Mg1[band|S1a_ion]: gen 失败。project_setting/skill_dir 里缺少 incar_2d.tpl，且未配置 gen_dir 兜底
[18:06:44] 无变化
auto C20/qHPC20[band|S1a_ion]: gen 失败。project_setting/skill_dir 里缺少 incar_2d.tpl，且未配置 gen_dir 兜底
auto C20/qTPC20-b[band|S1a_ion]: gen 失败。project_setting/skill_dir 里缺少 incar_2d.tpl，且未配置 gen_dir 兜底
auto C20/qTPC20-r[band|S1a_ion]: gen 失败。project_setting/skill_dir 里缺少 incar_2d.tpl，且未配置 gen_dir 兜底
auto Mg2C60[band|S1a_ion]: gen 失败。project_setting/skill_dir 里缺少 incar_2d.tpl，且未配置 gen_dir 兜底
auto qTPC24-Mg1[band|S1a_ion]: gen 失败。project_setting/skill_dir 里缺少 incar_2d.tpl，且未配置 gen_dir 兜底
[18:12:28] 无变化
auto C20/qHPC20[band|S1a_ion]: gen 失败。project_setting/skill_dir 里缺少 incar_2d.tpl，且未配置 gen_dir 兜底
auto C20/qTPC20-b[band|S1a_ion]: gen 失败。project_setting/skill_dir 里缺少 incar_2d.tpl，且未配置 gen_dir 兜底
auto C20/qTPC20-r[band|S1a_ion]: gen 失败。project_setting/skill_dir 里缺少 incar_2d.tpl，且未配置 gen_dir 兜底
auto Mg2C60[band|S1a_ion]: gen 失败。project_setting/skill_dir 里缺少 incar_2d.tpl，且未配置 gen_dir 兜底
auto qTPC24-Mg1[band|S1a_ion]: gen 失败。project_setting/skill_dir 里缺少 incar_2d.tpl，且未配置 gen_dir 兜底
[18:18:05] 无变化
auto C20/qHPC20[band|S1a_ion]: gen 失败。project_setting/skill_dir 里缺少 incar_2d.tpl，且未配置 gen_dir 兜底
auto C20/qTPC20-b[band|S1a_ion]: gen 失败。project_setting/skill_dir 里缺少 incar_2d.tpl，且未配置 gen_dir 兜底
auto C20/qTPC20-r[band|S1a_ion]: gen 失败。project_setting/skill_dir 里缺少 incar_2d.tpl，且未配置 gen_dir 兜底
auto Mg2C60[band|S1a_ion]: gen 失败。project_setting/skill_dir 里缺少 incar_2d.tpl，且未配置 gen_dir 兜底
auto qTPC24-Mg1[band|S1a_ion]: gen 失败。project_setting/skill_dir 里缺少 incar_2d.tpl，且未配置 gen_dir 兜底
[18:23:49] 无变化
